,E001,E002,E003,E004,E005,E006,E007,E008,E009,E010,E011,E012,E013,E014,E015,E016,E017,E018,E019,E020,E021,E022,E023,E024,E025,E026,E027,E028,E029,E030,E031,E032,E033,E034,E035,E036,E037,E038,E039,E040,E041,E042,E043,E044,E045,E046,E047,E048,E049,E050,E051,E052,E053,E054,E055,E056,E057,E058,E059,E060,E061,E062,E063,E064,E065,E066,E067,E068,E069,E070,E071,E072,E073,E074,E075,E076,E077,E078,E079,E080,E081,E082,E083,E084,E085,E086,E087,E088,E089,E090,E091,E092,E093,E094,E095,E096,E097,E098,E099,E100,E101,E102,E103,E104,E105,E106,E107,E108,E109,E110,E111,E112,E113,E114,E115,E116,E117,E118,E119,E120,E121,E122,E123,E124,E125,E126,E127,E128,E129,E130,E131,E132,E133,E134,E135,E136,E137,E138,E139,E140,E141,E142,E143,E144,E145,E146,E147,E148,E149,E150,E151,E152,E153,E154,E155,E156,E157,E158,E159,E160,E161,E162,E163,P001,P002,P003,P004,P005,P006,P007,P008,P009,P010,P011,P012,P013,P014,P015,P016,P017,P018,P019,P020,P021,P022,P023,P024,P025,P026,P027,P028,P029,P030,P031,P032,P033,P034,P035,P036,P037,P038,P039,P040,P041,P042,P043,P044,P045,P046,P047,P048,P049,P050,P051,P052,P053,P054,P055,P056,P057,P058,P059,P060,P061,P062,P063,P064,P065,P066,P067,P068,P069,P070,P071,P072,P073,P074,P075,P076,P077,P078,P079
E001,0.0,1.271,1.246,1.194,1.69,2.055,0.76,2.04,1.64,1.147,1.484,1.19,3.28,3.578,2.815,3.08,2.987,1.79,3.205,2.438,2.987,2.037,1.826,1.81,2.258,18.399,2.493,3.175,3.92,1.972,1.996,3.002,1.727,1.157,1.001,1.169,1.075,1.734,1.916,0.861,0.531,0.675,1.288,1.506,1.158,0.697,0.573,0.738,1.591,1.676,0.911,0.802,0.448,0.761,0.78,0.799,0.873,0.258,0.699,0.74,2.684,1.924,3.089,1.656,2.021,1.907,2.854,2.278,2.162,1.914,2.422,1.829,1.985,2.407,1.889,2.067,1.657,3.097,2.462,2.15,2.858,2.88,3.246,2.169,2.591,3.043,3.05,2.264,2.15,2.078,2.713,2.748,2.317,2.3,2.165,2.31,1.717,1.564,2.42,2.172,2.633,4.006,3.287,2.694,1.813,2.984,2.822,5.052,1.878,1.086,1.722,2.166,2.673,2.553,4.494,1.512,2.118,6.037,4.13,3.515,3.571,3.993,3.123,3.283,3.11,3.047,3.017,3.571,4.341,4.078,4.078,4.13,4.286,4.37,3.733,5.043,5.036,3.399,5.133,2.499,2.946,4.036,3.648,4.931,5.409,2.999,8.549,8.189,9.434,0.931,7.721,6.736,10.033,9.395,8.189,6.405,9.035,7.678,6.976,7.437,7.069,7.155,7.449,1.283,0.303,1.476,1.772,0.872,0.423,1.772,3.809,3.66,7.186,14.661,1.73,1.772,8.167,2.206,1.772,2.37,2.206,2.699,5.703,3.345,2.37,12.465,3.029,5.622,4.314,6.032,2.886,2.74,11.629,2.74,4.657,3.201,3.006,5.509,4.152,9.194,7.929,4.131,4.451,4.684,6.608,6.612,5.631,3.892,3.369,3.413,5.318,2.806,5.133,9.925,9.239,8.189,7.26,9.591,10.847,7.501,7.282,3.693,2.74,12.413,2.74,16.0,2.74,29.675,30.686,10.308,28.685,13.274,21.854,50.202,47.337,58.627,37.345,29.677,26.616,25.97,2.74,106.523
E002,1.195,0.0,0.737,0.412,0.631,1.546,0.435,0.834,0.681,0.758,0.975,0.291,2.771,3.069,2.306,2.571,2.479,1.281,2.696,1.929,2.479,1.528,1.177,1.301,1.749,17.89,1.984,2.667,3.411,1.463,1.487,2.493,1.218,1.137,1.579,2.682,1.653,1.923,1.592,1.927,1.931,1.788,0.946,0.675,1.47,1.765,1.89,1.368,0.945,1.03,1.218,1.304,2.014,1.702,1.683,1.663,1.646,0.937,0.497,1.722,1.346,0.718,1.884,1.147,1.258,1.399,1.649,1.072,0.884,1.151,1.784,1.066,0.78,1.769,0.683,1.304,1.148,1.891,1.256,0.944,1.652,1.542,1.908,0.831,1.253,1.705,1.712,0.926,0.944,0.74,1.507,1.41,2.389,2.372,0.827,2.382,1.979,1.449,1.081,0.834,2.705,4.195,3.476,2.883,2.002,3.056,3.011,5.403,3.11,1.664,2.954,3.398,2.862,3.785,5.726,2.817,2.93,5.528,4.005,3.866,3.922,3.978,3.473,3.634,3.461,3.397,3.368,3.922,4.216,3.953,3.953,4.005,4.578,4.245,4.084,4.918,4.528,2.89,4.625,1.99,2.437,3.527,3.139,4.422,4.9,2.49,8.04,7.68,8.926,1.243,7.212,6.227,9.524,8.886,7.68,5.896,8.526,7.169,6.85,7.311,6.944,7.03,7.324,0.895,0.892,1.827,3.005,1.278,0.809,3.005,3.301,3.151,6.677,14.152,1.222,3.005,7.659,1.444,3.005,1.732,1.444,1.493,4.497,2.255,1.732,11.956,1.823,4.417,3.108,4.826,1.548,1.907,11.121,1.907,3.451,1.996,1.668,5.698,4.341,9.384,6.723,5.364,5.684,5.917,6.482,6.487,5.506,3.383,2.861,2.904,4.809,2.297,4.625,9.416,8.73,7.68,6.752,9.082,10.338,6.992,7.157,3.184,1.907,11.207,1.907,14.795,1.907,29.55,30.561,10.498,28.874,13.463,21.345,49.693,46.828,58.119,36.139,28.471,25.41,25.461,1.907,106.014
E003,1.236,1.062,0.0,0.939,0.43,0.795,0.962,0.78,0.38,0.479,0.696,0.522,2.492,2.791,2.027,2.293,2.2,1.002,2.417,1.65,2.2,1.249,1.038,1.022,1.47,17.611,1.705,2.388,3.132,1.184,1.208,2.214,0.939,1.657,2.071,2.403,2.145,2.443,1.756,1.648,1.652,1.509,1.466,1.195,1.191,1.486,1.611,1.887,1.472,1.557,1.738,1.823,1.735,1.423,1.404,1.384,1.367,0.978,1.024,1.443,1.424,0.664,1.829,0.868,1.178,1.12,1.594,1.018,0.83,1.071,1.73,0.986,0.726,1.714,0.629,1.387,0.869,1.837,1.202,0.89,1.598,1.62,1.986,0.909,1.331,1.783,1.79,1.004,0.89,0.818,1.453,1.488,3.026,2.45,0.905,2.46,2.143,1.613,1.16,0.912,2.783,4.715,3.996,3.403,2.522,3.134,3.531,5.124,2.832,2.156,2.675,3.12,3.382,3.506,5.447,2.538,2.652,5.25,3.726,3.587,3.643,3.699,3.195,3.355,3.182,3.119,3.089,3.643,3.937,3.674,3.674,3.726,4.299,3.966,3.805,4.639,4.249,2.611,4.346,1.712,2.158,3.248,2.861,4.143,4.621,2.212,7.761,7.402,8.647,0.964,6.933,5.948,9.245,8.607,7.402,5.617,8.248,6.89,6.572,7.033,6.665,6.751,7.045,0.616,0.933,1.548,2.726,2.08,0.85,2.726,3.022,2.872,6.399,13.873,0.943,2.726,7.38,1.39,2.726,1.678,1.39,1.439,4.443,2.201,1.678,11.678,1.769,4.362,3.054,4.772,1.626,1.986,10.842,1.986,3.397,1.941,1.746,6.218,4.861,9.903,6.669,5.085,5.405,5.638,6.204,6.208,5.227,3.104,2.582,2.625,4.531,2.018,4.346,9.137,8.451,7.402,6.473,8.803,10.059,6.713,6.878,2.905,1.986,11.153,1.986,14.741,1.986,29.271,30.282,11.017,29.394,13.983,21.067,49.414,46.549,57.84,36.085,28.417,25.356,25.182,1.986,105.736
E004,1.278,0.317,0.82,0.0,0.915,0.577,0.517,1.118,0.965,0.84,1.058,0.374,2.854,3.152,2.389,2.654,2.561,1.364,2.779,2.011,2.561,1.611,1.46,1.384,1.831,17.972,2.067,2.749,3.493,1.545,1.569,2.576,1.3,0.726,1.517,1.685,1.591,1.511,1.112,1.378,1.162,1.255,0.534,0.263,1.552,1.277,1.153,0.956,1.027,1.112,0.807,0.892,1.245,1.341,1.36,1.379,1.453,1.02,0.579,1.321,1.63,1.002,2.167,1.23,1.542,1.481,1.932,1.356,1.167,1.435,2.068,1.349,1.063,2.052,0.967,1.587,1.23,2.175,1.54,1.228,1.936,1.825,2.192,1.114,1.537,1.989,1.996,1.209,1.228,1.023,1.791,1.694,2.094,2.078,1.111,2.087,1.495,0.969,1.365,0.562,2.41,3.784,3.064,2.471,1.59,2.761,2.599,5.486,2.716,1.603,2.238,2.683,2.451,3.07,5.01,2.029,2.634,5.611,4.087,3.948,4.004,4.061,3.556,3.716,3.543,3.48,3.451,4.004,4.299,4.036,4.036,4.087,4.66,4.328,4.167,5.0,4.61,2.973,4.707,2.073,2.52,3.609,3.222,4.505,4.983,2.573,8.123,7.763,9.008,1.326,7.295,6.31,9.606,8.968,7.763,5.979,8.609,7.252,6.933,7.394,7.026,7.112,7.406,0.977,0.975,1.909,2.289,1.149,0.891,2.289,3.383,3.233,6.76,14.234,1.304,2.289,7.741,1.728,2.289,2.016,1.728,1.777,4.781,2.539,2.016,12.039,2.107,4.7,3.392,5.109,1.831,2.191,11.203,2.191,3.735,2.279,1.952,5.286,3.93,8.972,7.006,4.648,4.968,5.201,6.565,6.569,5.588,3.466,2.943,2.987,4.892,2.38,4.707,9.499,8.813,7.763,6.834,9.165,10.421,7.075,7.239,3.267,2.191,11.491,2.191,15.078,2.191,29.632,30.643,10.086,28.462,13.052,21.428,49.776,46.91,58.201,36.423,28.755,25.694,25.543,2.191,106.097
E005,1.681,0.632,0.43,0.673,0.0,0.365,0.923,0.35,0.05,0.923,0.878,0.966,2.808,3.235,2.343,2.737,2.644,0.839,2.862,2.094,2.644,1.693,0.546,1.338,1.786,18.174,2.02,2.832,3.576,0.722,1.523,2.659,1.254,1.227,2.018,2.187,2.092,2.012,1.326,1.879,1.663,1.756,1.035,0.764,1.635,1.778,1.654,1.457,1.433,1.518,1.308,1.393,1.746,1.867,1.848,1.829,1.812,1.423,0.985,1.822,0.994,0.234,1.399,0.537,0.627,0.956,1.164,0.588,0.768,0.52,1.154,0.435,0.295,1.138,0.199,0.673,0.795,1.407,0.772,0.46,1.168,1.189,1.556,0.478,0.901,1.353,1.36,0.574,0.46,0.387,1.022,1.058,2.595,2.02,0.475,2.03,1.713,1.183,0.729,0.482,2.352,4.285,3.565,2.972,2.091,2.703,3.1,5.569,3.276,2.104,3.119,3.564,2.952,3.951,5.891,2.53,3.096,5.812,4.883,4.031,4.087,4.144,3.639,3.799,3.626,3.563,3.534,4.087,4.382,4.119,4.119,4.883,4.861,4.411,4.25,5.083,4.811,3.174,4.908,2.156,2.603,3.81,3.423,4.706,5.184,2.774,8.324,7.964,9.209,1.409,7.496,6.511,9.807,9.169,7.964,6.18,8.81,7.453,7.016,7.477,7.109,7.195,7.489,1.06,1.377,1.992,2.79,1.65,1.294,2.79,3.466,3.316,6.843,14.435,1.143,2.79,8.581,0.96,2.79,1.101,0.96,1.008,4.013,1.771,1.101,12.122,1.339,3.932,2.624,4.341,1.196,1.555,11.404,1.555,2.967,1.511,1.316,5.787,4.431,9.473,6.238,5.529,5.849,6.082,6.648,6.652,5.671,3.549,3.026,3.07,5.093,2.581,4.908,9.7,9.014,7.964,7.035,9.366,10.622,7.276,7.322,3.349,1.555,10.723,1.555,14.31,1.555,29.715,30.726,10.587,28.963,13.553,21.629,49.977,47.111,58.402,35.655,27.987,24.926,25.744,1.555,106.298
E006,2.045,0.941,0.795,0.335,0.364,0.0,1.771,0.567,0.415,1.288,1.243,1.331,3.172,3.599,2.707,3.101,3.009,1.203,3.226,2.459,3.009,2.058,0.91,1.702,2.15,18.538,2.385,3.197,3.941,1.086,1.888,3.023,1.619,0.889,1.68,1.849,1.754,1.674,0.988,1.541,1.325,1.418,0.697,0.426,1.736,1.44,1.316,1.119,2.281,2.366,0.97,1.055,1.408,1.504,1.523,1.542,1.616,1.787,1.833,1.484,1.08,0.452,1.617,0.901,0.991,1.321,1.382,0.806,0.617,0.885,1.518,0.799,0.513,1.502,0.417,1.037,1.159,1.625,0.99,0.678,1.386,1.275,1.641,0.564,0.987,1.438,1.446,0.659,0.678,0.473,1.24,1.144,2.257,2.241,0.56,2.251,1.375,0.845,0.815,0.437,2.573,3.946,3.227,2.634,1.753,2.924,2.762,5.933,2.879,1.766,2.401,2.846,2.614,3.232,5.173,2.192,2.797,6.176,5.247,4.396,4.452,4.508,4.003,4.164,3.991,3.928,3.898,4.452,4.746,4.483,4.483,5.247,5.226,4.775,4.614,5.448,5.176,3.538,5.273,2.521,2.967,4.175,3.788,5.07,5.548,3.139,8.688,8.329,9.574,1.773,7.86,6.875,10.172,9.534,8.329,6.544,9.175,7.817,7.38,7.841,7.473,7.559,7.854,1.425,1.742,2.357,2.452,1.312,1.659,2.452,3.83,3.681,7.207,14.8,1.507,2.452,8.799,1.178,2.452,1.465,1.178,1.226,4.231,1.989,1.465,12.486,1.557,4.15,2.841,4.559,1.281,1.641,11.769,1.641,3.184,1.729,1.401,5.449,4.093,9.135,6.456,4.811,5.131,5.364,7.012,7.016,6.036,3.913,3.391,3.434,5.458,2.945,5.273,10.064,9.378,8.329,7.4,9.73,10.986,7.64,7.686,3.714,1.641,10.941,1.641,14.528,1.641,30.08,31.091,10.249,28.625,13.215,21.993,50.341,47.476,58.767,35.873,28.205,25.144,26.109,1.641,106.662
E007,0.76,0.51,0.858,0.434,1.302,1.011,0.0,1.202,1.252,0.758,1.096,0.567,2.892,3.19,2.427,2.692,2.599,1.402,2.817,2.05,2.599,1.649,1.438,1.422,1.87,18.011,2.105,2.788,3.532,1.584,1.607,2.614,1.339,1.16,1.465,2.282,1.539,1.945,1.546,1.566,1.11,1.427,0.968,0.697,1.109,1.404,1.529,1.03,0.831,0.916,1.241,1.094,1.193,1.341,1.322,1.302,1.285,0.502,0.062,1.361,1.714,1.086,2.251,1.268,1.633,1.519,2.016,1.44,1.251,1.526,2.034,1.441,1.147,2.019,1.051,1.679,1.269,2.259,1.624,1.312,2.02,1.909,2.275,1.198,1.621,2.072,2.08,1.293,1.312,1.107,1.874,1.778,2.528,2.511,1.194,2.521,1.929,1.403,1.449,0.996,2.844,4.217,3.498,2.905,2.024,3.195,3.033,5.003,2.711,1.55,2.554,2.998,2.885,3.385,5.326,2.417,2.531,5.649,4.081,3.466,3.522,3.944,3.074,3.234,3.061,2.998,2.968,3.522,4.292,4.029,4.029,4.081,4.237,4.321,3.684,4.994,4.648,3.011,4.745,2.111,2.558,3.648,3.26,4.543,5.021,2.611,8.161,7.801,9.046,0.882,7.333,6.348,9.645,9.007,7.801,6.017,8.647,7.29,6.927,7.388,7.02,7.106,7.4,0.895,0.457,1.427,2.605,1.164,0.374,2.605,3.421,3.272,6.798,14.273,1.343,2.605,7.779,1.812,2.605,1.982,1.812,1.86,4.865,2.623,1.982,12.077,2.191,4.784,3.476,5.193,1.915,2.275,11.241,2.275,3.819,2.363,2.035,5.72,4.364,9.406,7.09,4.963,5.284,5.517,6.559,6.563,5.582,3.504,2.982,3.025,4.93,2.418,4.745,9.537,8.851,7.801,6.872,9.203,10.459,7.113,7.233,3.305,2.275,11.575,2.275,15.162,2.275,29.626,30.637,10.52,28.896,13.485,21.466,49.814,46.949,58.239,36.507,28.839,25.778,25.581,2.275,106.135
E008,2.03,0.834,0.779,0.875,0.349,0.567,1.126,0.0,0.4,1.272,1.228,1.315,3.264,3.809,2.799,3.311,3.218,1.294,3.436,2.668,3.218,2.043,0.895,1.794,2.241,18.629,2.476,3.406,4.15,1.177,1.979,3.233,1.71,1.429,2.221,2.389,2.295,2.215,1.528,2.081,1.866,1.958,1.238,0.967,1.984,1.981,1.856,1.66,1.636,1.721,1.51,1.595,1.949,2.045,2.063,2.083,2.161,1.772,1.188,2.024,1.197,0.206,1.371,0.886,0.19,1.412,1.136,0.56,0.05,0.297,1.272,0.383,0.267,1.256,0.151,0.258,1.144,1.379,0.744,0.432,1.14,1.384,1.758,0.681,1.103,1.555,1.562,0.776,0.432,0.59,0.995,1.261,2.798,2.222,0.677,2.232,1.915,1.385,0.932,0.684,2.555,4.487,3.768,3.175,2.294,2.906,3.303,5.918,3.42,2.306,2.942,3.386,3.154,3.773,5.714,2.732,3.445,6.268,5.339,4.38,4.436,4.493,3.988,4.149,3.975,3.912,3.883,4.436,4.731,4.468,4.468,5.339,5.317,4.76,4.599,5.432,5.267,3.63,5.364,2.505,2.952,4.266,3.879,5.162,5.64,3.23,8.78,8.42,9.665,1.758,7.952,6.967,10.263,9.625,8.42,6.636,9.266,7.909,7.365,7.826,7.458,7.544,7.838,1.409,1.726,2.341,2.993,1.852,1.643,2.993,4.04,3.89,7.417,14.891,1.599,2.993,8.553,0.932,2.993,1.22,0.932,0.981,3.985,1.743,1.22,12.696,1.311,3.904,2.596,4.314,1.398,1.758,11.86,1.758,2.939,1.483,1.518,5.99,4.633,10.197,6.21,5.351,5.671,5.904,6.997,7.001,6.02,3.898,3.375,3.419,5.549,3.037,5.364,10.156,9.47,8.42,7.491,9.822,11.078,7.732,7.671,3.699,1.758,10.695,1.758,14.282,1.758,30.064,31.075,10.789,29.166,13.755,22.085,50.433,47.567,58.858,35.627,27.959,24.898,26.2,1.758,106.754
E009,1.63,0.682,0.38,0.723,0.05,0.415,0.974,0.4,0.0,0.873,0.828,0.916,2.757,3.184,2.292,2.687,2.594,0.788,2.811,2.044,2.594,1.643,0.495,1.287,1.735,18.123,1.97,2.782,3.526,0.671,1.473,2.608,1.204,1.277,2.069,2.237,2.143,2.063,1.376,1.929,1.714,1.806,1.086,0.815,1.585,1.829,1.704,1.508,1.484,1.569,1.358,1.443,1.797,1.817,1.798,1.778,1.761,1.372,1.035,1.837,1.044,0.284,1.449,0.486,0.577,0.906,1.214,0.638,0.717,0.47,1.103,0.384,0.345,1.087,0.249,0.622,0.744,1.457,0.822,0.51,1.218,1.24,1.606,0.529,0.951,1.403,1.41,0.624,0.51,0.438,1.073,1.109,2.646,2.07,0.525,2.08,1.763,1.233,0.78,0.532,2.403,4.335,3.616,3.023,2.142,2.754,3.151,5.518,3.225,2.154,3.069,3.513,3.002,3.9,5.841,2.58,3.046,5.762,4.832,3.981,4.037,4.093,3.588,3.749,3.576,3.513,3.483,4.037,4.331,4.068,4.068,4.832,4.811,4.36,4.199,5.033,4.761,3.123,4.858,2.106,2.552,3.76,3.373,4.655,5.133,2.724,8.274,7.914,9.159,1.358,7.445,6.46,9.757,9.119,7.914,6.129,8.76,7.402,6.965,7.426,7.059,7.145,7.439,1.01,1.327,1.942,3.12,1.7,1.244,3.12,3.416,3.266,6.792,14.385,1.092,3.12,8.632,1.01,3.12,1.051,1.01,1.059,4.063,1.821,1.051,12.071,1.389,3.982,2.674,4.392,1.246,1.606,11.354,1.606,3.017,1.561,1.366,5.838,4.481,9.523,6.289,5.479,5.799,6.032,6.597,6.602,5.621,3.498,2.976,3.019,5.043,2.53,4.858,9.649,8.963,7.914,6.985,9.315,10.571,7.225,7.272,3.299,1.606,10.773,1.606,14.361,1.606,29.665,30.676,10.637,29.014,13.603,21.579,49.926,47.061,58.352,35.705,28.037,24.976,25.694,1.606,106.248
E010,1.22,0.879,0.442,0.802,0.886,1.251,0.826,1.236,0.836,0.0,0.68,0.385,2.476,2.774,2.011,2.276,2.183,0.986,2.401,1.633,2.183,1.233,1.022,1.006,1.454,17.595,1.689,2.371,3.116,1.167,1.191,2.198,0.922,2.113,2.054,2.387,2.128,2.899,2.212,1.631,1.635,1.492,1.921,1.651,1.174,1.47,1.594,1.791,1.336,1.421,2.194,2.279,1.719,1.406,1.387,1.368,1.351,0.962,0.887,1.427,1.88,1.12,2.285,0.852,1.217,1.103,2.05,1.474,1.358,1.11,1.618,1.025,1.181,1.603,1.085,1.263,0.853,2.293,1.658,1.346,2.054,2.076,2.442,1.365,1.787,2.239,2.246,1.46,1.346,1.274,1.909,1.944,3.482,2.906,1.361,2.916,2.599,2.069,1.615,1.368,3.239,5.171,4.452,3.858,2.978,3.59,3.987,5.108,2.815,2.14,2.659,3.103,3.838,3.49,5.431,2.522,2.635,5.233,3.709,3.57,3.626,3.683,3.178,3.339,3.165,3.102,3.073,3.626,3.921,3.658,3.658,3.709,4.282,3.95,3.789,4.622,4.232,2.595,4.329,1.695,2.142,3.232,2.844,4.127,4.605,2.195,7.745,7.385,8.63,0.948,6.917,5.932,9.228,8.59,7.385,5.601,8.231,6.874,6.555,7.016,6.648,6.734,7.028,0.137,0.917,1.532,2.709,1.926,0.833,2.709,3.005,2.856,6.382,13.857,0.926,2.709,7.363,1.402,2.709,1.566,1.402,1.895,4.899,2.541,1.566,11.661,2.225,4.818,3.51,5.228,2.082,2.442,10.825,2.442,3.853,2.397,2.202,6.673,5.317,10.359,7.125,5.068,5.388,5.621,6.187,6.191,5.21,3.088,2.565,2.609,4.514,2.002,4.329,9.121,8.435,7.385,6.456,8.787,10.043,6.697,6.861,2.889,2.442,11.609,2.442,15.196,2.442,29.254,30.265,11.473,29.85,14.439,21.05,49.398,46.532,57.823,36.541,28.873,25.812,25.165,2.442,105.719
E011,1.673,1.453,0.423,1.376,1.46,1.773,1.399,0.706,1.409,0.916,0.0,0.959,2.675,2.882,2.21,2.384,2.291,0.706,2.509,1.742,2.291,1.341,0.413,1.205,1.653,17.703,1.888,2.479,3.224,0.589,1.391,2.306,1.122,2.635,2.508,2.84,2.582,3.42,2.734,2.085,2.089,1.946,2.443,2.172,1.628,1.923,2.048,2.245,1.909,1.994,2.716,2.801,2.172,1.86,1.841,1.821,1.804,1.415,1.461,1.88,2.402,1.391,2.115,0.243,0.516,0.824,1.88,1.304,0.657,0.409,1.021,0.324,1.26,1.005,1.376,0.562,0.173,1.769,1.488,1.617,1.884,2.128,2.964,1.886,2.309,2.761,2.768,1.981,1.617,1.795,1.738,2.466,4.003,3.428,1.883,3.437,3.121,2.59,2.137,1.89,3.76,5.692,4.973,4.38,3.499,4.111,4.508,5.561,3.269,2.593,3.112,3.557,4.359,3.943,5.884,2.975,3.089,5.341,3.817,3.764,3.82,3.791,3.371,3.532,3.359,3.295,3.266,3.82,4.029,3.766,3.766,3.817,4.39,4.058,3.982,4.731,4.34,2.703,4.438,1.803,2.25,3.34,2.952,4.235,4.713,2.303,7.853,7.493,8.738,1.401,7.025,6.04,9.337,8.698,7.493,5.709,8.339,6.982,6.663,7.124,6.756,6.842,7.136,1.053,1.37,1.985,3.163,2.379,1.287,3.163,3.113,2.964,6.49,13.965,1.01,3.163,7.563,0.805,3.163,0.969,0.805,1.865,4.729,1.944,0.969,11.769,1.701,4.648,3.34,5.057,2.603,2.963,10.933,2.963,3.683,2.227,2.724,7.195,5.839,10.941,6.954,5.522,5.842,6.075,6.295,6.299,5.319,3.196,2.674,2.717,4.622,2.11,4.438,9.229,8.543,7.493,6.564,8.895,10.151,6.805,6.969,2.997,2.963,11.439,2.963,15.026,2.963,29.363,30.374,11.995,30.944,15.533,21.158,49.506,46.641,57.931,36.371,28.703,25.642,25.274,2.963,105.827
E012,1.224,0.494,0.446,0.417,0.89,1.255,0.44,1.24,0.84,0.466,0.683,0.0,2.48,2.778,2.015,2.28,2.187,0.99,2.405,1.637,2.187,1.236,1.026,1.01,1.458,17.598,1.692,2.375,3.119,1.171,1.195,2.202,0.926,1.143,2.058,2.39,2.132,1.929,2.216,1.635,1.639,1.496,0.951,0.68,1.178,1.474,1.598,1.373,0.95,1.035,1.224,1.309,1.722,1.41,1.391,1.372,1.355,0.966,0.502,1.43,1.884,1.124,2.289,0.856,1.221,1.107,2.054,1.478,1.361,1.114,1.622,1.028,1.185,1.606,1.089,1.267,0.856,2.297,1.662,1.35,2.058,2.079,2.446,1.368,1.791,2.243,2.25,1.464,1.35,1.277,1.913,1.948,2.511,2.495,1.365,2.505,1.912,2.073,1.619,1.372,2.827,4.201,3.482,2.888,2.007,3.179,3.017,5.112,2.819,2.144,2.662,3.107,2.868,3.494,5.434,2.526,2.639,5.237,3.713,3.574,3.63,3.687,3.182,3.342,3.169,3.106,3.077,3.63,3.925,3.662,3.662,3.713,4.286,3.954,3.793,4.626,4.236,2.599,4.333,1.699,2.146,3.235,2.848,4.13,4.609,2.199,7.749,7.389,8.634,0.952,6.921,5.936,9.232,8.594,7.389,5.605,8.235,6.878,6.559,7.02,6.652,6.738,7.032,0.603,0.92,1.535,2.713,1.284,0.837,2.713,3.009,2.859,6.386,13.86,0.93,2.713,7.367,1.406,2.713,1.57,1.406,1.899,4.903,2.545,1.57,11.665,2.229,4.822,3.514,5.231,2.086,2.445,10.829,2.445,3.857,2.401,2.206,5.703,4.347,9.389,7.128,5.072,5.392,5.625,6.191,6.195,5.214,3.092,2.569,2.613,4.518,2.005,4.333,9.125,8.439,7.389,6.46,8.79,10.046,6.7,6.865,2.893,2.445,11.613,2.445,15.2,2.445,29.258,30.269,10.503,28.88,13.469,21.054,49.402,46.536,57.827,36.545,28.877,25.816,25.169,2.445,105.723
E013,3.173,2.953,2.588,2.876,3.202,3.42,2.899,3.174,2.909,2.416,2.399,2.459,0.0,1.725,0.465,1.794,1.702,2.036,1.715,2.069,1.702,1.893,2.241,1.79,1.134,12.556,1.369,2.31,1.49,2.217,1.284,1.716,1.706,4.282,4.008,4.34,4.082,5.067,4.381,3.585,3.589,3.446,4.09,3.82,3.128,3.423,3.548,4.512,3.409,3.494,4.363,4.448,3.672,3.36,3.341,3.321,3.304,2.915,2.961,3.38,4.049,3.038,3.762,2.412,2.615,2.153,3.527,2.951,2.756,2.509,2.668,2.423,2.907,2.653,3.023,2.817,2.669,3.416,3.135,3.264,3.531,3.775,4.611,3.533,3.956,4.408,4.415,3.629,3.264,3.442,3.386,4.113,5.65,5.075,3.53,5.085,4.768,4.238,3.784,3.537,5.407,7.34,6.62,6.027,5.146,5.758,6.155,6.561,4.769,4.093,4.612,5.056,6.007,5.443,7.384,4.475,4.589,5.669,4.74,4.729,5.298,4.917,4.337,4.497,4.324,4.261,4.231,5.298,5.155,4.791,4.791,4.74,4.718,5.184,5.136,5.856,4.668,3.031,4.765,2.769,3.215,3.667,3.28,4.562,5.041,2.631,8.181,7.821,9.066,2.901,7.353,6.367,9.664,9.026,7.821,6.037,8.667,7.309,7.789,8.25,7.882,7.968,8.262,2.553,2.87,3.485,4.663,3.879,2.787,4.663,1.389,1.239,4.757,8.274,1.976,4.663,5.665,2.452,4.663,2.616,2.452,3.512,6.376,3.591,2.616,10.036,3.348,6.295,4.987,6.705,4.251,4.61,11.261,4.61,5.33,3.874,4.371,8.842,7.486,12.588,8.602,7.022,7.342,7.575,7.421,7.426,6.445,4.161,3.639,3.682,4.95,2.437,4.765,9.557,8.871,7.821,6.892,9.222,10.479,7.133,8.095,3.962,4.61,13.086,4.61,16.673,4.61,30.489,31.5,13.642,32.591,17.18,15.837,44.185,41.319,52.61,38.018,30.35,27.289,25.601,4.61,100.506
E014,3.254,3.033,2.596,2.957,3.04,3.75,2.979,3.504,2.99,2.496,2.48,2.539,1.963,0.0,2.529,0.498,0.591,2.366,0.335,1.21,0.591,1.639,2.571,2.12,1.972,17.292,2.207,0.668,1.412,2.547,1.71,0.576,2.036,4.612,4.088,4.42,4.162,5.397,4.711,3.665,3.669,3.526,4.42,4.149,3.208,3.504,3.628,3.825,3.49,3.575,4.693,3.889,3.752,3.44,3.421,3.402,3.385,2.996,3.041,3.461,4.379,3.368,4.092,2.741,2.945,2.483,3.857,3.281,3.086,2.838,2.998,2.753,3.237,2.982,3.353,3.147,2.652,3.746,3.465,3.594,3.861,4.105,4.941,3.863,4.286,4.738,4.745,3.958,3.594,3.772,3.716,4.443,5.98,5.405,3.86,5.415,5.098,4.567,4.114,3.867,5.737,7.67,6.95,6.357,5.476,6.088,6.485,5.822,4.849,4.174,4.692,5.137,6.337,5.524,7.465,4.556,4.058,4.93,4.001,3.99,4.559,4.178,3.598,3.759,3.586,3.522,3.493,4.559,4.417,4.053,4.053,4.001,3.979,4.446,4.397,5.118,3.929,2.292,4.027,2.03,2.477,2.929,2.542,3.824,4.302,1.893,7.442,7.082,8.328,2.982,6.614,5.629,8.926,8.288,7.082,5.298,7.928,6.571,7.051,7.512,7.144,7.23,7.524,2.633,2.95,3.565,4.183,3.96,2.867,4.183,1.301,1.152,4.678,8.196,2.306,4.183,7.882,2.782,4.183,2.946,2.782,3.842,6.706,3.921,2.946,9.957,3.678,6.625,5.317,7.035,4.58,4.94,10.523,4.94,5.66,4.204,4.701,9.172,7.816,12.918,8.931,7.102,7.422,6.941,6.683,6.687,5.706,3.423,2.901,2.944,4.212,1.74,4.027,8.818,8.132,7.082,6.154,8.484,9.74,6.394,7.357,3.224,4.94,13.416,4.94,17.003,4.94,29.75,30.761,13.972,32.921,17.51,20.747,49.095,46.23,57.521,38.348,30.68,27.619,24.863,4.94,105.416
E015,2.708,2.488,2.123,2.411,2.737,2.955,2.434,2.709,2.444,1.951,1.934,1.994,0.465,2.064,0.0,2.247,2.154,1.571,2.372,1.604,2.154,1.428,1.776,1.325,0.669,17.565,0.904,2.342,1.829,1.752,0.82,2.169,1.242,3.817,3.543,3.875,3.617,4.603,3.916,3.12,3.124,2.981,3.625,3.354,2.663,2.958,3.083,4.047,2.944,3.029,3.898,3.983,3.207,2.895,2.876,2.856,2.839,2.45,2.496,2.915,3.584,2.573,3.297,1.947,2.15,1.688,3.062,2.486,2.291,2.043,2.203,1.958,2.442,2.188,2.558,2.352,2.204,2.951,2.67,2.799,3.066,3.311,4.146,3.068,3.491,3.943,3.95,3.164,2.799,2.977,2.921,3.648,5.185,4.61,3.065,4.62,4.303,3.773,3.319,3.072,4.942,6.875,6.155,5.562,4.681,5.293,5.691,6.096,4.304,3.628,4.147,4.591,5.542,4.978,6.919,4.01,4.124,5.204,4.275,4.264,4.833,4.452,3.872,4.032,3.859,3.796,3.767,4.833,4.69,4.326,4.326,4.275,4.253,4.719,4.67,5.392,4.203,2.566,4.3,2.304,2.75,3.202,2.815,4.098,4.576,2.166,7.716,7.356,8.601,2.436,6.888,5.902,9.199,8.561,7.356,5.572,8.202,6.845,7.324,7.785,7.418,7.503,7.798,2.088,2.405,3.02,4.198,3.414,2.322,4.198,1.728,1.578,4.419,8.613,1.511,4.198,5.352,1.987,4.198,2.151,1.987,3.047,5.911,3.126,2.151,9.354,2.883,5.83,4.522,6.24,3.786,4.145,10.796,4.145,4.865,3.409,3.906,8.377,7.021,12.123,8.137,6.557,6.877,7.11,6.956,6.96,5.98,3.696,3.174,3.217,4.485,1.972,4.3,9.092,8.406,7.356,6.427,8.757,10.014,6.668,7.63,3.497,4.145,12.621,4.145,16.208,4.145,30.024,31.035,13.177,32.126,16.715,21.021,49.369,46.503,57.794,37.553,29.885,26.824,25.136,4.145,105.69
E016,2.977,2.756,2.319,2.68,2.763,3.473,2.703,3.227,2.713,2.22,2.203,2.263,1.743,0.498,2.253,0.0,0.093,2.089,0.322,0.933,0.093,1.362,2.295,1.843,1.695,17.015,1.93,0.448,1.192,2.271,1.433,0.078,1.76,4.335,3.812,4.144,3.885,5.12,4.434,3.388,3.393,3.249,4.143,3.873,2.931,3.227,3.352,3.548,3.213,3.298,4.416,3.612,3.476,3.163,3.144,3.125,3.108,2.719,2.764,3.184,4.102,3.091,3.815,2.465,2.668,2.206,3.58,3.004,2.809,2.562,2.721,2.476,2.96,2.706,3.077,2.87,2.376,3.469,3.188,3.317,3.584,3.829,4.664,3.586,4.009,4.461,4.468,3.682,3.317,3.495,3.439,4.166,5.703,5.128,3.583,5.138,4.821,4.291,3.837,3.59,5.46,7.393,6.674,6.08,5.199,5.812,6.209,5.545,4.572,3.897,4.416,4.86,6.06,5.247,7.188,4.279,3.781,4.654,3.724,3.714,4.283,3.902,3.321,3.482,3.309,3.245,3.216,4.283,4.14,3.776,3.776,3.724,3.703,4.169,4.12,4.841,3.653,2.015,3.75,1.753,2.2,2.652,2.265,3.547,4.025,1.616,7.165,6.806,8.051,2.705,6.337,5.352,8.649,8.011,6.806,5.021,7.652,6.294,6.774,7.235,6.867,6.953,7.247,2.356,2.674,3.288,3.906,3.683,2.59,3.906,1.082,0.932,4.459,7.976,2.029,3.906,7.605,2.505,3.906,2.669,2.505,3.565,6.429,3.644,2.669,9.738,3.401,6.348,5.04,6.758,4.304,4.663,10.246,4.663,5.383,3.927,4.424,8.895,7.539,12.641,8.655,6.825,7.145,6.664,6.406,6.41,5.429,3.146,2.624,2.667,3.935,1.463,3.75,8.541,7.855,6.806,5.877,8.207,9.463,6.117,7.08,2.947,4.663,13.139,4.663,16.726,4.663,29.473,30.484,13.695,32.644,17.233,20.471,48.818,45.953,57.244,38.071,30.403,27.342,24.586,4.663,105.14
E017,2.884,2.663,2.226,2.587,2.671,3.38,2.61,3.134,2.62,2.127,2.11,2.17,1.65,0.591,2.16,0.093,0.0,1.996,0.23,0.841,0.0,1.269,2.202,1.75,1.603,16.922,1.837,0.355,1.099,2.178,1.34,0.015,1.667,4.242,3.719,4.051,3.792,5.028,4.341,3.296,3.3,3.157,4.051,3.78,2.838,3.134,3.259,3.455,3.12,3.205,4.323,3.519,3.383,3.071,3.051,3.032,3.015,2.626,2.672,3.091,4.009,2.998,3.723,2.372,2.575,2.114,3.487,2.911,2.716,2.469,2.628,2.383,2.867,2.613,2.984,2.777,2.283,3.376,3.095,3.224,3.491,3.736,4.571,3.494,3.916,4.368,4.375,3.589,3.224,3.403,3.346,4.073,5.611,5.035,3.49,5.045,4.728,4.198,3.744,3.497,5.368,7.3,6.581,5.988,5.107,5.719,6.116,5.452,4.479,3.804,4.323,4.767,5.967,5.154,7.095,4.186,3.688,4.561,3.632,3.621,4.19,3.809,3.229,3.389,3.216,3.153,3.123,4.19,4.047,3.683,3.683,3.632,3.61,4.076,4.027,4.748,3.56,1.923,3.657,1.661,2.107,2.559,2.172,3.454,3.933,1.523,7.073,6.713,7.958,2.612,6.244,5.259,8.556,7.918,6.713,4.928,7.559,6.201,6.681,7.142,6.774,6.86,7.154,2.264,2.581,3.196,3.813,3.59,2.498,3.813,0.989,0.839,4.366,7.883,1.937,3.813,7.512,2.412,3.813,2.576,2.412,3.472,6.336,3.551,2.576,9.645,3.308,6.255,4.947,6.665,4.211,4.571,10.153,4.571,5.29,3.834,4.331,8.803,7.446,12.548,8.562,6.732,7.052,6.571,6.313,6.317,5.336,3.053,2.531,2.574,3.842,1.37,3.657,8.449,7.762,6.713,5.784,8.114,9.37,6.024,6.987,2.854,4.571,13.046,4.571,16.634,4.571,29.38,30.392,13.602,32.551,17.14,20.378,48.726,45.86,57.151,37.978,30.31,27.249,24.493,4.571,105.047
E018,1.868,1.716,0.618,1.571,1.232,1.45,1.594,1.204,1.282,1.111,0.783,1.154,2.035,2.58,1.57,2.082,1.989,0.0,2.207,1.439,1.989,1.263,0.271,0.565,1.012,17.401,1.247,2.177,2.921,0.247,0.75,2.004,0.481,2.312,3.103,3.035,3.177,3.097,2.411,2.28,2.748,2.141,2.12,1.849,1.823,2.119,2.243,2.542,2.104,2.189,2.393,2.478,2.831,2.055,2.036,2.017,1.999,1.61,1.656,2.075,2.079,1.068,1.792,0.441,0.645,0.118,1.557,0.981,0.786,0.538,0.698,0.453,0.937,0.682,1.053,0.847,0.699,1.446,1.165,1.294,1.561,1.805,2.641,1.563,1.986,2.438,2.445,1.658,1.294,1.472,1.415,2.143,3.68,3.105,1.56,3.114,2.798,2.267,1.814,1.567,3.437,5.369,4.65,4.057,3.176,3.788,4.185,5.756,3.464,3.189,3.307,3.752,4.037,4.138,6.079,3.171,3.284,5.039,4.11,3.812,4.668,4.287,3.42,3.58,3.407,3.344,3.314,4.668,4.525,4.161,4.161,4.11,4.088,4.554,4.506,5.227,4.038,2.401,4.135,1.852,2.298,3.037,2.65,3.933,4.411,2.001,7.551,7.191,8.436,1.597,6.723,5.738,9.034,8.396,7.191,5.407,8.037,6.68,7.159,7.62,7.253,7.339,7.633,1.248,1.565,2.18,3.358,2.735,1.482,3.358,2.811,2.662,6.188,13.662,0.37,3.358,6.922,0.482,3.358,0.646,0.482,1.542,4.406,1.621,0.646,11.467,1.378,4.325,3.017,4.734,2.28,2.64,10.631,2.64,3.36,1.904,2.401,6.872,5.516,10.618,6.631,5.717,6.037,6.27,6.791,6.796,5.815,3.244,2.722,2.765,4.32,1.808,4.135,8.927,8.241,7.191,6.262,8.592,9.849,6.503,7.466,3.045,2.64,11.116,2.64,14.703,2.64,29.859,30.87,11.672,30.621,15.21,20.856,49.204,46.338,57.629,36.048,28.38,25.319,24.971,2.64,105.525
E019,3.102,2.881,2.444,2.804,2.888,3.598,2.827,3.352,2.838,2.344,2.328,2.387,1.868,0.335,2.377,0.322,0.23,2.213,0.0,1.058,0.23,1.487,2.419,1.968,1.82,17.14,2.055,0.573,1.317,2.395,1.558,0.244,1.884,4.46,3.936,4.268,4.01,5.245,4.559,3.513,3.517,3.374,4.268,3.997,3.056,3.352,3.476,3.673,3.337,3.422,4.541,3.737,3.6,3.288,3.269,3.25,3.233,2.844,2.889,3.308,4.227,3.216,3.94,2.59,2.793,2.331,3.705,3.129,2.934,2.686,2.846,2.601,3.085,2.83,3.201,2.994,2.501,3.594,3.313,3.442,3.709,3.953,4.789,3.711,4.134,4.586,4.593,3.807,3.442,3.62,3.563,4.291,5.828,5.253,3.708,5.262,4.946,4.415,3.962,3.715,5.585,7.517,6.798,6.205,5.324,5.936,6.333,5.67,4.697,4.022,4.54,4.985,6.185,5.372,7.313,4.404,3.906,4.778,3.849,3.838,4.407,4.026,3.446,3.607,3.433,3.37,3.341,4.407,4.264,3.901,3.901,3.849,3.828,4.294,4.245,4.966,3.777,2.14,3.875,1.878,2.325,2.777,2.389,3.672,4.15,1.74,7.29,6.93,8.175,2.83,6.462,5.477,8.774,8.136,6.93,5.146,7.776,6.419,6.899,7.36,6.992,7.078,7.372,2.481,2.798,3.413,4.031,3.808,2.715,4.031,1.207,1.057,4.583,8.101,2.154,4.031,7.73,2.63,4.031,2.794,2.63,3.69,6.554,3.769,2.794,9.862,3.526,6.473,5.165,6.882,4.428,4.788,10.37,4.788,5.508,4.052,4.549,9.02,7.664,12.766,8.779,6.95,7.27,6.788,6.531,6.535,5.554,3.271,2.748,2.792,4.059,1.588,3.875,8.666,7.98,6.93,6.002,8.332,9.588,6.242,7.205,3.072,4.788,13.264,4.788,16.851,4.788,29.598,30.609,13.82,32.769,17.358,20.595,48.943,46.078,57.369,38.196,30.528,27.467,24.711,4.788,105.264
E020,2.504,2.283,1.846,2.207,2.29,3.0,2.229,2.754,2.24,1.746,1.73,1.789,2.033,1.14,1.78,0.643,0.55,1.616,0.767,0.0,0.55,0.889,1.821,1.37,1.222,16.542,1.457,0.738,1.482,1.797,0.96,0.564,1.286,3.862,3.338,3.671,3.412,4.647,3.961,2.915,2.919,2.776,3.67,3.4,2.458,2.754,2.878,3.075,2.74,2.825,3.943,3.139,3.002,2.69,2.671,2.652,2.635,2.246,2.291,2.711,3.629,2.618,3.342,1.992,2.195,1.733,3.107,2.531,2.336,2.088,2.248,2.003,2.487,2.232,2.603,2.397,1.903,2.996,2.715,2.844,3.111,3.355,4.191,3.113,3.536,3.988,3.995,3.209,2.844,3.022,2.966,3.693,5.23,4.655,3.11,4.665,4.348,3.817,3.364,3.117,4.987,6.92,6.2,5.607,4.726,5.338,5.735,5.072,4.099,3.424,3.942,4.387,5.587,4.774,6.715,3.806,3.308,4.18,3.251,3.24,3.81,3.429,2.848,3.009,2.836,2.772,2.743,3.81,3.667,3.303,3.303,3.251,3.23,3.696,3.647,4.368,3.18,1.542,3.277,1.28,1.727,2.179,1.792,3.074,3.552,1.143,6.692,6.332,7.578,2.232,5.864,4.879,8.176,7.538,6.332,4.548,7.178,5.821,6.301,6.762,6.394,6.48,6.774,1.883,2.2,2.815,3.433,3.21,2.117,3.433,1.372,1.222,4.748,8.266,1.556,3.433,7.132,2.032,3.433,2.196,2.032,3.092,5.956,3.171,2.196,10.027,2.928,5.875,4.567,6.285,3.831,4.19,9.773,4.19,4.91,3.454,3.951,8.422,7.066,12.168,8.181,6.352,6.672,6.191,5.933,5.937,4.956,2.673,2.151,2.194,3.462,0.99,3.277,8.068,7.382,6.332,5.404,7.734,8.99,5.644,6.607,2.474,4.19,12.666,4.19,16.253,4.19,29.0,30.011,13.222,32.171,16.76,19.997,48.345,45.48,56.771,37.598,29.93,26.869,24.113,4.19,104.666
E021,2.884,2.663,2.226,2.587,2.671,3.38,2.61,3.134,2.62,2.127,2.11,2.17,1.65,0.591,2.16,0.093,0.0,1.996,0.23,0.841,0.0,1.269,2.202,1.75,1.603,16.922,1.837,0.355,1.099,2.178,1.34,0.015,1.667,4.242,3.719,4.051,3.792,5.028,4.341,3.296,3.3,3.157,4.051,3.78,2.838,3.134,3.259,3.455,3.12,3.205,4.323,3.519,3.383,3.071,3.051,3.032,3.015,2.626,2.672,3.091,4.009,2.998,3.723,2.372,2.575,2.114,3.487,2.911,2.716,2.469,2.628,2.383,2.867,2.613,2.984,2.777,2.283,3.376,3.095,3.224,3.491,3.736,4.571,3.494,3.916,4.368,4.375,3.589,3.224,3.403,3.346,4.073,5.611,5.035,3.49,5.045,4.728,4.198,3.744,3.497,5.368,7.3,6.581,5.988,5.107,5.719,6.116,5.452,4.479,3.804,4.323,4.767,5.967,5.154,7.095,4.186,3.688,4.561,3.632,3.621,4.19,3.809,3.229,3.389,3.216,3.153,3.123,4.19,4.047,3.683,3.683,3.632,3.61,4.076,4.027,4.748,3.56,1.923,3.657,1.661,2.107,2.559,2.172,3.454,3.933,1.523,7.073,6.713,7.958,2.612,6.244,5.259,8.556,7.918,6.713,4.928,7.559,6.201,6.681,7.142,6.774,6.86,7.154,2.264,2.581,3.196,3.813,3.59,2.498,3.813,0.989,0.839,4.366,7.883,1.937,3.813,7.512,2.412,3.813,2.576,2.412,3.472,6.336,3.551,2.576,9.645,3.308,6.255,4.947,6.665,4.211,4.571,10.153,4.571,5.29,3.834,4.331,8.803,7.446,12.548,8.562,6.732,7.052,6.571,6.313,6.317,5.336,3.053,2.531,2.574,3.842,1.37,3.657,8.449,7.762,6.713,5.784,8.114,9.37,6.024,6.987,2.854,4.571,13.046,4.571,16.634,4.571,29.38,30.392,13.602,32.551,17.14,20.378,48.726,45.86,57.151,37.978,30.31,27.249,24.493,4.571,105.047
E022,2.283,2.062,1.854,1.986,2.467,2.686,2.009,2.44,2.019,1.525,1.509,1.568,1.93,1.541,1.465,1.043,0.951,1.301,1.168,0.401,0.951,0.0,1.507,1.056,0.908,16.362,1.143,1.139,1.883,1.483,0.646,0.965,0.972,3.548,3.117,3.45,3.191,4.333,3.647,2.694,2.699,2.555,3.356,3.085,2.237,2.533,2.657,3.778,2.519,2.603,3.629,3.714,2.781,2.469,2.45,2.431,2.414,2.025,2.07,2.49,3.315,2.303,3.028,1.677,1.881,1.419,2.793,2.217,2.022,1.774,1.934,1.689,2.173,1.918,2.289,2.082,1.935,2.682,2.401,2.529,2.796,3.041,3.877,2.799,3.222,3.674,3.681,2.894,2.529,2.708,2.651,3.379,4.916,4.34,2.795,4.35,4.034,3.503,3.05,2.803,4.673,6.605,5.886,5.293,4.412,5.024,5.421,4.892,3.878,3.203,3.721,4.166,5.272,4.553,6.494,3.585,3.128,4.0,3.071,3.061,3.63,3.248,2.668,2.829,2.656,2.592,2.563,3.63,3.487,3.123,3.123,3.071,3.05,3.516,3.467,4.188,3.0,1.362,3.097,1.1,1.547,1.999,1.611,2.894,3.372,0.963,6.512,6.152,7.398,2.011,5.684,4.699,7.996,7.358,6.152,4.368,6.998,5.641,6.121,6.582,6.214,6.3,6.594,1.662,1.98,2.594,3.253,2.989,1.896,3.253,1.773,1.623,5.149,12.624,1.242,3.253,6.818,1.718,3.253,1.882,1.718,2.778,5.641,2.857,1.882,10.428,2.614,5.561,4.253,5.97,3.516,3.876,9.593,3.876,4.596,3.14,3.636,8.108,6.752,11.854,7.867,6.131,6.451,6.011,5.753,5.757,4.776,2.493,1.97,2.014,3.281,0.769,3.097,7.888,7.202,6.152,5.224,7.554,8.81,5.464,6.427,2.294,3.876,12.352,3.876,15.939,3.876,28.82,29.831,12.908,31.857,16.446,19.817,48.165,45.3,56.591,37.284,29.616,26.555,23.933,3.876,104.486
E023,1.597,1.626,0.347,1.3,1.141,1.36,1.323,0.564,1.192,0.84,0.512,0.883,2.262,2.807,1.797,2.309,2.217,0.293,2.434,1.667,2.217,1.503,0.0,0.792,1.24,17.628,1.475,2.405,3.149,0.176,0.978,2.231,0.709,2.222,2.432,2.764,2.506,3.007,2.321,2.009,2.013,1.87,2.03,1.759,1.552,1.847,1.972,2.452,1.833,1.918,2.303,2.388,2.096,1.784,1.765,1.745,1.728,1.339,1.385,1.804,1.989,0.978,1.702,0.17,0.374,0.411,1.467,0.891,0.515,0.267,0.608,0.182,0.847,0.592,0.963,0.42,0.428,1.356,1.075,1.204,1.471,1.715,2.55,1.473,1.896,2.348,2.355,1.568,1.204,1.382,1.325,2.053,3.59,3.014,1.47,3.024,2.708,2.177,1.724,1.476,3.347,5.279,4.56,3.967,3.086,3.698,4.095,5.485,3.192,2.517,3.036,3.48,3.946,3.867,5.808,2.899,3.013,5.266,4.337,3.948,4.896,4.514,3.555,3.716,3.543,3.479,3.45,4.896,4.753,4.389,4.389,4.337,4.316,4.782,4.733,5.454,4.266,2.628,4.363,1.966,2.412,3.265,2.878,4.16,4.638,2.228,7.778,7.418,8.664,1.325,6.95,5.965,9.262,8.624,7.418,5.634,8.264,6.907,7.387,7.848,7.48,7.566,7.86,0.977,1.294,1.909,3.087,2.644,1.21,3.087,3.039,2.889,6.415,13.89,0.597,3.087,7.15,0.392,3.087,0.556,0.392,1.452,4.316,1.531,0.556,11.694,1.288,4.235,2.927,4.644,2.19,2.55,10.859,2.55,3.27,1.814,2.31,6.782,5.426,10.528,6.541,5.446,5.766,5.999,7.019,7.023,6.042,3.358,2.836,2.879,4.548,2.035,4.363,9.154,8.468,7.418,6.49,8.82,10.076,6.73,7.693,3.159,2.55,11.026,2.55,14.613,2.55,30.086,31.097,11.582,30.531,15.12,21.083,49.431,46.566,57.857,35.958,28.29,25.229,25.199,2.55,105.752
E024,1.71,1.49,1.126,1.413,1.739,1.957,1.436,1.712,1.447,0.953,0.937,0.996,1.782,2.328,1.317,1.83,1.737,0.573,1.954,1.187,1.737,1.011,0.779,0.0,0.76,17.148,0.995,1.925,2.669,0.755,0.498,1.751,0.083,2.819,2.545,2.877,2.619,3.605,2.918,2.122,2.126,1.983,2.628,2.357,1.665,1.961,2.085,3.049,1.946,2.031,2.9,2.985,2.209,1.897,1.878,1.859,1.842,1.453,1.498,1.917,2.586,1.575,2.3,0.949,1.153,0.691,2.064,1.488,1.293,1.046,1.206,0.96,1.444,1.19,1.561,1.354,1.207,1.953,1.672,1.801,2.068,2.313,3.148,2.071,2.493,2.945,2.952,2.166,1.801,1.98,1.923,2.651,4.188,3.612,2.067,3.622,3.305,2.775,2.321,2.074,3.945,5.877,5.158,4.565,3.684,4.296,4.693,5.391,3.306,2.631,3.149,3.594,4.544,3.981,5.921,3.013,3.126,4.787,3.857,3.559,4.416,4.035,3.167,3.328,3.155,3.091,3.062,4.416,4.273,3.909,3.909,3.857,3.836,4.302,4.253,4.974,3.786,2.148,3.883,1.599,2.046,2.785,2.398,3.68,4.158,1.749,7.298,6.939,8.184,1.439,6.47,5.485,8.782,8.144,6.939,5.154,7.785,6.427,6.907,7.368,7.0,7.086,7.38,1.09,1.407,2.022,3.2,2.417,1.324,3.2,2.559,2.409,5.936,13.41,0.514,3.2,6.67,0.989,3.2,1.153,0.989,2.049,4.913,2.129,1.153,11.215,1.885,4.832,3.524,5.242,2.788,3.148,10.379,3.148,3.867,2.412,2.908,7.38,6.023,11.125,7.139,5.559,5.879,6.112,6.539,6.543,5.562,2.992,2.47,2.513,4.068,1.555,3.883,8.675,7.988,6.939,6.01,8.34,9.596,6.25,7.213,2.793,3.148,11.623,3.148,15.211,3.148,29.606,30.617,12.179,31.128,15.718,20.604,48.952,46.086,57.377,36.555,28.887,25.826,24.719,3.148,105.273
E025,2.151,1.931,1.566,1.854,2.179,2.398,1.877,2.152,1.887,1.394,1.377,1.437,1.134,2.188,0.669,1.69,1.597,1.014,1.815,1.047,1.597,0.871,1.219,0.768,0.0,17.008,0.235,1.785,2.529,1.195,0.262,1.611,0.684,3.26,2.986,3.318,3.059,4.045,3.359,2.563,2.567,2.424,3.068,2.797,2.106,2.401,2.526,3.49,2.387,2.472,3.341,3.426,2.65,2.338,2.319,2.299,2.282,1.893,1.939,2.358,3.027,2.016,2.74,1.389,1.593,1.131,2.505,1.929,1.734,1.486,1.646,1.401,1.885,1.63,2.001,1.794,1.647,2.394,2.113,2.242,2.509,2.753,3.589,2.511,2.934,3.386,3.393,2.606,2.242,2.42,2.364,3.091,4.628,4.053,2.508,4.062,3.746,3.215,2.762,2.515,4.385,6.317,5.598,5.005,4.124,4.736,5.133,5.538,3.746,3.071,3.59,4.034,4.985,4.421,6.362,3.453,3.567,4.647,3.718,3.707,4.276,3.895,3.315,3.475,3.302,3.239,3.209,4.276,4.133,3.769,3.769,3.718,3.696,4.162,4.113,4.834,3.646,2.009,3.743,1.747,2.193,2.645,2.258,3.54,4.019,1.609,7.159,6.799,8.044,1.879,6.33,5.345,8.642,8.004,6.799,5.014,7.645,6.287,6.767,7.228,6.86,6.946,7.24,1.531,1.848,2.463,3.641,2.857,1.764,3.641,2.419,2.269,5.796,13.27,0.954,3.641,6.022,1.43,3.641,1.594,1.43,2.49,5.354,2.569,1.594,10.024,2.326,5.273,3.965,5.682,3.228,3.588,10.239,3.588,4.308,2.852,3.349,7.82,6.464,11.566,7.579,6.0,6.319,6.553,6.399,6.403,5.422,3.139,2.617,2.66,3.928,1.415,3.743,8.535,7.848,6.799,5.87,8.2,9.456,6.11,7.073,2.94,3.588,12.064,3.588,15.651,3.588,29.466,30.478,12.62,31.569,16.158,20.464,48.812,45.946,57.237,36.996,29.328,26.267,24.579,3.588,105.133
E026,18.811,18.591,18.154,18.514,18.598,19.308,18.537,19.062,18.548,18.054,18.038,18.097,13.012,12.621,11.534,12.69,12.598,17.923,12.611,16.982,12.598,17.197,18.129,17.678,17.53,0.0,17.765,17.72,12.197,18.105,17.268,12.612,17.594,20.17,19.646,19.702,19.72,20.955,20.269,19.223,19.227,19.084,19.978,19.707,18.766,19.062,19.186,19.383,19.047,19.132,20.251,20.336,19.31,18.998,18.979,18.96,18.943,18.553,18.599,19.018,19.937,18.926,19.65,18.299,18.503,18.041,19.415,18.839,18.644,18.396,18.556,18.311,18.795,18.54,18.911,18.704,18.21,19.304,19.023,19.152,19.419,19.663,20.499,19.421,19.844,20.296,20.303,19.516,19.152,19.33,19.273,20.001,21.538,20.962,19.418,20.972,20.656,20.125,19.672,19.425,21.295,22.75,22.031,21.438,21.034,21.646,21.566,20.737,20.13,19.833,19.974,20.418,21.417,20.805,22.535,19.837,18.972,17.55,16.621,17.613,17.179,16.798,17.627,17.54,17.64,17.703,17.733,17.179,17.036,16.672,16.672,16.621,16.599,17.065,17.017,17.738,16.549,15.717,16.646,16.3,16.404,14.86,15.355,16.444,16.922,15.923,20.062,19.702,20.947,18.54,19.234,18.249,21.545,20.907,19.702,17.918,20.548,19.191,19.671,20.131,19.764,19.85,20.144,18.191,18.508,19.123,19.098,19.517,18.425,19.098,12.321,12.171,7.459,4.649,17.864,19.098,12.299,18.34,19.098,18.504,18.34,19.4,22.264,12.596,18.504,6.398,19.236,22.183,20.875,22.592,20.138,20.498,23.142,20.498,21.218,19.762,20.259,24.253,22.896,28.476,24.489,22.383,22.088,21.855,19.302,19.307,18.326,17.356,16.828,16.871,16.831,16.34,16.646,21.438,20.752,19.702,18.773,21.104,22.36,19.014,19.977,17.442,20.498,28.974,20.498,32.561,20.498,42.37,43.381,29.052,47.429,32.018,10.222,38.57,35.704,46.995,41.3,37.21,37.914,37.482,20.498,94.891
E027,2.386,2.166,1.801,2.089,2.414,2.633,2.112,2.387,2.122,1.629,1.612,1.672,1.369,2.422,0.904,1.925,1.832,1.248,2.049,1.282,1.832,1.106,1.454,1.003,0.235,17.243,0.0,2.02,2.764,1.43,0.497,1.847,0.919,3.495,3.221,3.553,3.295,4.28,3.594,2.798,2.802,2.659,3.303,3.032,2.341,2.636,2.761,3.725,2.622,2.707,3.576,3.661,2.885,2.572,2.554,2.534,2.517,2.128,2.174,2.593,3.262,2.251,2.975,1.624,1.828,1.366,2.74,2.164,1.969,1.721,1.881,1.636,2.12,1.865,2.236,2.03,1.882,2.629,2.348,2.477,2.744,2.988,3.824,2.746,3.169,3.621,3.628,2.841,2.477,2.655,2.598,3.326,4.863,4.287,2.743,4.297,3.981,3.45,2.997,2.75,4.62,6.552,5.833,5.24,4.359,4.971,5.368,5.773,3.981,3.306,3.825,4.269,5.22,4.656,6.597,3.688,3.801,4.882,3.953,3.942,4.511,4.13,3.55,3.71,3.537,3.474,3.444,4.511,4.368,4.004,4.004,3.953,3.931,4.397,4.348,5.069,3.881,2.243,3.978,1.982,2.428,2.88,2.493,3.775,4.253,1.844,7.394,7.034,8.279,2.114,6.565,5.58,8.877,8.239,7.034,5.249,7.88,6.522,7.002,7.463,7.095,7.181,7.475,1.766,2.083,2.698,3.876,3.092,2.0,3.876,2.654,2.504,6.031,13.505,1.189,3.876,6.257,1.665,3.876,1.829,1.665,2.725,5.589,2.804,1.829,10.258,2.561,5.508,4.2,5.917,3.463,3.823,10.474,3.823,4.543,3.087,3.583,8.055,6.699,11.801,7.814,6.234,6.554,6.788,6.634,6.638,5.657,3.374,2.852,2.895,4.163,1.65,3.978,8.77,8.083,7.034,6.105,8.435,9.691,6.345,7.308,3.175,3.823,12.299,3.823,15.886,3.823,29.701,30.712,12.855,31.804,16.393,20.699,49.047,46.181,57.472,37.231,29.563,26.502,24.814,3.823,105.368
E028,3.682,3.461,3.024,3.385,3.468,4.178,3.407,3.932,3.418,2.924,2.908,2.967,1.295,0.97,1.634,1.039,0.947,2.794,0.96,1.638,0.947,2.067,2.999,2.548,2.4,11.81,2.635,0.0,0.744,2.975,2.138,0.961,2.464,5.04,4.516,4.848,4.59,5.825,5.139,4.093,4.097,3.954,4.848,4.577,3.636,3.932,4.056,4.253,3.918,4.003,5.121,4.317,4.18,3.868,3.849,3.83,3.813,3.424,3.469,3.889,4.807,3.796,4.52,3.17,3.373,2.911,4.285,3.709,3.514,3.266,3.426,3.181,3.665,3.41,3.781,3.575,3.08,4.174,3.893,4.022,4.289,4.533,5.369,4.291,4.714,5.166,5.173,4.386,4.022,4.2,4.144,4.871,6.408,5.833,4.288,5.842,5.526,4.995,4.542,4.295,6.165,8.098,7.378,6.785,5.904,6.516,6.913,6.25,5.277,4.602,5.12,5.565,6.765,5.952,7.893,4.984,4.486,5.358,4.429,4.418,4.987,4.606,4.026,4.187,4.014,3.95,3.921,4.987,4.845,4.481,4.481,4.429,4.407,4.874,4.825,5.546,4.357,2.72,4.455,2.458,2.905,3.357,2.97,4.252,4.73,2.32,7.87,7.51,8.756,3.41,7.042,6.057,9.354,8.716,7.51,5.726,8.356,6.999,7.479,7.94,7.572,7.658,7.952,3.061,3.378,3.993,4.611,4.388,3.295,4.611,0.634,0.484,4.011,7.528,2.734,4.611,6.835,3.21,4.611,3.374,3.21,4.27,7.134,4.349,3.374,9.29,4.106,7.053,5.745,7.462,5.008,5.368,10.951,5.368,6.088,4.632,5.129,9.6,8.244,13.346,9.36,7.53,7.85,7.368,7.111,7.115,6.134,3.851,3.329,3.372,4.639,2.168,4.455,9.246,8.56,7.51,6.582,8.912,10.168,6.822,7.785,3.652,5.368,13.844,5.368,17.431,5.368,30.178,31.189,14.4,33.349,17.938,15.091,43.439,40.574,51.864,38.776,31.108,28.047,25.291,5.368,99.76
E029,3.836,3.616,3.178,3.539,3.623,4.332,3.562,4.087,3.572,3.079,3.062,3.122,1.515,1.125,1.854,1.194,1.101,2.948,1.115,1.793,1.101,2.221,3.154,2.702,2.555,11.766,2.79,1.71,0.0,3.13,2.292,1.116,2.619,5.194,4.671,5.003,4.745,5.98,5.293,4.248,4.252,4.109,5.003,4.732,3.791,4.086,4.211,4.408,4.072,4.157,5.275,4.472,4.335,4.023,4.004,3.984,3.967,3.578,3.624,4.043,4.962,3.95,4.675,3.324,3.528,3.066,4.44,3.863,3.668,3.421,3.581,3.336,3.819,3.565,3.936,3.729,3.235,4.328,4.047,4.176,4.443,4.688,5.523,4.446,4.868,5.32,5.327,4.541,4.176,4.355,4.298,5.026,6.563,5.987,4.442,5.997,5.68,5.15,4.697,4.449,6.32,8.252,7.533,6.94,6.059,6.671,7.068,6.405,5.431,4.756,5.275,5.719,6.919,6.106,8.047,5.138,4.64,5.513,4.584,4.573,5.142,4.761,4.181,4.341,4.168,4.105,4.075,5.142,4.999,4.635,4.635,4.584,4.562,5.028,4.979,5.7,4.512,2.875,4.609,2.613,3.059,3.511,3.124,4.407,4.885,2.475,8.025,7.665,8.91,3.564,7.197,6.212,9.508,8.87,7.665,5.881,8.511,7.154,7.633,8.094,7.726,7.812,8.106,3.216,3.533,4.148,4.766,4.542,3.45,4.766,0.824,0.675,3.967,7.484,2.889,4.766,8.371,3.364,4.766,3.528,3.364,4.424,7.288,4.504,3.528,9.246,4.261,7.208,5.899,7.617,5.163,5.523,11.105,5.523,6.242,4.787,5.283,9.755,8.398,13.5,9.514,7.685,8.005,7.523,7.265,7.269,6.289,4.005,3.483,3.526,4.794,2.322,4.609,9.401,8.715,7.665,6.736,9.066,10.322,6.976,7.939,3.806,5.523,13.998,5.523,17.586,5.523,30.333,31.344,14.554,33.503,18.093,15.047,43.395,40.53,51.821,38.93,31.262,28.201,25.445,5.523,99.716
E030,1.9,1.609,0.51,1.603,1.124,1.342,1.626,1.096,1.174,1.143,0.675,1.186,2.086,2.631,1.621,2.133,2.041,0.117,2.258,1.491,2.041,1.315,0.164,0.616,1.064,17.452,1.299,2.229,2.973,0.0,0.802,2.055,0.533,2.204,2.735,3.067,2.809,2.99,2.303,2.312,2.316,2.173,2.012,1.742,1.855,2.15,2.275,2.434,2.136,2.221,2.285,2.37,2.399,2.087,2.068,2.048,2.031,1.642,1.688,2.107,1.971,0.96,1.684,0.334,0.537,0.234,1.449,0.873,0.678,0.43,0.59,0.345,0.829,0.575,0.946,0.739,0.591,1.338,1.057,1.186,1.453,1.697,2.533,1.455,1.878,2.33,2.337,1.551,1.186,1.364,1.308,2.035,3.572,2.997,1.452,3.007,2.69,2.16,1.706,1.459,3.329,5.262,4.543,3.949,3.068,3.68,4.077,5.788,3.495,2.82,3.339,3.783,3.929,4.17,6.111,3.202,3.316,5.09,4.161,3.863,4.72,4.338,3.471,3.632,3.458,3.395,3.366,4.72,4.577,4.213,4.213,4.161,4.14,4.606,4.557,5.278,4.09,2.452,4.187,1.903,2.35,3.089,2.701,3.984,4.462,2.053,7.602,7.242,8.488,1.628,6.774,5.789,9.086,8.448,7.242,5.458,8.088,6.731,7.211,7.672,7.304,7.39,7.684,1.28,1.597,2.212,3.39,2.627,1.514,3.39,2.863,2.713,6.239,13.714,0.421,3.39,6.973,0.374,3.39,0.538,0.374,1.434,4.298,1.513,0.538,11.518,1.27,4.217,2.909,4.627,2.173,2.532,10.683,2.532,3.252,1.796,2.293,6.764,5.408,10.51,6.524,5.748,6.069,6.302,6.843,6.847,5.866,3.296,2.773,2.817,4.372,1.859,4.187,8.978,8.292,7.242,6.314,8.644,9.9,6.554,7.517,3.097,2.532,11.008,2.532,14.595,2.532,29.91,30.921,11.564,30.513,15.102,20.907,49.255,46.39,57.681,35.94,28.272,25.211,25.023,2.532,105.576
E031,1.889,1.668,1.304,1.592,1.917,2.135,1.615,1.89,1.625,1.131,1.115,1.174,1.284,1.925,0.82,1.427,1.335,0.751,1.552,0.785,1.335,0.609,0.957,0.505,0.262,16.746,0.497,1.523,2.267,0.933,0.0,1.349,0.422,2.998,2.723,3.055,2.797,3.783,3.096,2.3,2.304,2.161,2.806,2.535,1.843,2.139,2.263,3.228,2.125,2.21,3.079,3.163,2.388,2.075,2.056,2.037,2.02,1.631,1.677,2.096,2.765,1.753,2.478,1.127,1.331,0.869,2.243,1.667,1.472,1.224,1.384,1.139,1.623,1.368,1.739,1.532,1.385,2.131,1.851,1.979,2.246,2.491,3.326,2.249,2.671,3.123,3.131,2.344,1.979,2.158,2.101,2.829,4.366,3.79,2.245,3.8,3.483,2.953,2.5,2.252,4.123,6.055,5.336,4.743,3.862,4.474,4.871,5.276,3.484,2.809,3.328,3.772,4.722,4.159,6.1,3.191,3.304,4.384,3.455,3.445,4.013,3.632,3.052,3.213,3.04,2.976,2.947,4.013,3.871,3.507,3.507,3.455,3.433,3.9,3.851,4.572,3.384,1.746,3.481,1.484,1.931,2.383,1.996,3.278,3.756,1.347,6.896,6.536,7.782,1.617,6.068,5.083,8.38,7.742,6.536,4.752,7.382,6.025,6.505,6.966,6.598,6.684,6.978,1.268,1.586,2.2,3.378,2.595,1.502,3.378,2.157,2.007,5.533,13.008,0.692,3.378,6.172,1.167,3.378,1.331,1.167,2.228,5.091,2.307,1.331,10.812,2.064,5.011,3.702,5.42,2.966,3.326,9.977,3.326,4.045,2.59,3.086,7.558,6.202,11.303,7.317,5.737,6.057,6.29,6.137,6.141,5.16,2.877,2.354,2.398,3.666,1.153,3.481,8.272,7.586,6.536,5.607,7.938,9.194,5.848,6.811,2.678,3.326,11.802,3.326,15.389,3.326,29.204,30.215,12.357,31.307,15.896,20.201,48.549,45.684,56.975,36.733,29.066,26.004,24.317,3.326,104.87
E032,2.898,2.678,2.241,2.601,2.685,3.395,2.624,3.149,2.635,2.141,2.125,2.184,1.665,0.576,2.174,0.078,0.015,2.01,0.244,0.855,0.015,1.284,2.216,1.765,1.617,16.937,1.852,0.37,1.114,2.192,1.355,0.0,1.681,4.257,3.733,4.065,3.807,5.042,4.356,3.31,3.314,3.171,4.065,3.794,2.853,3.149,3.273,3.47,3.135,3.219,4.338,3.534,3.397,3.085,3.066,3.047,3.03,2.641,2.686,3.106,4.024,3.013,3.737,2.386,2.59,2.128,3.502,2.926,2.731,2.483,2.643,2.398,2.882,2.627,2.998,2.792,2.297,3.391,3.11,3.239,3.506,3.75,4.586,3.508,3.931,4.383,4.39,3.603,3.239,3.417,3.361,4.088,5.625,5.05,3.505,5.059,4.743,4.212,3.759,3.512,5.382,7.314,6.595,6.002,5.121,5.733,6.13,5.467,4.494,3.819,4.337,4.782,5.982,5.169,7.11,4.201,3.703,4.575,3.646,3.635,4.205,3.823,3.243,3.404,3.231,3.167,3.138,4.205,4.061,3.698,3.698,3.646,3.624,4.091,4.042,4.763,3.575,1.937,3.672,1.675,2.122,2.574,2.186,3.469,3.947,1.537,7.087,6.727,7.973,2.627,6.259,5.274,8.571,7.933,6.727,4.943,7.573,6.216,6.696,7.157,6.789,6.875,7.169,2.278,2.595,3.21,3.828,3.605,2.512,3.828,1.004,0.854,4.38,7.898,1.951,3.828,7.527,2.427,3.828,2.591,2.427,3.487,6.351,3.566,2.591,9.659,3.323,6.27,4.962,6.679,4.226,4.585,10.168,4.585,5.305,3.849,4.346,8.817,7.461,12.563,8.576,6.747,7.067,6.585,6.328,6.332,5.351,3.068,2.546,2.589,3.856,1.385,3.672,8.463,7.777,6.727,5.798,8.129,9.385,6.039,7.002,2.869,4.585,13.061,4.585,16.648,4.585,29.395,30.406,13.617,32.566,17.155,20.392,48.74,45.875,57.166,37.993,30.325,27.264,24.508,4.585,105.061
E033,1.627,1.407,1.042,1.33,1.655,1.874,1.353,1.628,1.363,0.87,0.853,0.913,1.699,2.244,1.234,1.746,1.653,0.489,1.871,1.104,1.653,0.927,0.695,0.083,0.677,17.065,0.912,1.841,2.586,0.671,0.414,1.668,0.0,2.736,2.462,2.794,2.536,3.521,2.835,2.039,2.043,1.9,2.544,2.273,1.582,1.877,2.002,2.966,1.863,1.948,2.817,2.902,2.126,1.814,1.795,1.775,1.758,1.369,1.415,1.834,2.503,1.492,2.216,0.866,1.069,0.607,1.981,1.405,1.21,0.962,1.122,0.877,1.361,1.107,1.477,1.271,1.123,1.87,1.589,1.718,1.985,2.229,3.065,1.987,2.41,2.862,2.869,2.083,1.718,1.896,1.84,2.567,4.104,3.529,1.984,3.538,3.222,2.692,2.238,1.991,3.861,5.793,5.074,4.481,3.6,4.212,4.609,5.308,3.223,2.547,3.066,3.51,4.461,3.897,5.838,2.929,3.042,4.703,3.774,3.476,4.332,3.951,3.084,3.244,3.071,3.008,2.978,4.332,4.189,3.826,3.826,3.774,3.752,4.218,4.17,4.891,3.702,2.065,3.799,1.516,1.962,2.702,2.314,3.597,4.075,1.665,7.215,6.855,8.1,1.355,6.387,5.402,8.698,8.06,6.855,5.071,7.701,6.344,6.824,7.285,6.917,7.003,7.297,1.007,1.324,1.939,3.117,2.333,1.241,3.117,2.475,2.326,5.852,13.327,0.43,3.117,6.586,0.906,3.117,1.07,0.906,1.966,4.83,2.045,1.07,11.131,1.802,4.749,3.441,5.158,2.704,3.064,10.295,3.064,3.784,2.328,2.825,7.296,5.94,11.042,7.055,5.476,5.796,6.029,6.456,6.46,5.479,2.909,2.386,2.429,3.984,1.472,3.799,8.591,7.905,6.855,5.926,8.257,9.513,6.167,7.13,2.709,3.064,11.54,3.064,15.127,3.064,29.523,30.534,12.096,31.045,15.634,20.52,48.868,46.002,57.293,36.472,28.804,25.743,24.636,3.064,105.189
E034,1.081,1.708,1.657,0.959,1.226,0.889,1.675,1.429,1.277,2.15,2.105,2.193,4.034,4.461,3.569,3.963,3.871,2.065,4.088,3.321,3.871,2.92,1.772,2.564,3.012,19.4,3.247,4.059,4.803,1.948,2.75,3.885,2.481,0.0,0.905,1.073,0.979,0.899,1.081,0.765,0.55,0.642,0.244,0.463,0.961,0.665,0.54,0.344,2.506,2.591,0.194,0.28,0.633,0.729,0.748,0.767,0.841,1.467,1.614,0.708,1.942,1.314,2.479,1.763,1.853,2.183,2.244,1.668,1.479,1.747,2.38,1.661,1.375,2.364,1.279,1.899,2.021,2.487,1.852,1.54,2.248,2.137,2.503,1.426,1.849,2.3,2.308,1.521,1.54,1.335,2.102,1.886,1.482,1.465,1.422,1.475,0.882,0.729,1.677,0.874,1.798,3.171,2.452,1.859,0.978,2.149,1.987,5.055,2.104,0.99,1.626,2.07,1.838,2.457,4.398,1.416,2.022,5.468,4.132,3.517,3.573,3.996,3.125,3.285,3.112,3.049,3.019,3.573,4.344,4.081,4.081,4.132,4.288,4.373,3.736,5.045,4.467,4.4,6.135,3.382,3.829,5.037,4.65,5.932,6.41,4.001,7.98,7.62,8.865,1.187,7.152,6.167,9.463,8.825,7.62,5.836,8.466,7.109,6.978,7.439,7.071,7.157,7.451,2.287,1.421,2.391,1.677,0.536,1.338,1.677,4.692,4.543,8.069,15.662,2.369,1.677,9.661,2.04,1.677,2.327,2.04,2.088,5.093,2.851,2.327,13.348,2.419,5.012,3.704,5.421,2.143,1.905,11.06,1.905,4.046,2.591,2.047,4.674,3.317,8.36,7.318,4.035,4.355,4.588,6.61,6.614,5.633,4.775,4.253,4.296,6.32,3.807,6.135,9.356,8.67,7.62,6.691,9.021,10.278,6.932,7.284,4.576,1.905,11.803,1.905,15.39,1.905,29.677,30.688,9.473,27.85,12.439,22.855,51.203,48.338,59.629,36.735,29.067,26.006,25.4,1.905,107.525
E035,1.001,2.106,2.081,2.029,2.094,1.756,1.595,2.297,2.144,1.981,2.318,2.024,4.115,4.413,3.65,3.915,3.822,2.624,4.04,3.272,3.822,2.872,2.64,2.645,3.092,19.801,3.327,4.01,4.754,2.816,2.83,3.837,2.561,0.981,0.0,0.561,0.467,1.558,1.74,0.501,0.469,0.562,1.111,1.33,0.88,0.585,0.46,0.561,2.426,2.511,0.735,0.625,0.552,0.648,0.667,0.686,0.76,1.386,1.533,0.628,2.809,2.181,3.346,2.491,2.721,2.742,3.111,2.535,2.347,2.614,3.247,2.529,2.243,3.232,2.146,2.767,2.491,3.354,2.719,2.407,3.115,3.005,3.371,2.293,2.716,3.168,3.175,2.389,2.407,2.203,2.97,2.545,2.14,2.124,2.29,2.134,1.541,1.387,2.544,1.741,2.457,3.817,3.098,2.505,1.636,2.808,2.633,4.543,1.27,0.478,1.114,1.558,2.485,1.945,3.886,0.904,1.51,4.956,3.62,3.005,3.061,3.484,2.613,2.773,2.6,2.537,2.508,3.061,3.832,3.569,3.569,3.62,3.776,3.861,3.224,4.533,3.955,4.234,5.378,3.531,3.978,5.438,4.483,5.176,5.654,3.834,7.468,7.108,8.353,1.107,6.64,5.655,8.951,8.313,7.108,5.324,7.954,6.597,6.466,6.927,6.559,6.645,6.939,2.118,1.341,2.394,1.165,0.696,1.258,1.165,4.644,4.495,8.021,16.063,2.565,1.165,9.002,2.907,1.165,3.195,2.907,2.956,5.96,3.718,3.195,13.3,3.286,5.88,4.571,6.289,3.011,2.563,10.548,2.563,4.914,3.459,2.705,5.32,3.964,9.006,8.186,3.523,3.844,4.077,6.098,6.102,5.121,4.151,4.402,4.445,5.563,3.64,5.378,8.844,8.158,7.108,6.179,8.51,9.766,6.42,6.772,4.237,2.563,12.67,2.563,16.258,2.563,29.165,30.177,10.12,28.496,13.085,23.257,51.605,48.739,60.03,37.602,29.934,26.873,24.888,2.563,107.926
E036,1.169,2.274,2.397,2.197,2.262,1.925,1.763,2.465,2.313,2.297,2.635,2.34,4.431,4.729,3.966,4.231,4.138,2.941,4.356,3.589,4.138,3.188,2.808,2.961,3.409,19.24,3.644,4.327,5.071,3.123,3.146,4.153,2.878,1.149,0.561,0.0,0.624,1.341,1.908,0.669,0.637,0.73,1.28,1.498,1.048,0.753,0.628,0.729,2.594,2.679,0.903,0.793,0.721,0.816,0.835,0.855,0.929,1.554,1.701,0.796,2.852,2.349,3.515,2.807,2.889,3.058,3.28,2.703,2.515,2.782,3.416,2.697,2.411,3.4,2.314,2.935,2.808,3.522,2.887,2.575,3.283,3.173,3.414,2.462,2.884,3.25,3.257,2.557,2.575,2.371,3.138,2.451,2.047,2.03,2.458,2.04,1.84,1.556,2.713,1.909,2.363,3.256,2.537,1.944,1.543,2.714,2.072,3.982,0.709,0.131,0.553,0.997,1.923,1.384,3.325,0.343,0.949,4.395,3.059,2.444,2.5,2.923,2.052,2.212,2.039,1.976,1.946,2.5,3.271,3.008,3.008,3.059,3.215,3.3,2.663,3.972,3.394,3.874,4.817,2.97,3.417,4.877,4.59,4.614,5.093,3.47,6.907,6.547,7.792,1.275,6.079,5.094,8.39,7.752,6.547,4.763,7.393,6.036,5.905,6.366,5.998,6.084,6.378,2.434,1.509,1.833,0.603,0.864,1.426,0.603,4.96,4.811,8.337,15.502,2.881,0.603,9.318,3.075,0.603,3.363,3.075,3.124,6.128,3.886,3.363,13.616,3.455,6.048,4.739,6.457,3.054,2.47,9.987,2.47,5.082,3.627,2.612,4.759,3.403,8.445,8.354,2.962,3.282,3.515,5.537,5.541,4.56,3.59,3.841,3.884,5.002,3.957,4.817,8.283,7.597,6.547,5.618,7.949,9.205,5.859,6.211,3.676,2.47,12.838,2.47,16.426,2.47,28.604,29.615,9.559,27.935,12.524,22.696,51.044,48.178,59.469,37.77,30.102,27.041,24.327,2.47,107.365
E037,1.075,2.179,2.155,2.103,2.168,1.83,1.669,2.371,2.218,2.055,2.392,2.098,4.189,4.487,3.724,3.989,3.896,2.698,4.114,3.346,3.896,2.945,2.713,2.719,3.166,19.307,3.401,4.084,4.828,2.889,2.904,3.91,2.635,1.055,0.467,0.624,0.0,1.631,1.813,0.575,0.543,0.636,1.185,1.404,0.954,0.658,0.534,0.635,2.5,2.585,0.808,0.699,0.626,0.722,0.741,0.76,0.834,1.46,1.607,0.702,2.883,2.255,3.42,2.564,2.795,2.816,3.185,2.609,2.421,2.688,3.321,2.603,2.316,3.305,2.22,2.841,2.565,3.428,2.793,2.481,3.189,3.078,3.445,2.367,2.79,3.242,3.249,2.463,2.481,2.276,3.044,2.619,2.214,2.198,2.364,2.207,1.615,1.461,2.618,1.815,2.53,3.904,3.184,2.591,1.71,2.881,2.719,4.606,1.333,0.541,1.177,1.621,2.571,2.008,3.949,0.967,1.573,5.019,3.683,3.068,3.124,3.547,2.676,2.836,2.663,2.6,2.571,3.124,3.895,3.632,3.632,3.683,3.839,3.924,3.287,4.596,4.018,4.308,5.441,3.594,4.041,4.944,4.557,5.239,5.717,3.908,7.531,7.171,8.416,1.18,6.703,5.718,9.014,8.376,7.171,5.387,8.017,6.66,6.529,6.99,6.622,6.708,7.002,2.192,1.415,2.457,1.228,0.769,1.332,1.228,4.718,4.568,8.095,15.569,2.639,1.228,9.076,2.981,1.228,3.269,2.981,3.03,6.034,3.792,3.269,13.374,3.36,5.953,4.645,6.363,3.085,2.637,10.611,2.637,4.988,3.532,2.779,5.406,4.05,9.092,8.26,3.586,3.906,4.14,6.161,6.165,5.184,4.214,4.465,4.508,5.626,3.714,5.441,8.907,8.221,7.171,6.242,8.572,9.829,6.483,6.835,4.3,2.637,12.744,2.637,16.331,2.637,29.228,30.239,10.206,28.582,13.172,22.763,51.111,48.245,59.536,37.676,30.008,26.947,24.951,2.637,107.432
E038,1.762,2.493,2.442,1.745,2.012,1.674,2.357,2.215,2.062,2.935,2.89,2.978,4.82,5.247,4.355,4.749,4.656,2.85,4.874,4.106,4.656,3.705,2.558,3.35,3.797,20.373,4.032,4.844,5.588,2.734,3.535,4.671,3.266,0.899,1.586,1.341,1.66,0.0,0.853,1.447,1.231,1.324,1.029,1.248,1.642,1.346,1.222,1.025,3.188,3.272,0.876,0.961,1.314,1.41,1.429,1.448,1.522,2.148,2.295,1.389,1.665,2.099,3.264,2.549,2.639,2.968,3.029,2.453,2.264,2.532,3.165,2.447,2.16,3.15,2.064,2.685,2.807,3.272,2.637,2.325,3.033,2.922,2.227,2.211,2.634,2.063,2.07,2.307,2.325,2.12,2.888,1.265,0.86,0.844,2.208,0.854,0.653,0.835,1.927,1.659,1.176,2.278,1.558,0.965,0.356,1.527,1.093,5.115,1.081,1.472,1.686,2.13,0.945,2.517,3.508,1.065,2.082,5.528,4.192,3.577,3.633,4.056,3.185,3.345,3.172,3.109,3.08,3.633,4.404,4.141,4.141,4.192,4.348,4.433,3.796,5.105,4.527,5.186,5.95,4.104,4.55,6.01,5.435,5.748,6.226,4.786,8.04,7.68,8.925,1.868,7.212,6.227,9.523,8.885,7.68,5.896,8.526,7.169,7.038,7.499,7.131,7.217,7.511,3.072,2.103,2.966,1.737,1.217,2.019,1.737,5.478,5.328,8.855,16.635,3.155,1.737,10.447,2.825,1.737,3.113,2.825,2.874,5.878,3.636,3.113,14.134,3.204,5.797,4.489,6.207,1.867,1.283,11.12,1.283,4.832,3.376,1.425,3.78,2.424,7.466,8.104,3.145,3.465,3.698,6.67,6.674,5.693,4.723,4.974,5.017,6.135,4.593,5.95,9.416,8.73,7.68,6.751,9.082,10.338,6.992,7.344,4.809,1.283,12.588,1.283,16.175,1.283,29.737,30.748,8.58,26.956,11.546,23.829,52.177,49.311,60.602,37.52,29.852,26.791,25.46,1.283,108.498
E039,1.696,1.592,1.756,1.058,1.325,0.988,1.883,1.528,1.376,2.249,2.204,1.74,4.133,4.56,3.668,4.062,3.969,2.164,4.187,3.42,3.969,3.019,1.871,2.663,3.111,19.499,3.346,4.157,4.902,2.047,2.849,3.984,2.58,0.833,1.52,1.688,1.594,0.853,0.0,1.38,1.165,1.257,0.963,0.962,1.575,1.28,1.155,0.959,2.394,2.478,0.809,0.894,1.248,1.343,1.362,1.382,1.456,2.748,1.945,1.323,1.004,1.412,2.578,1.862,1.952,2.281,2.343,1.766,1.578,1.845,2.479,1.76,1.474,2.463,1.378,1.998,2.12,2.586,1.95,1.638,2.346,1.847,1.566,1.136,1.559,1.401,1.409,1.232,1.638,1.045,1.635,0.603,1.131,1.116,1.133,1.126,0.549,0.143,0.852,0.758,1.447,3.125,2.406,1.813,0.846,1.848,1.941,6.092,2.058,1.605,2.663,3.107,1.792,3.494,4.355,2.042,3.059,7.137,5.169,4.554,4.61,5.033,4.162,4.322,4.149,4.086,4.056,4.61,5.381,5.118,5.118,5.169,5.325,5.41,4.773,6.082,6.136,4.499,6.234,3.481,3.928,5.136,4.748,6.031,6.509,4.099,9.649,9.289,10.534,1.802,8.821,7.836,11.133,10.495,9.289,7.505,10.135,8.778,8.015,8.476,8.108,8.194,8.488,2.385,2.703,3.318,2.713,1.151,2.619,2.713,4.791,4.642,8.168,15.761,2.468,2.713,9.76,2.138,2.713,2.426,2.138,2.187,5.191,2.949,2.426,13.447,2.518,5.111,3.802,5.52,1.205,0.132,12.729,0.132,4.145,2.69,0.764,4.628,3.272,8.314,7.417,3.993,4.313,4.546,7.647,7.651,6.67,4.874,4.351,4.395,6.418,3.906,6.234,11.025,10.339,9.289,8.361,10.691,11.947,8.601,8.321,4.675,0.132,11.902,0.132,15.489,0.132,30.714,31.725,9.428,27.804,12.393,22.954,51.302,48.437,59.728,36.834,29.165,26.104,27.07,0.132,107.623
E040,0.861,1.683,1.658,1.606,1.955,1.617,1.172,2.158,2.005,1.558,1.895,1.601,3.692,3.99,3.227,3.492,3.399,2.201,3.617,2.849,3.399,2.448,2.238,2.222,2.669,18.81,2.904,3.587,4.331,2.383,2.407,3.414,2.138,0.842,0.501,0.669,0.575,1.418,1.6,0.0,0.33,0.479,0.972,1.191,0.457,0.457,0.321,0.422,2.003,2.088,0.595,0.486,0.413,0.393,0.374,0.354,0.281,0.963,1.11,0.413,2.67,2.042,3.207,2.068,2.582,2.319,2.972,2.396,2.207,2.475,2.834,2.389,2.103,2.818,2.007,2.627,2.068,3.215,2.58,2.268,2.976,2.865,3.232,2.154,2.577,3.029,3.036,2.249,2.268,2.063,2.83,2.405,2.001,1.984,2.151,1.994,1.402,1.248,2.405,1.602,2.317,3.69,2.971,2.378,1.497,2.668,2.506,4.651,1.379,0.587,1.222,1.667,2.357,2.053,3.994,1.013,1.618,5.064,3.728,3.113,3.17,3.592,2.721,2.882,2.708,2.645,2.616,3.17,3.94,3.677,3.677,3.728,3.885,3.969,3.332,4.641,4.064,3.811,5.486,2.911,3.357,4.447,4.06,5.284,5.762,3.411,7.576,7.216,8.461,0.683,6.748,5.763,9.06,8.422,7.216,5.432,8.062,6.705,6.574,7.035,6.667,6.753,7.047,1.695,0.918,1.888,1.273,0.556,0.835,1.273,4.221,4.071,7.598,15.072,2.142,1.273,8.579,2.768,1.273,2.782,2.768,2.817,5.821,3.579,2.782,12.877,3.147,5.74,4.432,6.149,2.871,2.424,10.656,2.424,4.775,3.319,2.566,5.193,3.837,8.879,8.046,3.632,3.952,4.185,6.206,6.21,5.23,4.26,3.781,3.825,5.671,3.217,5.486,8.952,8.266,7.216,6.287,8.618,9.874,6.528,6.88,4.104,2.424,12.531,2.424,16.118,2.424,29.274,30.285,9.993,28.369,12.958,22.266,50.614,47.748,59.039,37.463,29.795,26.734,24.997,2.424,106.935
E041,0.531,1.687,1.662,1.61,1.739,1.401,1.176,1.942,1.789,1.562,1.9,1.605,3.696,3.994,3.231,3.496,3.403,2.206,3.621,2.853,3.403,2.453,2.284,2.226,2.674,18.814,2.909,3.591,4.335,2.461,2.411,3.418,2.143,0.626,0.469,0.637,0.543,1.202,1.385,0.33,0.0,0.143,0.756,0.975,0.461,0.166,0.041,0.206,2.007,2.092,0.379,0.27,0.083,0.229,0.248,0.268,0.342,0.967,1.114,0.209,2.454,1.826,2.991,2.072,2.366,2.323,2.756,2.18,1.992,2.259,2.892,2.174,1.887,2.877,1.791,2.412,2.072,2.999,2.364,2.052,2.76,2.65,3.016,1.938,2.361,2.813,2.82,2.034,2.052,1.847,2.615,2.19,1.785,1.769,1.935,1.778,1.186,1.032,2.189,1.386,2.101,3.475,2.756,2.162,1.281,2.452,2.291,4.619,1.347,0.555,1.19,1.635,2.142,2.022,3.962,0.981,1.586,5.032,3.697,3.082,3.138,3.56,2.689,2.85,2.677,2.613,2.584,3.138,3.908,3.645,3.645,3.697,3.853,3.937,3.3,4.61,4.032,3.815,5.455,2.915,3.362,4.451,4.064,5.252,5.73,3.415,7.544,7.184,8.43,0.688,6.716,5.731,9.028,8.39,7.184,5.4,8.03,6.673,6.542,7.003,6.636,6.722,7.016,1.699,0.922,1.892,1.241,0.341,0.839,1.241,4.225,4.076,7.602,15.076,2.146,1.241,8.583,2.552,1.241,2.84,2.552,2.601,5.605,3.363,2.84,12.881,2.931,5.524,4.216,5.934,2.656,2.208,10.625,2.208,4.559,3.103,2.35,4.977,3.621,8.663,7.831,3.6,3.92,4.153,6.174,6.179,5.198,4.228,3.785,3.829,5.639,3.222,5.455,8.92,8.234,7.184,6.256,8.586,9.842,6.496,6.848,4.109,2.208,12.315,2.208,15.902,2.208,29.242,30.253,9.777,28.153,12.743,22.27,50.618,47.752,59.043,37.247,29.579,26.518,24.965,2.208,106.939
E042,0.675,1.544,1.519,1.467,1.832,1.494,1.033,2.035,1.913,1.419,1.756,1.462,3.553,3.851,3.088,3.353,3.26,2.062,3.478,2.71,3.26,2.309,2.099,2.083,2.53,18.671,2.765,3.448,4.192,2.244,2.268,3.275,1.999,0.719,0.562,0.73,0.636,1.295,1.477,0.423,0.143,0.0,0.849,1.068,0.318,0.022,0.102,0.299,1.864,1.949,0.472,0.363,0.226,0.086,0.105,0.124,0.198,0.824,0.971,0.066,2.547,1.919,3.084,1.929,2.459,2.18,2.849,2.273,2.084,2.352,2.695,2.266,1.98,2.679,1.884,2.505,1.929,3.092,2.457,2.145,2.853,2.742,3.109,2.031,2.454,2.906,2.913,2.126,2.145,1.94,2.708,2.283,1.878,1.861,2.028,1.871,1.279,1.125,2.282,1.479,2.194,3.567,2.848,2.255,1.374,2.545,2.383,4.712,1.44,0.647,1.283,1.728,2.235,2.114,4.055,1.074,1.679,5.125,3.789,3.174,3.23,3.653,2.782,2.943,2.769,2.706,2.677,3.23,4.001,3.738,3.738,3.789,3.946,4.03,3.393,4.702,4.124,3.672,5.406,2.772,3.219,4.308,3.921,5.204,5.682,3.272,7.637,7.277,8.522,0.544,6.809,5.824,9.12,8.482,7.277,5.493,8.123,6.766,6.635,7.096,6.728,6.814,7.108,1.556,0.779,1.749,1.334,0.433,0.696,1.334,4.082,3.932,7.459,14.933,2.003,1.334,8.44,2.645,1.334,2.643,2.645,2.694,5.698,3.456,2.643,12.738,3.024,5.617,4.309,6.027,2.748,2.301,10.717,2.301,4.652,3.196,2.443,5.07,3.714,8.756,7.923,3.693,4.013,4.246,6.267,6.271,5.29,4.165,3.642,3.686,5.591,3.078,5.406,9.013,8.327,7.277,6.348,8.679,9.935,6.589,6.941,3.966,2.301,12.408,2.301,15.995,2.301,29.334,30.346,9.87,28.246,12.835,22.127,50.475,47.609,58.9,37.34,29.672,26.611,25.058,2.301,106.796
E043,1.211,1.516,1.465,0.768,1.035,0.697,1.806,1.238,1.085,1.958,1.913,2.001,3.842,4.269,3.377,3.772,3.679,1.873,3.896,3.129,3.679,2.728,1.58,2.373,2.82,19.208,3.055,3.867,4.611,1.756,2.558,3.693,2.289,0.244,1.035,1.203,1.109,1.029,1.232,0.896,0.68,0.773,0.0,0.271,1.091,0.795,0.671,0.474,1.741,1.825,0.325,0.41,0.763,0.859,0.878,0.897,0.971,1.597,1.744,0.839,1.75,1.122,2.287,1.572,1.662,1.991,2.052,1.476,1.287,1.555,2.188,1.47,1.183,2.172,1.087,1.708,1.829,2.295,1.66,1.348,2.056,1.945,2.312,1.234,1.657,2.109,2.116,1.329,1.348,1.143,1.911,1.814,1.612,1.595,1.231,1.605,1.013,1.089,1.485,0.682,1.928,3.301,2.582,1.989,1.108,2.279,2.117,5.185,2.234,1.121,1.756,2.2,1.968,2.587,4.528,1.547,2.152,5.598,4.263,3.647,3.703,4.126,3.255,3.416,3.243,3.179,3.15,3.703,4.474,4.211,4.211,4.263,4.419,4.503,3.866,5.175,4.597,4.209,5.943,3.191,3.637,4.845,4.458,5.74,6.219,3.809,8.11,7.75,8.995,1.317,7.282,6.297,9.594,8.956,7.75,5.966,8.596,7.239,7.108,7.569,7.201,7.287,7.581,2.095,1.552,3.027,1.807,0.666,1.468,1.807,4.501,4.351,7.878,15.47,2.177,1.807,9.469,1.848,1.807,2.136,1.848,1.897,4.901,2.659,2.136,13.157,2.227,4.82,3.512,5.229,1.951,2.035,11.191,2.035,3.855,2.399,2.072,4.804,3.448,8.49,7.127,4.166,4.486,4.719,6.74,6.744,5.763,4.583,4.061,4.104,6.128,3.615,5.943,9.486,8.8,7.75,6.821,9.152,10.408,7.062,7.414,4.384,2.035,11.611,2.035,15.198,2.035,29.808,30.819,9.604,27.98,12.569,22.664,51.012,48.146,59.437,36.543,28.875,25.814,25.531,2.035,107.333
E044,1.43,1.245,1.194,0.497,0.764,0.426,0.96,0.967,0.814,1.687,1.643,1.73,3.572,3.999,3.107,3.501,3.408,1.603,3.626,2.858,3.408,2.458,1.31,2.102,2.55,18.938,2.784,3.596,4.34,1.486,2.287,3.423,2.018,0.463,1.254,1.422,1.328,1.248,0.962,1.115,0.899,0.992,0.271,0.0,1.31,1.014,0.889,0.693,1.47,1.555,0.543,0.628,0.982,1.078,1.097,1.116,1.19,2.187,1.022,1.057,1.479,0.851,2.016,1.301,1.391,1.72,1.781,1.205,1.017,1.284,1.917,1.199,0.912,1.902,0.816,1.437,1.559,2.024,1.389,1.077,1.785,1.675,2.041,0.963,1.386,1.838,1.845,1.059,1.077,0.872,1.64,1.543,1.831,1.814,0.96,1.824,1.232,0.818,1.214,0.411,2.147,3.52,2.801,2.208,1.327,2.498,2.336,5.404,2.453,1.339,1.975,2.419,2.187,2.806,4.747,1.765,2.371,6.576,4.481,3.866,3.922,4.345,3.474,3.634,3.461,3.398,3.369,3.922,5.146,4.43,4.43,4.481,5.625,5.175,4.085,5.847,5.575,3.938,5.672,2.92,3.366,4.574,4.187,5.47,5.948,3.538,9.088,8.728,9.973,1.536,8.26,7.275,10.571,9.933,8.728,6.944,9.574,8.217,7.78,8.241,7.873,7.959,8.253,1.824,2.141,2.756,2.026,0.885,2.058,2.026,4.23,4.08,7.607,15.2,1.907,2.026,9.199,1.577,2.026,1.865,1.577,1.626,4.63,2.388,1.865,12.886,1.956,4.549,3.241,4.959,1.681,2.04,12.168,2.04,3.584,2.128,1.801,5.023,3.667,8.709,6.856,4.384,4.704,4.938,7.412,7.416,6.435,4.313,3.79,3.834,5.857,3.345,5.672,10.464,9.778,8.728,7.799,10.13,11.386,8.04,8.086,4.114,2.04,11.34,2.04,14.928,2.04,30.479,31.49,9.822,28.199,12.788,22.393,50.741,47.875,59.166,36.272,28.604,25.543,26.508,2.04,107.062
E045,0.764,1.226,1.201,1.149,1.645,1.812,0.715,1.994,1.595,1.101,1.438,1.144,3.235,3.533,2.769,3.035,2.942,1.744,3.16,2.392,2.942,1.991,1.781,1.765,2.212,18.353,2.447,3.13,3.874,1.926,1.95,2.957,1.681,1.037,0.88,1.048,0.954,1.613,1.796,0.457,0.461,0.318,1.167,1.386,0.0,0.296,0.42,0.617,1.546,1.631,0.79,0.681,0.544,0.232,0.213,0.194,0.177,0.506,0.653,0.252,2.639,1.879,3.044,1.611,1.976,1.862,2.809,2.233,2.116,1.869,2.377,1.783,1.94,2.361,1.844,2.022,1.611,3.052,2.417,2.105,2.813,2.834,3.201,2.123,2.546,2.998,3.005,2.219,2.105,2.032,2.667,2.703,2.196,2.179,2.12,2.189,1.597,1.443,2.374,1.797,2.512,3.885,3.166,2.573,1.692,2.863,2.701,5.007,1.758,0.966,1.601,2.046,2.553,2.432,4.373,1.392,1.997,5.992,4.084,3.469,3.525,3.948,3.077,3.238,3.064,3.001,2.972,3.525,4.296,4.033,4.033,4.084,4.241,4.325,3.688,4.997,4.991,3.353,5.088,2.454,2.9,3.99,3.603,4.885,5.364,2.954,8.504,8.144,9.389,0.226,7.676,6.69,9.987,9.349,8.144,6.359,8.99,7.632,6.93,7.391,7.023,7.109,7.403,1.238,0.461,1.431,1.652,0.751,0.378,1.652,3.764,3.614,7.141,14.615,1.685,1.652,8.122,2.161,1.652,2.325,2.161,2.653,5.658,3.3,2.325,12.42,2.984,5.577,4.269,5.986,2.841,2.619,11.584,2.619,4.612,3.156,2.761,5.388,4.032,9.074,7.883,4.011,4.331,4.564,6.562,6.566,5.585,3.846,3.324,3.368,5.273,2.76,5.088,9.88,9.194,8.144,7.215,9.545,10.801,7.455,7.236,3.647,2.619,12.368,2.619,15.955,2.619,29.63,30.641,10.188,28.564,13.153,21.809,50.157,47.291,58.582,37.3,29.632,26.571,25.924,2.619,106.478
E046,0.697,1.521,1.496,1.444,1.941,1.516,1.011,2.057,1.89,1.397,1.734,1.44,3.53,3.828,3.065,3.33,3.238,2.04,3.455,2.688,3.238,2.287,2.076,2.06,2.508,18.649,2.743,3.426,4.17,2.222,2.246,3.252,1.977,0.741,0.585,0.753,0.658,1.318,1.5,0.445,0.166,0.022,0.871,1.09,0.296,0.0,0.124,0.321,1.842,1.927,0.494,0.385,0.249,0.064,0.083,0.102,0.176,0.802,0.949,0.043,2.569,1.941,3.107,1.906,2.271,2.158,2.872,2.295,2.107,2.164,2.673,2.079,2.003,2.657,1.906,2.317,1.907,3.114,2.479,2.167,2.875,2.765,3.131,2.054,2.476,2.928,2.935,2.149,2.167,1.962,2.73,2.305,1.9,1.884,2.05,1.894,1.301,1.147,2.304,1.501,2.216,3.59,2.871,2.277,1.396,2.568,2.406,4.734,1.462,0.67,1.305,1.75,2.257,2.137,4.077,1.096,1.701,5.148,3.812,3.197,3.253,3.675,2.804,2.965,2.792,2.729,2.699,3.253,4.023,3.76,3.76,3.812,3.968,4.052,3.415,4.725,4.147,3.649,5.384,2.75,3.196,4.286,3.899,5.181,5.659,3.249,7.659,7.3,8.545,0.522,6.831,5.846,9.143,8.505,7.3,5.515,8.146,6.788,6.658,7.119,6.751,6.837,7.131,1.534,0.757,1.726,1.356,0.456,0.673,1.356,4.06,3.91,7.436,14.911,1.981,1.356,8.418,2.667,1.356,2.62,2.667,2.716,5.72,3.478,2.62,12.715,3.046,5.639,4.331,6.049,2.771,2.323,10.74,2.323,4.674,3.219,2.466,5.092,3.736,8.778,7.946,3.715,4.035,4.268,6.29,6.294,5.313,4.142,3.62,3.663,5.569,3.056,5.384,9.036,8.349,7.3,6.371,8.701,9.957,6.611,6.964,3.943,2.323,12.43,2.323,16.018,2.323,29.357,30.368,9.892,28.269,12.858,22.104,50.452,47.587,58.878,37.362,29.694,26.633,25.08,2.323,106.773
E047,0.573,1.646,1.621,1.569,1.73,1.392,1.135,1.933,1.78,1.521,1.859,1.564,3.655,3.953,3.19,3.455,3.362,2.164,3.58,2.812,3.362,2.412,2.275,2.185,2.632,18.773,2.867,3.55,4.294,2.346,2.37,3.377,2.101,0.617,0.46,0.628,0.534,1.193,1.375,0.321,0.041,0.102,0.747,0.966,0.42,0.124,0.0,0.197,1.966,2.051,0.37,0.261,0.124,0.188,0.207,0.227,0.3,0.926,1.073,0.168,2.445,1.817,2.982,2.031,2.357,2.282,2.747,2.171,1.982,2.25,2.883,2.164,1.878,2.867,1.782,2.402,2.031,2.99,2.355,2.043,2.751,2.64,3.006,1.929,2.352,2.804,2.811,2.024,2.043,1.838,2.606,2.18,1.776,1.759,1.925,1.769,1.177,1.023,2.18,1.377,2.092,3.465,2.746,2.153,1.272,2.443,2.281,4.61,1.337,0.545,1.181,1.625,2.132,2.012,3.953,0.972,1.577,5.023,3.687,3.072,3.128,3.551,2.68,2.841,2.667,2.604,2.575,3.128,3.899,3.636,3.636,3.687,3.844,3.928,3.291,4.6,4.022,3.774,5.445,2.874,3.321,4.41,4.023,5.243,5.721,3.374,7.535,7.175,8.42,0.647,6.707,5.722,9.018,8.38,7.175,5.391,8.021,6.664,6.533,6.994,6.626,6.712,7.006,1.658,0.881,1.851,1.232,0.331,0.798,1.232,4.184,4.035,7.561,15.035,2.105,1.232,8.542,2.543,1.232,2.83,2.543,2.591,5.596,3.354,2.83,12.84,2.922,5.515,4.207,5.924,2.646,2.199,10.615,2.199,4.55,3.094,2.341,4.968,3.612,8.654,7.821,3.591,3.91,4.144,6.165,6.169,5.188,4.218,3.744,3.788,5.63,3.18,5.445,8.911,8.225,7.175,6.246,8.577,9.833,6.487,6.839,4.068,2.199,12.306,2.199,15.893,2.199,29.232,30.244,9.768,28.144,12.733,22.229,50.577,47.711,59.002,37.238,29.57,26.509,24.956,2.199,106.898
E048,0.738,1.842,1.963,1.266,1.533,1.195,1.332,1.736,1.583,1.718,2.055,1.761,3.852,4.15,3.386,3.652,3.559,2.371,3.776,3.009,3.559,2.608,2.078,2.382,2.829,18.97,3.064,3.747,4.491,2.255,2.567,3.574,2.298,0.42,0.561,0.729,0.635,0.996,1.179,0.422,0.206,0.299,0.55,0.769,0.617,0.321,0.197,0.0,2.163,2.248,0.173,0.064,0.289,0.385,0.404,0.423,0.497,1.123,1.27,0.365,2.248,1.62,2.785,2.07,2.16,2.489,2.55,1.974,1.785,2.053,2.686,1.968,1.681,2.67,1.585,2.206,2.328,2.793,2.158,1.846,2.554,2.443,2.81,1.732,2.155,2.607,2.614,1.827,1.846,1.641,2.409,1.984,1.579,1.563,1.729,1.572,0.98,0.826,1.983,1.18,1.895,3.268,2.549,1.956,1.075,2.246,2.084,4.711,1.439,0.647,1.282,1.727,1.936,2.114,4.054,1.073,1.678,5.124,3.789,3.174,3.229,3.652,2.781,2.942,2.769,2.705,2.676,3.229,4.0,3.737,3.737,3.789,3.945,4.029,3.392,4.702,4.123,3.97,5.546,3.071,3.517,4.607,4.22,5.344,5.822,3.571,7.636,7.276,8.522,0.843,6.808,5.823,9.12,8.482,7.276,5.492,8.122,6.765,6.634,7.095,6.728,6.814,7.107,1.855,1.078,2.047,1.333,0.193,0.995,1.333,4.381,4.231,7.758,15.232,2.675,1.333,9.967,2.346,1.333,2.634,2.346,2.395,5.399,3.157,2.634,13.037,2.725,5.318,4.01,5.728,2.45,2.002,10.717,2.002,4.353,2.897,2.144,4.771,3.415,8.457,7.625,3.692,4.012,4.245,6.266,6.271,5.29,4.32,3.941,3.984,5.731,3.377,5.546,9.012,8.326,7.276,6.348,8.678,9.934,6.588,6.941,4.405,2.002,12.109,2.002,15.696,2.002,29.334,30.345,9.571,27.947,12.537,22.426,50.774,47.908,59.199,37.041,29.373,26.312,25.057,2.002,107.095
E049,0.81,1.915,2.162,1.464,1.732,1.394,1.405,1.935,1.782,1.791,2.128,1.834,3.924,4.222,3.459,3.724,3.632,2.57,3.849,3.082,3.632,2.681,2.277,2.454,2.902,19.043,3.137,3.82,4.564,2.453,2.64,3.646,2.371,0.619,0.634,0.802,0.708,1.195,1.377,0.494,0.279,0.371,0.749,0.968,0.69,0.394,0.27,0.199,0.0,0.085,0.372,0.263,0.362,0.458,0.476,0.496,0.57,1.196,1.343,0.437,2.447,1.819,2.984,2.268,2.358,2.688,2.749,2.173,1.984,2.252,2.885,2.166,1.88,2.869,1.784,2.404,2.301,2.992,2.357,2.045,2.753,2.642,3.009,1.931,2.354,2.806,2.813,2.026,2.045,1.84,2.607,2.183,1.778,1.761,1.927,1.771,1.179,1.025,2.182,1.379,2.094,3.467,2.748,2.155,1.274,2.445,2.283,4.784,1.511,0.719,1.355,1.799,2.134,2.186,4.127,1.145,1.751,5.197,3.861,3.246,3.302,3.725,2.854,3.014,2.841,2.778,2.749,3.302,4.073,3.81,3.81,3.861,4.017,4.102,3.465,4.774,4.196,4.043,5.619,3.143,3.59,4.68,4.293,5.417,5.895,3.643,7.709,7.349,8.594,0.916,6.881,5.896,9.192,8.554,7.349,5.565,8.195,6.838,6.707,7.168,6.8,6.886,7.18,1.927,1.151,2.12,1.405,0.333,1.067,1.405,4.454,4.304,7.83,15.305,2.874,1.405,10.166,2.545,1.405,2.833,2.545,2.594,5.598,3.356,2.833,13.109,2.924,5.517,4.209,5.926,2.648,2.201,10.789,2.201,4.552,3.096,2.343,4.97,3.614,8.656,7.823,3.764,4.084,4.318,6.339,6.343,5.362,4.392,4.014,4.057,5.804,3.45,5.619,9.085,8.399,7.349,6.42,8.751,10.007,6.661,7.013,4.478,2.201,12.308,2.201,15.895,2.201,29.406,30.417,9.77,28.146,12.735,22.498,50.846,47.981,59.272,37.24,29.572,26.511,25.129,2.201,107.167
E050,0.725,1.83,2.077,1.38,1.647,1.309,1.32,1.85,1.697,1.706,2.043,1.749,3.839,4.137,3.374,3.639,3.547,2.485,3.764,2.997,3.547,2.596,2.192,2.369,2.817,18.958,3.052,3.735,4.479,2.368,2.555,3.561,2.286,0.534,0.549,0.717,0.623,1.11,1.292,0.41,0.194,0.287,0.664,0.883,0.605,0.309,0.185,0.114,2.151,0.0,0.287,0.178,0.277,0.373,0.392,0.411,0.485,1.111,1.258,0.352,2.362,1.734,2.899,2.184,2.274,2.603,2.664,2.088,1.899,2.167,2.8,2.081,1.795,2.784,1.699,2.32,2.216,2.907,2.272,1.96,2.668,2.557,2.924,1.846,2.269,2.721,2.728,1.941,1.96,1.755,2.523,2.098,1.693,1.677,1.843,1.686,1.094,0.94,2.097,1.294,2.009,3.382,2.663,2.07,1.189,2.36,2.198,4.699,1.427,0.634,1.27,1.714,2.05,2.101,4.042,1.06,1.666,5.112,3.776,3.161,3.217,3.64,2.769,2.929,2.756,2.693,2.664,3.217,3.988,3.725,3.725,3.776,3.933,4.017,3.38,4.689,4.111,3.958,5.534,3.059,3.505,4.595,4.208,5.332,5.81,3.559,7.624,7.264,8.509,0.831,6.796,5.811,9.107,8.469,7.264,5.48,8.11,6.753,6.622,7.083,6.715,6.801,7.095,1.843,1.066,2.035,1.321,0.248,0.982,1.321,4.369,4.219,7.745,15.22,2.789,1.321,10.081,2.46,1.321,2.748,2.46,2.509,5.513,3.271,2.748,13.024,2.839,5.432,4.124,5.841,2.563,2.116,10.704,2.116,4.467,3.011,2.258,4.885,3.529,8.571,7.739,3.679,3.999,4.233,6.254,6.258,5.277,4.307,3.929,3.972,5.719,3.365,5.534,9.0,8.314,7.264,6.335,8.666,9.922,6.576,6.928,4.393,2.116,12.223,2.116,15.81,2.116,29.321,30.332,9.685,28.061,12.65,22.413,50.761,47.896,59.187,37.155,29.487,26.426,25.044,2.116,107.082
E051,1.11,1.841,1.79,1.093,1.36,1.022,1.704,1.563,1.41,2.283,2.238,2.326,4.167,4.594,3.702,4.096,4.004,2.198,4.221,3.454,4.004,3.053,1.905,2.697,3.145,19.533,3.38,4.192,4.936,2.081,2.883,4.018,2.614,0.247,0.934,1.102,1.007,0.823,1.005,0.794,0.579,0.671,0.377,0.596,0.989,0.694,0.569,0.372,2.535,2.62,0.0,0.308,0.662,0.757,0.776,0.796,0.87,1.496,1.643,0.737,2.075,1.447,2.612,1.897,1.986,2.316,2.377,1.801,1.612,1.88,2.513,1.794,1.508,2.497,1.412,2.032,2.154,2.62,1.985,1.673,2.381,2.27,2.636,1.559,1.982,2.433,2.441,1.654,1.673,1.468,2.236,1.81,1.406,1.389,1.555,1.399,0.807,0.653,1.81,1.007,1.722,3.095,2.376,1.783,0.902,2.073,1.911,5.083,2.028,1.019,1.655,2.099,1.762,2.486,4.325,2.012,2.051,5.497,4.161,3.546,3.602,4.024,3.154,3.314,3.141,3.078,3.048,3.602,4.372,4.109,4.109,4.161,4.317,4.402,3.764,5.074,4.496,4.533,6.268,3.516,3.962,5.17,4.783,6.065,6.543,4.134,8.009,7.649,8.894,1.216,7.181,6.195,9.492,8.854,7.649,5.865,8.495,7.137,7.007,7.468,7.1,7.186,7.48,2.42,1.45,2.42,1.705,0.565,1.367,1.705,4.826,4.676,8.202,15.795,2.502,1.705,9.794,2.173,1.705,2.461,2.173,2.221,5.226,2.984,2.461,13.482,2.552,5.145,3.837,5.554,2.276,1.829,11.089,1.829,4.18,2.724,1.971,4.598,3.242,8.284,7.451,3.963,4.283,4.516,6.639,6.643,5.662,4.908,4.386,4.429,6.453,3.94,6.268,9.385,8.698,7.649,6.72,9.05,10.306,6.96,7.313,4.709,1.829,11.936,1.829,15.523,1.829,29.706,30.717,9.398,27.774,12.363,22.989,51.337,48.471,59.762,36.868,29.2,26.139,25.429,1.829,107.658
E052,0.802,1.95,1.899,1.202,1.469,1.131,1.396,1.672,1.519,1.782,2.119,1.825,4.276,4.214,3.812,3.716,3.623,2.307,3.841,3.073,3.623,2.672,2.014,2.807,3.254,19.034,3.489,3.811,4.555,2.19,2.992,3.638,2.723,0.356,0.625,0.793,0.699,0.932,1.114,0.486,0.27,0.363,0.486,0.705,0.681,0.385,0.261,0.064,2.227,2.312,0.109,0.0,0.353,0.449,0.468,0.487,0.561,1.187,1.334,0.429,2.184,1.556,2.721,2.006,2.096,2.425,2.486,1.91,1.721,1.989,2.622,1.903,1.617,2.606,1.521,2.142,2.263,2.729,2.094,1.782,2.49,2.379,2.746,1.668,2.091,2.543,2.55,1.763,1.782,1.577,2.345,1.92,1.515,1.498,1.665,1.508,0.916,0.762,1.919,1.116,1.831,3.204,2.485,1.892,1.011,2.182,2.02,4.775,1.503,0.711,1.346,1.791,1.871,2.178,4.118,1.137,1.742,5.189,3.853,3.238,3.294,3.716,2.845,3.006,2.833,2.769,2.74,3.294,4.064,3.801,3.801,3.853,4.009,4.093,3.456,4.766,4.188,4.035,5.611,3.135,3.581,4.671,4.284,5.408,5.886,3.635,7.7,7.34,8.586,0.907,6.872,5.887,9.184,8.546,7.34,5.556,8.187,6.829,6.698,7.159,6.792,6.878,7.172,1.919,1.142,2.111,1.397,0.257,1.059,1.397,4.445,4.295,7.822,15.296,2.611,1.397,9.903,2.282,1.397,2.57,2.282,2.331,5.335,3.093,2.57,13.101,2.661,5.254,3.946,5.663,2.385,1.938,10.781,1.938,4.289,2.833,2.08,4.707,3.351,8.393,7.561,3.756,4.076,4.309,6.33,6.335,5.354,4.384,4.005,4.048,5.795,3.441,5.611,9.076,8.39,7.34,6.412,8.742,9.998,6.652,7.005,4.47,1.938,12.045,1.938,15.632,1.938,29.398,30.409,9.507,27.883,12.472,22.49,50.838,47.972,59.263,36.977,29.309,26.248,25.121,1.938,107.159
E053,0.448,1.77,1.745,1.693,1.822,1.484,1.259,2.025,1.872,1.645,1.983,1.688,3.779,4.077,3.314,3.579,3.486,2.289,3.704,2.937,3.486,2.536,2.368,2.309,2.757,18.898,2.992,3.674,4.419,2.544,2.494,3.501,2.225,0.709,0.552,0.721,0.626,1.286,1.468,0.413,0.083,0.226,0.839,1.058,0.544,0.249,0.124,0.289,2.09,2.175,0.462,0.353,0.0,0.312,0.331,0.351,0.425,0.706,1.197,0.292,2.537,1.909,3.075,2.155,2.449,2.406,2.84,2.263,2.075,2.342,2.975,2.257,1.971,2.96,1.874,2.495,2.155,3.082,2.447,2.135,2.843,2.732,3.099,2.021,2.444,2.896,2.903,2.117,2.135,1.93,2.698,2.273,1.868,1.852,2.018,1.862,1.269,1.115,2.272,1.469,2.184,3.558,2.838,2.245,1.364,2.535,2.373,4.702,1.43,0.638,1.273,1.718,2.225,2.105,4.045,1.064,1.669,5.115,3.78,3.165,3.221,3.643,2.772,2.933,2.76,2.696,2.667,3.221,3.991,3.728,3.728,3.78,3.936,4.02,3.383,4.693,4.115,3.898,5.538,2.998,3.445,4.535,4.147,5.335,5.813,3.498,7.627,7.268,8.513,0.771,6.799,5.814,9.111,8.473,7.268,5.483,8.114,6.756,6.625,7.087,6.719,6.805,7.099,1.782,1.005,1.975,1.324,0.424,0.922,1.324,4.308,4.159,7.685,15.16,2.229,1.324,8.666,2.635,1.324,2.923,2.635,2.684,5.688,3.446,2.923,12.964,3.014,5.607,4.299,6.017,2.739,2.291,10.708,2.291,4.642,3.187,2.433,5.06,3.704,8.746,7.914,3.683,4.003,4.236,6.257,6.262,5.281,4.311,3.868,3.912,5.722,3.305,5.538,9.003,8.317,7.268,6.339,8.669,9.925,6.579,6.932,4.192,2.291,12.398,2.291,15.986,2.291,29.325,30.336,9.86,28.236,12.826,22.353,50.701,47.835,59.126,37.33,29.662,26.601,25.048,2.291,107.022
E054,0.761,1.458,1.433,1.381,1.877,1.58,0.947,2.121,1.827,1.333,1.67,1.376,3.467,3.765,3.002,3.267,3.174,1.976,3.392,2.624,3.174,2.223,2.013,1.997,2.444,18.585,2.679,3.362,4.106,2.158,2.182,3.189,1.913,0.805,0.648,0.816,0.722,1.381,1.563,0.393,0.229,0.086,0.935,1.154,0.232,0.064,0.188,0.385,1.778,1.863,0.558,0.449,0.312,0.0,0.019,0.038,0.112,0.738,0.885,0.02,2.633,2.005,3.17,1.843,2.208,2.094,2.935,2.359,2.17,2.101,2.609,2.015,2.066,2.593,1.97,2.253,1.843,3.178,2.543,2.231,2.939,2.828,3.195,2.117,2.54,2.992,2.999,2.212,2.231,2.026,2.794,2.369,1.964,1.948,2.114,1.957,1.365,1.211,2.368,1.565,2.28,3.653,2.934,2.341,1.46,2.631,2.469,4.798,1.526,0.734,1.369,1.813,2.321,2.2,4.141,1.16,1.765,5.211,3.876,3.26,3.316,3.739,2.868,3.029,2.856,2.792,2.763,3.316,4.087,3.824,3.824,3.876,4.032,4.116,3.479,4.788,4.21,3.586,5.32,2.686,3.132,4.222,3.835,5.117,5.596,3.186,7.723,7.363,8.608,0.459,6.895,5.91,9.207,8.569,7.363,5.579,8.209,6.852,6.721,7.182,6.814,6.9,7.194,1.47,0.693,1.663,1.42,0.519,0.61,1.42,3.996,3.846,7.373,14.847,1.917,1.42,8.354,2.731,1.42,2.557,2.731,2.78,5.784,3.542,2.557,12.652,3.11,5.703,4.395,6.112,2.834,2.387,10.803,2.387,4.738,3.282,2.529,5.156,3.8,8.842,8.009,3.779,4.099,4.332,6.353,6.357,5.377,4.079,3.556,3.599,5.505,2.992,5.32,9.099,8.413,7.363,6.434,8.765,10.021,6.675,7.027,3.88,2.387,12.494,2.387,16.081,2.387,29.421,30.432,9.956,28.332,12.921,22.041,50.389,47.523,58.814,37.426,29.758,26.697,25.144,2.387,106.71
E055,0.78,1.439,1.414,1.362,1.858,1.599,0.928,2.14,1.808,1.314,1.651,1.357,3.448,3.746,2.983,3.248,3.155,1.957,3.373,2.605,3.155,2.204,1.994,1.978,2.425,18.566,2.66,3.343,4.087,2.139,2.163,3.17,1.894,0.824,0.667,0.835,0.741,1.4,1.582,0.374,0.248,0.105,0.954,1.173,0.213,0.083,0.207,0.404,1.759,1.844,0.577,0.468,0.331,0.019,0.0,0.019,0.093,0.719,0.866,0.039,2.652,2.024,3.189,1.824,2.189,2.075,2.954,2.378,2.189,2.082,2.59,1.996,2.085,2.574,1.989,2.235,1.824,3.197,2.562,2.25,2.958,2.847,3.214,2.136,2.559,3.011,3.018,2.231,2.25,2.045,2.813,2.388,1.983,1.966,2.133,1.976,1.384,1.23,2.387,1.584,2.299,3.672,2.953,2.36,1.479,2.65,2.488,4.817,1.545,0.752,1.388,1.833,2.34,2.219,4.16,1.179,1.784,5.23,3.894,3.279,3.335,3.758,2.887,3.048,2.874,2.811,2.782,3.335,4.106,3.843,3.843,3.894,4.051,4.135,3.498,4.807,4.229,3.567,5.301,2.667,3.114,4.203,3.816,5.098,5.577,3.167,7.742,7.382,8.627,0.44,6.914,5.929,9.226,8.588,7.382,5.598,8.228,6.871,6.74,7.201,6.833,6.919,7.213,1.451,0.674,1.643,1.439,0.538,0.591,1.439,3.977,3.827,7.354,14.828,1.898,1.439,8.335,2.75,1.439,2.538,2.75,2.799,5.803,3.513,2.538,12.633,3.129,5.722,4.414,6.131,2.853,2.406,10.822,2.406,4.757,3.301,2.548,5.175,3.819,8.861,8.028,3.798,4.118,4.351,6.372,6.376,5.396,4.06,3.537,3.58,5.486,2.973,5.301,9.118,8.432,7.382,6.453,8.784,10.04,6.694,7.046,3.861,2.406,12.513,2.406,16.1,2.406,29.439,30.451,9.975,28.351,12.94,22.022,50.37,47.504,58.795,37.445,29.777,26.716,25.163,2.406,106.691
E056,0.958,1.419,1.394,1.343,1.839,1.619,0.909,2.188,1.788,1.295,1.632,1.338,3.428,3.726,2.963,3.228,3.136,1.938,3.353,2.586,3.136,2.185,1.974,1.958,2.406,18.547,2.641,3.324,4.068,2.12,2.144,3.15,1.875,0.843,0.686,0.855,0.76,1.42,1.602,0.354,0.268,0.124,0.974,1.192,0.194,0.102,0.227,0.423,1.74,1.824,0.597,0.487,0.351,0.038,0.019,0.0,0.074,0.7,0.847,0.059,2.671,2.072,3.238,1.804,2.169,2.056,3.002,2.426,2.31,2.062,2.571,1.977,2.134,2.555,2.037,2.215,1.805,3.245,2.61,2.298,3.006,2.867,3.233,2.156,2.578,3.03,3.037,2.251,2.298,2.065,2.861,2.407,2.002,1.986,2.152,1.996,1.403,1.25,2.406,1.603,2.319,3.692,2.973,2.38,1.498,2.67,2.508,4.836,1.564,0.772,1.407,1.852,2.359,2.239,4.18,1.198,1.804,5.25,3.914,3.299,3.355,3.777,2.906,3.067,2.894,2.831,2.801,3.355,4.125,3.862,3.862,3.914,4.07,4.154,3.517,4.827,4.249,3.547,5.282,2.647,3.094,4.184,3.796,5.079,5.557,3.147,7.761,7.402,8.647,0.42,6.933,5.948,9.245,8.607,7.402,5.617,8.248,6.89,6.76,7.221,6.853,6.939,7.233,1.431,0.655,1.624,1.458,0.558,0.571,1.458,3.958,3.808,7.334,14.809,1.879,1.458,8.316,2.354,1.458,2.518,2.354,2.847,5.851,3.494,2.518,12.613,3.177,5.771,4.462,6.18,2.873,2.425,10.842,2.425,4.805,3.35,2.568,5.194,3.838,8.88,8.077,3.817,4.137,4.37,6.392,6.396,5.415,4.04,3.518,3.561,5.466,2.954,5.282,9.138,8.451,7.402,6.473,8.803,10.059,6.713,7.066,3.841,2.425,12.561,2.425,16.149,2.425,29.459,30.47,9.994,28.371,12.96,22.002,50.35,47.485,58.776,37.493,29.825,26.764,25.182,2.425,106.671
E057,0.941,1.402,1.377,1.325,1.821,1.692,0.892,2.171,1.771,1.278,1.615,1.321,3.411,3.709,2.946,3.211,3.119,1.921,3.336,2.569,3.119,2.168,1.957,1.941,2.389,18.53,2.624,3.307,4.051,2.103,2.127,3.133,1.858,0.917,0.76,0.929,0.834,1.494,1.676,0.281,0.342,0.198,1.047,1.266,0.177,0.176,0.3,0.497,1.722,1.807,0.67,0.561,0.425,0.112,0.093,0.074,0.0,0.683,0.83,0.133,2.745,2.055,3.22,1.787,2.152,2.038,2.986,2.409,2.293,2.045,2.554,1.96,2.117,2.538,2.02,2.198,1.788,3.228,2.593,2.281,2.989,2.941,3.307,2.229,2.652,3.104,3.111,2.325,2.281,2.139,2.844,2.481,2.076,2.06,2.226,2.07,1.477,1.323,2.48,1.677,2.393,3.766,3.047,2.454,1.572,2.744,2.582,4.91,1.638,0.846,1.481,1.926,2.433,2.313,4.254,1.272,1.877,5.324,3.988,3.373,3.429,3.851,2.981,3.141,2.968,2.905,2.875,3.429,4.199,3.936,3.936,3.988,4.144,4.228,3.591,4.901,4.323,3.53,5.265,2.631,3.077,4.167,3.779,5.062,5.54,3.13,7.835,7.476,8.721,0.403,7.007,6.022,9.319,8.681,7.476,5.691,8.322,6.964,6.834,7.295,6.927,7.013,7.307,1.415,0.637,1.607,1.532,0.632,0.554,1.532,3.941,3.791,7.317,14.792,1.862,1.532,8.299,2.337,1.532,2.501,2.337,2.83,5.834,3.477,2.501,12.596,3.16,5.753,4.445,6.163,2.947,2.499,10.916,2.499,4.788,3.333,2.642,5.268,3.912,8.954,8.06,3.891,4.211,4.444,6.465,6.47,5.489,4.023,3.501,3.544,5.449,2.937,5.265,9.211,8.525,7.476,6.547,8.877,10.133,6.787,7.14,3.824,2.499,12.544,2.499,16.132,2.499,29.533,30.544,10.068,28.445,13.034,21.985,50.333,47.468,58.759,37.476,29.808,26.747,25.256,2.499,106.654
E058,0.258,1.013,0.988,0.936,1.432,1.797,0.502,1.782,1.382,0.889,1.226,0.932,3.022,3.32,2.557,2.822,2.729,1.532,2.947,2.18,2.729,1.779,1.568,1.552,2.0,18.141,2.235,2.918,3.662,1.714,1.738,2.744,1.469,1.415,1.259,2.073,1.332,1.992,2.758,1.357,0.789,1.218,1.47,1.2,0.9,1.196,1.32,0.995,1.333,1.418,1.169,1.06,0.706,1.132,1.113,1.093,1.076,0.0,0.441,1.152,2.426,1.666,2.832,1.398,1.763,1.649,2.596,2.02,1.904,1.656,2.165,1.571,1.728,2.149,1.631,1.809,1.399,2.839,2.204,1.892,2.6,2.622,2.988,1.911,2.333,2.785,2.792,2.006,1.892,1.82,2.455,2.491,2.575,2.558,1.907,2.568,1.975,2.615,2.162,1.914,2.891,5.121,4.402,3.809,2.071,3.242,3.937,4.794,2.502,1.344,2.345,2.79,3.788,3.176,5.117,2.208,2.322,5.779,3.872,3.257,3.313,3.736,2.865,3.025,2.852,2.789,2.759,3.313,4.083,3.82,3.82,3.872,4.028,4.113,3.475,4.785,4.779,3.141,4.876,2.241,2.688,3.778,3.39,4.673,5.151,2.741,8.291,7.931,9.177,0.673,7.463,6.478,9.775,9.137,7.931,6.147,8.777,7.42,6.718,7.179,6.811,6.897,7.191,1.026,0.045,1.218,2.396,1.13,0.165,2.396,3.551,3.402,6.928,14.403,1.473,2.396,7.91,1.948,2.396,2.112,1.948,2.441,5.445,3.087,2.112,12.207,2.771,5.364,4.056,5.774,2.628,2.988,11.371,2.988,4.399,2.943,2.748,6.624,5.268,10.31,7.671,4.755,5.075,5.308,6.35,6.354,5.373,3.634,3.112,3.155,5.06,2.548,4.876,9.667,8.981,7.931,7.003,9.333,10.589,7.243,7.024,3.435,2.988,12.155,2.988,15.743,2.988,29.417,30.428,11.424,29.8,14.389,21.596,49.944,47.079,58.37,37.087,29.419,26.358,25.712,2.988,106.265
E059,0.699,0.572,0.796,0.496,1.24,1.073,0.062,1.263,1.19,0.697,1.034,0.629,2.83,3.128,2.365,2.63,2.538,1.34,2.755,1.988,2.538,1.587,1.376,1.36,1.808,17.949,2.043,2.726,3.47,1.522,1.546,2.552,1.277,1.222,1.927,2.22,2.001,2.007,1.608,1.504,1.508,1.365,1.03,0.759,1.047,1.342,1.467,1.092,0.893,0.978,1.303,1.156,1.591,1.279,1.26,1.24,1.223,0.441,0.0,1.299,1.776,1.147,2.313,1.206,1.571,1.458,2.078,1.502,1.313,1.464,1.972,1.379,1.209,1.957,1.113,1.617,1.207,2.321,1.686,1.373,2.082,1.971,2.337,1.26,1.683,2.134,2.142,1.355,1.373,1.169,1.936,1.84,2.59,2.573,1.256,2.583,1.991,1.465,1.511,1.058,2.906,4.279,3.56,2.967,2.086,3.257,3.095,4.941,2.649,2.012,2.492,2.937,2.946,3.323,5.264,2.355,2.469,5.587,4.019,3.404,3.46,3.882,3.012,3.172,2.999,2.936,2.906,3.46,4.23,3.967,3.967,4.019,4.175,4.26,3.622,4.932,4.586,2.949,4.684,2.049,2.496,3.586,3.198,4.481,4.959,2.549,8.099,7.739,8.985,0.82,7.271,6.286,9.583,8.945,7.739,5.955,8.585,7.228,6.865,7.326,6.958,7.044,7.338,0.833,0.395,1.365,2.543,1.226,0.312,2.543,3.36,3.21,6.736,14.211,1.281,2.543,7.718,1.756,2.543,1.92,1.756,1.922,4.926,2.896,1.92,12.015,2.253,4.846,3.538,5.255,1.977,2.337,11.18,2.337,3.881,2.425,2.097,5.782,4.426,9.468,7.152,4.902,5.222,5.455,6.497,6.501,5.52,3.442,2.92,2.963,4.868,2.356,4.684,9.475,8.789,7.739,6.81,9.141,10.397,7.051,7.171,3.243,2.337,11.637,2.337,15.224,2.337,29.564,30.575,10.582,28.958,13.547,21.404,49.752,46.887,58.178,36.569,28.901,25.84,25.52,2.337,106.073
E060,0.74,1.478,1.453,1.401,1.897,1.56,0.967,2.1,1.847,1.353,1.691,1.396,3.487,3.785,3.022,3.287,3.194,1.997,3.412,2.645,3.194,2.244,2.033,2.017,2.465,18.606,2.7,3.382,4.127,2.179,2.202,3.209,1.934,0.784,0.628,0.796,0.702,1.361,1.543,0.413,0.209,0.066,0.915,1.133,0.252,0.043,0.168,0.365,1.798,1.883,0.538,0.429,0.292,0.02,0.039,0.059,0.133,0.758,0.905,0.0,2.613,1.984,3.15,1.863,2.228,2.114,2.915,2.339,2.15,2.121,2.629,2.036,2.046,2.614,1.95,2.274,1.864,3.158,2.523,2.211,2.918,2.808,3.174,2.097,2.519,2.971,2.978,2.192,2.211,2.006,2.773,2.348,1.944,1.927,2.093,1.937,1.344,1.191,2.348,1.544,2.26,3.633,2.914,2.321,1.44,2.611,2.449,4.778,1.505,0.713,1.349,1.793,2.3,2.18,4.121,1.139,1.745,5.191,3.855,3.24,3.296,3.719,2.848,3.008,2.835,2.772,2.743,3.296,4.067,3.804,3.804,3.855,4.011,4.096,3.459,4.768,4.19,3.606,5.34,2.706,3.153,4.243,3.855,5.138,5.616,3.206,7.703,7.343,8.588,0.479,6.875,5.889,9.186,8.548,7.343,5.559,8.189,6.832,6.701,7.162,6.794,6.88,7.174,1.49,0.713,1.683,1.399,0.499,0.63,1.399,4.016,3.867,7.393,14.868,1.937,1.399,8.374,2.711,1.399,2.577,2.711,2.759,5.763,3.522,2.577,12.672,3.09,5.683,4.375,6.092,2.814,2.367,10.783,2.367,4.718,3.262,2.509,5.136,3.779,8.822,7.989,3.758,4.078,4.311,6.333,6.337,5.356,4.099,3.576,3.62,5.525,3.013,5.34,9.079,8.393,7.343,6.414,8.744,10.001,6.654,7.007,3.9,2.367,12.474,2.367,16.061,2.367,29.4,30.411,9.935,28.312,12.901,22.061,50.409,47.544,58.834,37.406,29.738,26.677,25.123,2.367,106.73
E061,2.674,1.346,1.424,1.387,0.994,1.08,1.638,1.197,1.044,1.917,1.872,1.495,3.801,4.228,3.336,3.731,3.638,1.832,3.855,3.088,3.638,2.687,1.539,2.331,2.779,19.167,3.014,3.826,4.57,1.715,2.517,3.652,2.248,1.942,2.733,2.848,2.807,1.64,1.004,2.594,2.378,2.471,1.75,1.479,2.629,2.493,2.369,2.172,2.148,2.233,2.023,2.108,2.461,2.557,2.576,2.595,2.669,2.416,1.7,2.536,0.0,1.081,2.246,1.53,1.621,1.95,2.011,1.435,1.246,1.514,2.147,1.428,1.142,2.131,1.046,1.666,1.788,2.254,1.619,1.307,2.015,1.172,0.562,0.838,0.947,0.596,0.603,0.64,1.307,0.747,0.96,0.401,1.379,1.362,0.58,1.372,1.188,1.509,0.598,0.894,1.695,3.655,2.936,2.343,1.309,2.046,2.471,6.562,2.588,2.818,3.193,3.637,2.322,4.024,4.885,2.572,3.589,6.806,5.877,5.025,5.081,5.137,4.633,4.793,4.62,4.557,4.527,5.081,5.375,5.112,5.112,5.877,5.855,5.404,5.243,6.077,5.805,4.167,5.902,3.15,3.596,4.804,4.417,5.699,6.177,3.768,9.318,8.958,10.203,2.402,8.489,7.504,10.801,10.163,8.958,7.173,9.804,8.446,8.009,8.47,8.103,8.189,8.483,2.054,2.371,2.986,3.243,2.364,2.288,3.243,4.46,4.31,7.836,15.429,2.136,3.243,9.428,1.807,3.243,2.095,1.807,1.855,4.86,2.618,2.095,13.115,2.186,4.779,3.471,5.188,0.202,0.898,12.398,0.898,3.814,2.358,0.658,5.158,3.802,8.844,7.085,4.523,4.843,5.076,7.641,7.646,6.665,4.542,4.02,4.063,6.087,3.574,5.902,10.694,10.007,8.958,8.029,10.359,11.615,8.269,8.316,4.343,0.898,11.57,0.898,15.157,0.898,30.709,31.72,9.958,28.334,12.923,22.623,50.971,48.105,59.396,36.502,28.834,25.773,26.738,0.898,107.292
E062,2.16,0.965,0.91,1.006,0.48,0.698,1.257,0.453,0.53,1.403,1.615,1.446,3.127,3.673,2.662,3.175,3.082,1.158,3.3,2.532,3.082,2.356,1.103,1.657,2.105,18.493,2.34,3.27,4.014,1.041,1.843,3.096,1.574,1.56,2.352,2.52,2.426,2.346,1.659,2.212,1.997,2.09,1.369,1.098,2.115,2.112,1.987,1.791,1.767,1.852,1.641,1.726,2.08,2.175,2.195,2.214,2.292,1.903,1.319,2.155,1.327,0.0,1.235,1.273,0.86,1.276,1.0,0.424,1.001,0.946,1.136,1.031,0.131,1.12,0.302,0.793,1.531,1.243,0.608,0.226,1.004,1.248,1.889,0.812,1.569,1.686,1.693,1.262,0.226,0.721,0.858,1.392,2.929,2.353,0.808,2.363,2.046,1.516,1.063,0.815,2.686,4.618,3.899,3.306,2.425,3.037,3.434,6.049,3.551,2.437,3.073,3.517,3.285,3.904,5.845,2.863,3.576,6.132,5.203,4.905,5.761,5.38,4.512,4.673,4.5,4.436,4.407,5.761,5.618,5.254,5.254,5.203,5.181,5.647,5.598,6.319,5.131,3.494,5.228,2.944,3.391,4.13,3.743,5.025,5.503,3.094,8.643,8.284,9.529,1.889,7.815,6.83,10.127,9.489,8.284,6.5,9.13,7.772,8.252,8.713,8.345,8.431,8.725,1.54,1.857,2.472,3.123,1.983,1.774,3.123,3.904,3.754,7.281,14.755,1.462,3.123,8.417,0.796,3.123,1.083,0.796,0.844,3.849,1.607,1.083,12.56,1.175,3.768,2.459,4.177,1.529,1.889,11.724,1.889,2.803,1.347,1.649,6.121,4.764,10.06,6.074,5.482,5.802,6.035,7.884,7.888,6.907,4.337,3.815,3.858,5.413,2.9,5.228,10.02,9.333,8.284,7.355,9.685,10.941,7.595,8.558,4.138,1.889,10.559,1.889,14.146,1.889,30.951,31.963,10.92,30.064,14.653,21.949,50.297,47.431,58.722,35.491,27.823,24.762,26.064,1.889,106.618
E063,3.123,1.927,1.873,1.969,1.442,1.661,2.219,1.415,1.493,2.366,2.055,2.409,3.568,4.113,3.103,3.615,3.522,1.599,3.74,2.972,3.522,2.796,1.543,2.098,2.546,18.933,2.78,3.71,4.455,1.482,2.283,3.537,2.014,2.523,3.314,3.482,3.388,3.308,2.429,3.175,2.959,3.052,2.331,2.06,3.078,3.074,2.95,2.753,2.729,2.814,2.604,2.689,3.042,3.138,3.157,3.176,3.254,2.865,2.281,3.118,1.8,1.279,0.0,1.713,1.301,1.716,0.935,0.672,1.442,1.386,0.924,1.471,1.148,0.94,1.264,1.233,1.971,0.977,0.619,0.955,0.939,1.183,2.362,1.292,1.504,2.159,2.166,1.197,0.955,1.383,0.794,1.865,2.843,2.826,1.771,2.836,2.816,2.285,2.025,1.671,3.159,5.58,4.861,4.268,3.387,3.51,4.396,7.011,4.513,3.4,4.035,4.479,4.247,4.866,6.807,3.826,4.538,6.572,5.643,5.345,6.201,5.82,4.953,5.113,4.94,4.877,4.847,6.201,6.058,5.694,5.694,5.643,5.621,6.087,6.039,6.76,5.571,3.934,5.668,3.385,3.831,4.57,4.183,5.466,5.944,3.534,9.084,8.724,9.969,2.851,8.256,7.271,10.567,9.929,8.724,6.94,9.57,8.213,8.693,9.153,8.786,8.872,9.166,2.502,2.82,3.435,4.086,2.946,2.736,4.086,4.344,4.194,5.95,15.195,1.903,4.086,7.069,1.236,4.086,1.082,1.236,0.302,3.784,1.341,1.082,10.886,0.909,3.703,2.395,4.113,2.002,2.362,12.164,2.362,2.738,1.282,2.122,7.083,5.727,9.996,6.01,6.445,6.765,6.998,8.324,8.329,7.348,4.777,4.255,4.298,5.853,3.341,5.668,10.46,9.774,8.724,7.795,10.126,11.382,8.036,8.999,4.578,2.362,10.494,2.362,14.082,2.362,31.392,32.403,11.883,29.999,14.588,22.389,50.737,47.871,59.162,35.426,27.758,24.697,26.504,2.362,107.058
E064,1.588,1.796,0.338,1.291,1.312,1.53,1.314,0.555,1.362,0.831,0.342,0.874,2.432,2.977,1.967,2.48,2.387,0.463,2.604,1.837,2.387,1.333,0.17,0.962,1.41,17.798,1.645,2.575,3.319,0.346,1.148,2.401,0.879,2.392,2.423,2.755,2.497,3.177,2.491,2.0,2.004,1.861,2.2,1.929,1.543,1.839,1.963,2.622,1.824,1.909,2.473,2.558,2.087,1.775,1.756,1.736,1.719,1.33,1.376,1.795,2.159,1.148,1.872,0.0,0.365,0.581,1.637,1.061,0.506,0.258,0.778,0.173,1.017,0.762,1.133,0.411,0.258,1.526,1.245,1.374,1.641,1.885,2.721,1.643,2.066,2.518,2.525,1.738,1.374,1.552,1.496,2.223,3.76,3.184,1.64,3.194,2.878,2.347,1.894,1.647,3.517,5.449,4.73,4.137,3.256,3.868,4.265,5.476,3.184,2.509,3.027,3.472,4.117,3.858,5.799,2.89,3.004,5.437,4.508,3.756,3.812,4.685,3.364,3.524,3.351,3.288,3.258,3.812,4.021,4.559,4.559,4.508,4.486,4.05,3.974,4.723,4.436,2.798,4.533,1.796,2.242,3.435,3.048,4.33,4.808,2.399,7.948,7.588,8.834,1.316,7.12,6.135,9.432,8.794,7.588,5.804,8.435,7.077,6.655,7.117,6.749,6.835,7.129,0.968,1.285,1.9,3.078,2.294,1.202,3.078,3.209,3.059,6.585,14.06,0.767,3.078,7.32,0.562,3.078,0.726,0.562,1.622,4.486,1.701,0.726,11.864,1.458,4.405,3.097,4.814,2.36,2.72,11.029,2.72,3.44,1.984,2.481,6.952,5.596,10.698,6.711,5.437,5.757,5.99,6.287,6.292,5.311,3.188,2.666,2.709,4.718,2.205,4.533,9.325,8.638,7.588,6.66,8.99,10.246,6.9,6.962,2.989,2.72,11.196,2.72,14.783,2.72,29.355,30.366,11.752,30.701,15.29,21.253,49.601,46.736,58.027,36.128,28.46,25.399,25.369,2.72,105.923
E065,1.678,1.43,0.428,1.381,0.945,1.164,1.404,0.19,0.996,0.921,0.707,0.964,2.636,3.181,2.171,2.683,2.59,0.667,2.808,2.041,2.59,1.691,0.374,1.166,1.614,18.002,1.849,2.779,3.523,0.55,1.351,2.605,1.083,2.026,2.817,2.845,2.891,2.811,2.124,2.09,2.462,1.951,1.834,1.563,1.633,1.929,2.053,2.256,1.914,1.999,2.107,2.192,2.545,1.865,1.846,1.826,1.809,1.42,1.466,1.885,1.793,0.781,1.506,0.365,0.0,0.784,1.271,0.695,0.141,0.107,0.903,0.192,0.651,0.887,0.767,0.067,0.623,1.514,0.878,1.007,1.274,1.519,2.354,1.277,1.7,2.151,2.159,1.372,1.007,1.186,1.129,1.857,3.394,2.818,1.273,2.828,2.511,1.981,1.528,1.28,3.151,5.083,4.364,3.771,2.89,3.502,3.899,5.566,3.274,2.902,3.117,3.562,3.75,3.949,5.889,2.98,3.094,5.64,4.711,4.029,4.085,4.888,3.637,3.797,3.624,3.561,3.531,4.085,5.126,4.763,4.763,4.711,4.689,5.155,5.107,5.828,4.639,3.002,4.737,2.154,2.6,3.639,3.251,4.534,5.012,2.602,8.152,7.792,9.037,1.406,7.324,6.339,9.636,8.998,7.792,6.008,8.638,7.281,7.761,8.222,7.854,7.94,8.234,1.058,1.375,1.99,3.168,2.448,1.292,3.168,3.412,3.263,6.789,14.264,0.971,3.168,8.688,0.563,3.168,0.851,0.563,1.256,4.12,1.826,0.851,12.068,1.446,4.039,2.73,4.448,1.994,2.354,11.232,2.354,3.073,1.618,2.114,6.586,5.229,10.332,6.345,5.527,5.847,6.08,7.393,7.397,6.416,3.546,3.024,3.067,4.921,2.409,4.737,9.528,8.842,7.792,6.863,9.194,10.45,7.104,8.067,3.347,2.354,10.83,2.354,14.417,2.354,30.46,31.471,11.386,30.335,14.924,21.457,49.805,46.94,58.23,35.761,28.093,25.032,25.573,2.354,106.126
E066,1.986,1.834,0.736,1.689,1.349,1.567,1.712,1.322,1.399,1.229,0.901,1.272,2.152,2.697,1.687,2.2,2.107,0.118,2.324,1.557,2.107,1.381,0.389,0.682,1.13,17.518,1.365,2.295,3.039,0.365,0.868,2.121,0.599,2.429,3.221,3.153,3.295,3.215,2.528,2.398,2.866,2.259,2.238,1.967,1.94,2.236,2.361,2.659,2.222,2.307,2.51,2.595,2.949,2.172,2.154,2.134,2.117,1.728,1.774,2.193,2.196,1.185,1.91,0.559,0.763,0.0,1.675,1.098,0.903,0.656,0.816,0.571,1.054,0.8,1.171,0.964,0.817,1.563,1.282,1.411,1.678,1.923,2.758,1.681,2.103,2.555,2.562,1.776,1.411,1.59,1.533,2.261,3.798,3.222,1.677,3.232,2.915,2.385,1.932,1.684,3.555,5.487,4.768,4.175,3.294,3.906,4.303,5.874,3.581,3.306,3.425,3.869,4.154,4.256,6.197,3.288,3.401,5.157,4.228,3.929,4.786,4.405,3.537,3.698,3.525,3.461,3.432,4.786,4.643,4.279,4.279,4.228,4.206,4.672,4.623,5.344,4.156,2.518,4.253,1.969,2.416,3.155,2.768,4.05,4.528,2.119,7.668,7.309,8.554,1.714,6.84,5.855,9.152,8.514,7.309,5.524,8.155,6.797,7.277,7.738,7.37,7.456,7.75,1.365,1.683,2.298,3.475,2.852,1.599,3.475,2.929,2.779,6.306,13.78,0.487,3.475,7.04,0.599,3.475,0.763,0.599,1.659,4.523,1.739,0.763,11.585,1.496,4.443,3.134,4.852,2.398,2.758,10.749,2.758,3.477,2.022,2.518,6.99,5.633,10.735,6.749,5.834,6.154,6.388,6.909,6.913,5.932,3.362,2.84,2.883,4.438,1.925,4.253,9.044,8.358,7.309,6.38,8.71,9.966,6.62,7.583,3.163,2.758,11.233,2.758,14.821,2.758,29.976,30.987,11.789,30.738,15.328,20.974,49.321,46.456,57.747,36.165,28.497,25.436,25.089,2.758,105.643
E067,3.162,1.966,1.912,2.008,1.482,1.7,2.258,1.454,1.532,2.405,2.094,2.448,3.607,4.152,3.142,3.654,3.561,1.638,3.779,3.011,3.561,2.835,1.582,2.137,2.584,18.973,2.82,3.749,4.494,1.521,2.322,3.576,2.053,2.562,3.353,3.521,3.427,3.347,2.194,3.214,2.998,3.091,2.37,2.099,3.116,3.113,2.989,2.792,2.768,2.853,2.643,2.728,3.081,3.177,3.196,3.215,3.293,2.904,2.32,3.156,1.565,1.318,0.935,1.752,1.34,1.755,0.0,0.903,1.48,1.425,1.615,1.51,1.187,1.599,1.303,1.272,2.01,1.722,1.087,0.72,0.004,0.949,2.127,1.058,1.269,1.924,1.931,0.962,0.72,1.148,0.559,1.63,2.608,2.591,1.81,2.601,2.581,2.05,2.064,1.436,2.924,5.619,4.9,4.307,3.426,3.275,4.435,7.05,4.552,3.439,4.074,4.519,4.287,4.905,6.846,3.865,4.577,6.611,5.682,5.384,6.24,5.859,4.992,5.152,4.979,4.916,4.886,6.24,6.097,5.734,5.734,5.682,5.66,6.126,6.078,6.799,5.61,3.973,5.707,3.424,3.87,4.609,4.222,5.505,5.983,3.573,9.123,8.763,10.008,2.89,8.295,7.31,10.606,9.968,8.763,6.979,9.609,8.252,8.732,9.193,8.825,8.911,9.205,2.542,2.859,3.474,4.125,2.985,2.776,4.125,4.383,4.234,7.76,15.235,1.942,4.125,6.848,1.275,4.125,1.563,1.275,0.685,3.348,2.086,1.563,13.039,1.654,3.268,1.959,3.677,1.767,2.127,12.203,2.127,2.302,0.847,1.887,7.122,5.766,9.56,5.574,6.484,6.804,7.037,8.364,8.368,7.387,4.816,4.294,4.337,5.892,3.38,5.707,10.499,9.813,8.763,7.834,10.165,11.421,8.075,9.038,4.617,2.127,10.059,2.127,13.646,2.127,31.431,32.442,11.922,29.564,14.153,22.428,50.776,47.91,59.201,34.99,27.322,24.261,26.543,2.127,107.097
E068,2.451,1.256,1.201,1.297,0.771,0.989,1.547,0.743,0.821,1.694,1.383,1.737,2.896,3.441,2.431,2.943,2.85,0.927,3.068,2.301,2.85,2.125,0.871,1.426,1.874,18.262,2.109,3.039,3.783,0.81,1.611,2.865,1.343,1.851,2.643,2.811,2.716,2.637,1.95,2.503,2.287,2.38,1.659,1.389,2.406,2.402,2.278,2.081,2.057,2.142,1.932,2.017,2.37,2.466,2.485,2.505,2.582,2.193,1.609,2.446,1.618,0.607,0.649,1.042,0.629,1.044,1.096,0.0,0.77,0.714,0.904,0.8,0.476,0.889,0.593,0.562,1.299,0.819,0.184,0.833,1.1,1.345,2.18,1.102,1.525,1.977,1.984,1.198,0.833,1.011,0.955,1.682,3.219,2.644,1.099,2.654,2.337,1.807,1.353,1.106,2.977,4.909,4.19,3.596,2.715,3.328,3.725,6.339,3.841,2.728,3.363,3.808,3.576,4.195,6.136,3.154,3.867,5.9,4.971,4.673,5.529,5.148,4.281,4.441,4.268,4.205,4.176,5.529,5.386,5.023,5.023,4.971,4.949,5.416,5.367,6.088,4.899,3.262,4.997,2.713,3.159,3.899,3.511,4.794,5.272,2.862,8.412,8.052,9.297,2.179,7.584,6.599,9.896,9.258,8.052,6.268,8.898,7.541,8.021,8.482,8.114,8.2,8.494,1.831,2.148,2.763,3.414,2.274,2.065,3.414,3.672,3.523,7.049,14.524,1.231,3.414,6.726,0.564,3.414,0.852,0.564,0.421,3.945,1.183,0.852,10.727,0.751,3.864,2.556,4.274,1.82,2.179,11.492,2.179,2.899,1.443,1.94,6.411,5.055,10.157,6.171,5.773,6.093,6.326,7.653,7.657,6.676,4.106,3.583,3.627,5.181,2.669,4.997,9.788,9.102,8.052,7.123,9.454,10.71,7.364,8.327,3.907,2.179,10.655,2.179,14.242,2.179,30.72,31.731,11.211,30.16,14.749,21.717,50.065,47.2,58.491,35.587,27.919,24.858,25.833,2.179,106.386
E069,1.819,0.881,0.569,0.923,0.397,0.615,1.545,0.05,0.447,1.062,0.848,1.105,2.777,3.322,2.312,2.824,2.731,0.807,2.949,2.182,2.731,1.832,0.515,1.307,1.754,18.142,1.989,2.919,3.663,0.691,1.492,2.746,1.223,1.477,2.268,2.437,2.342,2.262,1.576,2.129,1.913,2.092,1.285,1.014,1.774,2.069,1.904,1.707,2.055,2.14,1.558,1.643,1.996,2.006,1.987,1.967,1.95,1.561,1.607,2.026,1.244,0.253,1.647,0.506,0.141,0.925,1.412,0.607,0.0,0.248,1.044,0.333,0.315,1.028,0.198,0.208,0.764,1.426,0.791,0.479,1.415,1.66,1.806,0.728,1.151,1.603,1.61,0.824,0.479,0.637,1.27,1.308,2.845,2.27,0.725,2.28,1.963,1.433,0.979,0.732,2.602,4.535,3.815,3.222,2.341,2.953,3.35,5.707,3.414,2.354,3.258,3.703,3.202,4.089,6.03,3.121,3.235,5.781,4.852,4.17,4.226,5.029,3.777,3.938,3.765,3.702,3.672,4.226,5.267,4.904,4.904,4.852,4.83,5.296,5.248,5.969,4.78,3.143,4.877,2.295,2.741,3.779,3.392,4.675,5.153,2.743,8.293,7.933,9.178,1.547,7.465,6.48,9.776,9.138,7.933,6.149,8.779,7.422,7.902,8.363,7.995,8.081,8.375,1.199,1.516,2.131,3.309,1.9,1.433,3.309,3.553,3.404,6.93,14.405,1.112,3.309,8.829,0.704,3.309,0.992,0.704,1.028,4.26,1.967,0.992,12.209,1.359,4.18,2.871,4.589,1.446,1.805,11.373,1.805,3.214,1.759,1.566,6.037,4.681,10.472,6.486,5.668,5.988,6.221,7.533,7.538,6.557,3.687,3.165,3.208,5.062,2.55,4.877,9.669,8.983,7.933,7.004,9.335,10.591,7.245,8.208,3.488,1.805,10.97,1.805,14.558,1.805,30.601,31.612,10.837,29.213,13.803,21.598,49.946,47.08,58.371,35.902,28.234,25.173,25.713,1.805,106.267
E070,1.571,1.516,0.321,1.274,1.031,1.249,1.297,0.297,1.081,0.814,0.6,0.857,2.529,3.074,2.064,2.576,2.484,0.56,2.701,1.934,2.484,1.585,0.267,1.059,1.507,17.895,1.742,2.672,3.416,0.443,1.245,2.498,0.976,2.111,2.406,2.738,2.48,2.896,2.21,1.983,1.987,1.844,1.919,1.648,1.526,1.822,1.946,2.341,1.808,1.892,2.192,2.277,2.07,1.758,1.739,1.72,1.703,1.314,1.359,1.778,1.878,0.867,1.591,0.258,0.107,0.677,1.356,0.78,0.248,0.0,0.875,0.085,0.736,0.859,0.852,0.153,0.516,1.599,0.964,1.093,1.36,1.604,2.44,1.362,1.785,2.237,2.244,1.458,1.093,1.271,1.215,1.942,3.479,2.904,1.359,2.913,2.597,2.067,1.613,1.366,3.236,5.168,4.449,3.856,2.975,3.587,3.984,5.46,3.167,2.492,3.01,3.455,3.836,3.842,5.783,2.874,2.987,5.533,4.604,3.922,3.978,4.782,3.53,3.69,3.517,3.454,3.425,3.978,5.02,4.656,4.656,4.604,4.583,5.049,5.0,5.721,4.533,2.895,4.63,2.047,2.494,3.532,3.144,4.427,4.905,2.495,8.045,7.685,8.931,1.3,7.217,6.232,9.529,8.891,7.685,5.901,8.531,7.174,7.654,8.115,7.747,7.833,8.127,0.951,1.268,1.883,3.061,2.534,1.185,3.061,3.306,3.156,6.682,14.157,0.864,3.061,7.417,0.648,3.061,0.823,0.648,1.341,4.205,1.798,0.823,11.961,1.531,4.124,2.816,4.534,2.079,2.439,11.126,2.439,3.159,1.703,2.2,6.671,5.315,10.417,6.431,5.42,5.74,5.973,7.286,7.29,6.309,3.44,2.917,2.961,4.815,2.302,4.63,9.421,8.735,7.685,6.757,9.087,10.343,6.997,7.96,3.241,2.439,10.915,2.439,14.502,2.439,30.353,31.364,11.471,30.42,15.009,21.35,49.698,46.833,58.124,35.847,28.179,25.118,25.466,2.439,106.019
E071,2.215,1.507,0.965,1.549,1.022,1.241,1.941,0.995,1.073,1.458,1.13,1.501,2.643,3.188,2.178,2.69,2.597,0.673,2.815,2.047,2.597,1.871,0.618,1.173,1.62,18.008,1.855,2.785,3.529,0.556,1.358,2.612,1.089,2.103,2.894,3.062,2.968,2.888,2.202,2.755,2.539,2.488,1.911,1.64,2.17,2.465,2.53,2.333,2.451,2.536,2.184,2.269,2.622,2.401,2.383,2.363,2.346,1.957,2.003,2.422,1.87,0.859,0.966,0.788,0.705,0.791,1.348,0.772,0.846,0.885,0.0,0.799,0.728,0.016,0.844,0.637,1.046,0.817,0.716,1.085,1.352,1.596,2.432,1.354,1.777,2.229,2.236,1.449,1.085,1.263,1.206,1.934,3.471,2.896,1.351,2.905,2.589,2.058,1.605,1.358,3.228,5.16,4.441,3.848,2.967,3.579,3.976,6.103,3.81,2.98,3.654,4.098,3.828,4.485,6.426,3.517,3.631,5.647,4.718,4.42,5.276,4.895,4.027,4.188,4.015,3.952,3.922,5.276,5.133,4.769,4.769,4.718,4.696,5.162,5.113,5.835,4.646,3.009,4.743,2.459,2.906,3.645,3.258,4.54,5.019,2.609,8.159,7.799,9.044,1.943,7.33,6.346,9.642,9.004,7.799,6.015,8.645,7.287,7.767,8.228,7.86,7.946,8.24,1.595,1.912,2.527,3.704,2.526,1.829,3.704,3.419,3.269,6.796,14.27,0.977,3.704,6.799,0.437,3.704,0.158,0.437,0.737,4.197,1.256,0.158,12.075,0.749,4.116,2.808,4.525,2.071,2.431,11.239,2.431,3.151,1.695,2.192,6.663,5.307,10.409,6.422,6.063,6.383,6.617,7.399,7.403,6.423,3.852,3.33,3.373,4.928,2.415,4.743,9.535,8.848,7.799,6.87,9.2,10.457,7.111,8.073,3.653,2.431,10.907,2.431,14.494,2.431,30.467,31.478,11.463,30.412,15.001,21.464,49.812,46.946,58.237,35.839,28.171,25.11,25.579,2.431,106.133
E072,1.486,1.266,0.236,1.189,1.116,1.334,1.212,0.383,1.166,0.729,0.514,0.772,2.444,2.989,1.979,2.491,2.398,0.474,2.616,1.849,2.398,1.499,0.182,0.974,1.421,17.809,1.656,2.586,3.33,0.358,1.159,2.413,0.89,2.196,2.321,2.653,2.395,2.982,2.295,1.898,1.902,1.759,2.005,1.734,1.441,1.736,1.861,2.426,1.722,1.807,2.277,2.362,1.985,1.673,1.654,1.634,1.617,1.228,1.274,1.693,1.963,0.952,1.677,0.173,0.192,0.592,1.442,0.865,0.333,0.085,0.79,0.0,0.821,0.774,0.938,0.238,0.431,1.537,1.049,1.178,1.445,1.69,2.525,1.448,1.87,2.322,2.329,1.543,1.178,1.357,1.3,2.027,3.565,2.989,1.444,2.999,2.682,2.152,1.698,1.451,3.322,5.254,4.535,3.942,3.061,3.673,4.07,5.374,3.082,2.406,2.925,3.369,3.921,3.756,5.697,2.788,2.902,5.448,4.519,3.837,3.893,4.696,3.445,3.605,3.432,3.369,3.339,3.893,4.934,4.571,4.571,4.519,4.497,4.963,4.915,5.636,4.447,2.81,4.544,1.962,2.408,3.446,3.059,4.342,4.82,2.41,7.96,7.6,8.845,1.214,7.132,6.147,9.443,8.805,7.6,5.816,8.446,7.089,7.569,8.03,7.662,7.748,8.042,0.866,1.183,1.798,2.976,2.192,1.1,2.976,3.22,3.071,6.597,14.072,0.779,2.976,7.331,0.734,2.976,0.737,0.734,1.426,4.29,1.713,0.737,11.876,1.469,4.21,2.901,4.619,2.165,2.525,11.04,2.525,3.244,1.789,2.285,6.757,5.4,10.502,6.516,5.335,5.655,5.888,7.2,7.205,6.224,3.354,2.832,2.875,4.729,2.217,4.544,9.336,8.65,7.6,6.671,9.002,10.258,6.912,7.875,3.155,2.525,11.0,2.525,14.588,2.525,30.268,31.279,11.556,30.505,15.095,21.265,49.613,46.747,58.038,35.932,28.264,25.203,25.38,2.525,105.934
E073,1.975,0.78,0.725,0.821,0.295,0.513,1.071,0.267,0.345,1.218,1.173,1.261,2.996,3.542,2.531,3.044,2.951,1.027,3.168,2.401,2.951,1.988,0.84,1.526,1.974,18.362,2.209,3.139,3.883,0.91,1.712,2.966,1.443,1.375,2.166,2.335,2.24,2.16,1.474,2.027,1.811,1.904,1.183,0.912,1.93,1.926,1.802,1.605,1.581,1.666,1.456,1.541,1.894,1.99,2.009,2.029,2.106,1.717,1.133,1.97,1.142,0.131,1.104,0.832,0.729,1.145,0.869,0.293,0.317,0.815,1.005,0.729,0.0,0.989,0.117,0.662,1.089,1.112,0.477,0.357,0.873,1.117,1.704,0.626,1.049,1.501,1.508,0.722,0.357,0.535,0.727,1.206,2.743,2.168,0.623,2.178,1.861,1.331,0.877,0.63,2.5,4.433,3.713,3.12,2.239,2.852,3.248,5.863,3.365,2.252,2.887,3.332,3.1,3.719,5.66,2.678,3.391,6.001,5.072,4.326,4.382,5.249,3.933,4.094,3.921,3.858,3.828,4.382,5.487,5.123,5.123,5.072,5.05,5.516,4.544,6.188,5.0,3.362,5.097,2.451,2.897,3.999,3.612,4.894,5.372,2.963,8.512,8.153,9.398,1.703,7.684,6.699,9.996,9.358,8.153,6.369,8.999,7.641,8.121,8.582,8.214,8.3,8.594,1.355,1.672,2.287,2.938,1.798,1.589,2.938,3.773,3.623,7.15,14.624,1.331,2.938,8.286,0.665,2.938,0.952,0.665,0.713,3.718,1.476,0.952,12.429,1.044,3.637,2.329,4.046,1.344,1.703,11.593,1.703,2.671,1.216,1.464,5.935,4.579,9.93,5.943,5.297,5.617,5.85,7.753,7.757,6.776,3.843,3.321,3.364,5.282,2.769,5.097,9.889,9.202,8.153,7.224,9.554,10.81,7.464,8.427,3.644,1.703,10.428,1.703,14.015,1.703,30.82,31.832,10.735,29.111,13.701,21.818,50.166,47.3,58.591,35.36,27.692,24.631,25.933,1.703,106.487
E074,2.199,1.492,0.949,1.533,1.007,1.225,1.925,0.979,1.057,1.442,1.114,1.485,2.627,3.172,2.162,2.674,2.581,0.658,2.799,2.032,2.581,1.855,0.602,1.157,1.605,17.993,1.839,2.769,3.514,0.541,1.342,2.596,1.073,2.087,2.878,3.047,2.952,2.873,2.186,2.739,2.523,2.472,1.895,1.625,2.154,2.45,2.514,2.317,2.435,2.52,2.168,2.253,2.606,2.386,2.367,2.347,2.33,1.941,1.987,2.406,1.854,0.843,0.982,0.772,0.689,0.775,1.332,0.756,0.83,0.869,0.016,0.784,0.712,0.0,0.829,0.622,1.03,0.833,0.732,1.069,1.336,1.581,2.416,1.338,1.761,2.213,2.22,1.434,1.069,1.247,1.191,1.918,3.455,2.88,1.335,2.89,2.573,2.043,1.589,1.342,3.212,5.145,4.426,3.832,2.951,3.564,3.961,6.088,3.795,2.964,3.638,4.083,3.812,4.469,6.41,3.501,3.615,5.631,4.702,4.404,5.26,4.879,4.012,4.172,3.999,3.936,3.906,5.26,5.117,4.754,4.754,4.702,4.68,5.146,5.098,5.819,4.63,2.993,4.727,2.444,2.89,3.63,3.242,4.525,5.003,2.593,8.143,7.783,9.028,1.927,7.315,6.33,9.627,8.988,7.783,5.999,8.629,7.272,7.752,8.213,7.845,7.931,8.225,1.579,1.896,2.511,3.689,2.51,1.813,3.689,3.403,3.254,6.78,14.255,0.962,3.689,6.784,0.421,3.689,0.142,0.421,0.753,4.181,1.24,0.142,12.059,0.765,4.1,2.792,4.51,2.056,2.415,11.223,2.415,3.135,1.679,2.176,6.647,5.291,10.393,6.407,6.048,6.368,6.601,7.383,7.388,6.407,3.837,3.314,3.357,4.912,2.4,4.727,9.519,8.833,7.783,6.854,9.185,10.441,7.095,8.058,3.637,2.415,10.891,2.415,14.478,2.415,30.451,31.462,11.447,30.396,14.985,21.448,49.796,46.931,58.221,35.823,28.155,25.094,25.564,2.415,106.117
E075,1.879,0.683,0.629,0.725,0.198,0.417,0.975,0.151,0.249,1.122,1.077,1.165,3.113,3.658,2.648,3.16,3.067,1.144,3.285,2.518,3.067,1.892,0.744,1.643,2.091,18.479,2.326,3.256,4.0,1.027,1.828,3.082,1.56,1.279,2.07,2.238,2.144,2.064,1.378,1.931,1.715,1.808,1.087,0.816,1.833,1.83,1.706,1.509,1.485,1.57,1.36,1.445,1.798,1.894,1.913,1.932,2.01,1.621,1.037,1.873,1.046,0.055,1.22,0.735,0.825,1.261,0.986,0.409,0.2,0.719,1.121,0.633,0.117,1.106,0.0,0.778,0.993,1.228,0.593,0.281,0.989,1.234,1.608,0.53,0.953,1.405,1.412,0.625,0.281,0.439,0.844,1.11,2.647,2.071,0.526,2.081,1.765,1.234,0.781,0.534,2.404,4.336,3.617,3.024,2.143,2.755,3.152,5.767,3.269,2.156,2.791,3.236,3.003,3.622,5.563,2.582,3.294,6.117,5.188,4.229,4.286,4.342,3.837,3.998,3.825,3.761,3.732,4.286,4.58,4.317,4.317,5.188,5.166,4.609,4.448,5.282,5.116,3.479,5.213,2.354,2.801,4.116,3.728,5.011,5.489,3.079,8.629,8.269,9.514,1.607,7.801,6.816,10.113,9.475,8.269,6.485,9.115,7.758,7.214,7.675,7.307,7.393,7.687,1.258,1.576,2.191,2.842,1.702,1.492,2.842,3.889,3.74,7.266,14.741,1.448,2.842,8.403,0.781,2.842,1.069,0.781,0.83,3.834,1.592,1.069,12.545,1.16,3.753,2.445,4.163,1.247,1.607,11.709,1.607,2.788,1.333,1.367,5.839,4.483,10.046,6.06,5.201,5.521,5.754,6.846,6.85,5.87,3.747,3.225,3.268,5.398,2.886,5.213,10.005,9.319,8.269,7.34,9.671,10.927,7.581,7.52,3.548,1.607,10.544,1.607,14.132,1.607,29.914,30.925,10.639,29.015,13.604,21.934,50.282,47.417,58.708,35.476,27.808,24.747,26.05,1.607,106.603
E076,1.724,1.363,0.474,1.427,0.878,1.096,1.45,0.258,0.928,0.967,0.753,1.01,2.682,3.227,2.217,2.729,2.636,0.713,2.854,2.087,2.636,1.737,0.42,1.212,1.66,18.048,1.895,2.824,3.569,0.596,1.397,2.651,1.129,1.958,2.75,2.918,2.823,2.744,2.057,2.136,2.394,1.997,1.766,1.496,1.679,1.974,2.385,2.188,1.96,2.045,2.039,2.124,2.478,1.911,1.892,1.872,1.855,1.466,1.512,1.931,1.725,0.714,1.438,0.411,0.067,0.83,1.204,0.627,0.208,0.153,0.836,0.238,0.583,0.82,0.7,0.0,0.669,1.446,0.811,0.94,1.207,1.452,2.287,1.21,1.632,2.084,2.091,1.305,0.94,1.119,1.062,1.789,3.326,2.751,1.206,2.761,2.444,1.914,1.46,1.213,3.084,5.016,4.297,3.704,2.822,3.435,3.832,5.612,3.32,2.835,3.163,3.607,3.683,3.994,5.935,3.026,3.14,5.686,4.757,4.075,4.131,4.934,3.683,3.843,3.67,3.607,3.577,4.131,5.172,4.809,4.809,4.757,4.735,5.201,5.153,5.874,4.685,3.048,4.782,2.2,2.646,3.684,3.297,4.58,5.058,2.648,8.198,7.838,9.083,1.452,7.37,6.385,9.681,9.043,7.838,6.054,8.684,7.327,7.807,8.268,7.9,7.986,8.28,1.104,1.421,2.036,3.214,2.381,1.338,3.214,3.458,3.309,6.835,14.31,1.017,3.214,8.621,0.495,3.214,0.783,0.495,1.188,4.052,1.759,0.783,12.114,1.378,3.971,2.663,4.381,1.927,2.287,11.278,2.287,3.006,1.55,2.047,6.519,5.162,10.264,6.278,5.573,5.893,6.126,7.439,7.443,6.462,3.592,3.07,3.113,4.967,2.455,4.782,9.574,8.888,7.838,6.909,9.24,10.496,7.15,8.113,3.393,2.287,10.762,2.287,14.35,2.287,30.506,31.517,11.318,30.267,14.857,21.503,49.851,46.986,58.276,35.694,28.026,24.965,25.619,2.287,106.172
E077,1.5,1.28,0.25,1.203,1.287,1.621,1.226,0.533,1.237,0.743,0.595,0.786,2.524,3.069,2.059,2.571,2.478,0.555,2.696,1.929,2.478,1.513,0.262,1.054,1.502,17.89,1.737,2.667,3.411,0.438,1.239,2.493,0.971,2.483,2.335,2.667,2.409,3.269,2.582,1.912,1.916,1.773,2.292,2.021,1.455,1.751,1.875,2.072,1.736,1.821,2.564,2.136,1.999,1.687,1.668,1.649,1.632,1.242,1.288,1.707,2.251,1.239,1.964,0.253,0.343,0.672,1.729,1.153,0.484,0.236,0.87,0.151,1.109,0.854,1.225,0.389,0.0,1.617,1.337,1.465,1.732,1.977,2.812,1.735,2.158,2.609,2.616,1.83,1.465,1.644,1.587,2.315,3.852,3.276,1.731,3.286,2.969,2.439,1.986,1.738,3.609,5.541,4.822,4.229,3.348,3.96,4.357,5.389,3.096,2.421,2.939,3.384,4.208,3.771,5.712,2.803,2.916,5.528,4.599,3.851,3.907,4.776,3.459,3.619,3.446,3.383,3.354,3.907,4.202,4.651,4.651,4.599,4.577,4.231,4.07,4.903,4.527,2.89,4.625,1.976,2.422,3.527,3.139,4.422,4.9,2.49,8.04,7.68,8.925,1.229,7.212,6.227,9.524,8.886,7.68,5.896,8.526,7.169,6.836,7.297,6.929,7.015,7.309,0.88,1.197,1.812,2.99,2.207,1.114,2.99,3.3,3.151,6.677,14.152,0.859,2.99,7.411,0.653,2.99,0.817,0.653,1.714,4.577,1.793,0.817,11.956,1.55,4.497,3.188,4.906,2.452,2.812,11.12,2.812,3.531,2.076,2.572,7.044,5.688,10.789,6.803,5.349,5.669,5.902,6.468,6.472,5.491,3.369,2.846,2.89,4.809,2.297,4.625,9.416,8.73,7.68,6.751,9.082,10.338,6.992,7.142,3.17,2.812,11.288,2.812,14.875,2.812,29.535,30.546,11.844,30.793,15.382,21.345,49.693,46.828,58.118,36.219,28.552,25.49,25.461,2.812,106.014
E078,2.963,2.078,1.712,2.119,1.593,1.812,2.37,1.566,1.644,2.205,1.877,2.248,3.39,3.935,2.925,3.438,3.345,1.421,3.562,2.795,3.345,2.619,1.366,1.92,2.368,18.756,2.603,3.533,4.277,1.304,2.106,3.359,1.837,2.674,3.465,3.633,3.539,3.459,2.772,3.325,3.11,3.203,2.482,2.211,2.917,3.225,3.1,2.904,2.88,2.965,2.755,2.84,3.193,3.289,3.308,3.111,3.094,2.705,2.432,3.268,2.441,1.429,1.019,1.536,1.451,1.538,1.919,0.822,1.592,1.537,0.817,1.622,1.298,0.833,1.415,1.384,1.794,0.0,0.769,1.655,1.922,2.167,3.002,1.925,2.348,2.799,2.807,2.02,1.655,1.834,1.777,2.505,4.042,3.466,1.921,3.476,3.159,2.629,2.176,1.928,3.799,5.731,5.012,4.419,3.538,4.15,4.547,6.851,4.664,3.55,4.186,4.63,4.398,5.017,6.958,3.976,4.378,6.394,5.465,5.167,6.024,5.643,4.775,4.936,4.762,4.699,4.67,6.024,5.881,5.517,5.517,5.465,5.444,5.91,5.861,6.582,5.394,3.756,5.491,3.207,3.654,4.393,4.005,5.288,5.766,3.357,8.906,8.546,9.792,2.691,8.078,7.093,10.39,9.752,8.546,6.762,9.392,8.035,8.515,8.976,8.608,8.694,8.988,2.342,2.659,3.274,4.237,3.096,2.576,4.237,4.167,4.017,5.518,15.018,1.725,4.237,6.451,1.387,4.237,1.028,1.387,0.79,4.767,0.908,1.028,10.453,0.335,4.687,3.378,5.096,2.642,3.002,11.987,3.002,3.721,2.266,2.762,7.234,5.878,10.979,6.993,6.595,6.915,7.149,8.147,8.151,7.17,4.6,4.077,4.121,5.676,3.163,5.491,10.282,9.596,8.546,7.618,9.948,11.204,7.858,8.821,4.401,3.002,11.478,3.002,15.065,3.002,31.214,32.225,12.034,30.983,15.572,22.211,50.559,47.694,58.985,36.41,28.741,25.68,26.327,3.002,106.88
E079,2.635,1.44,1.385,1.481,0.955,1.173,1.731,0.927,1.005,1.878,1.567,1.921,3.08,3.625,2.615,3.127,3.034,1.111,3.252,2.485,3.034,2.309,1.055,1.61,2.058,18.446,2.293,3.223,3.967,0.994,1.795,3.049,1.527,2.035,2.826,2.995,2.9,2.821,2.134,2.687,2.471,2.564,1.843,1.573,2.59,2.587,2.462,2.265,2.241,2.326,2.116,2.201,2.554,2.65,2.669,2.688,2.766,2.377,1.793,2.63,1.802,0.791,0.596,1.226,0.813,1.228,0.76,0.184,0.954,0.898,1.088,0.984,0.66,1.073,0.777,0.746,1.483,0.766,0.0,1.017,0.763,1.008,2.364,1.286,1.329,2.161,2.168,1.022,1.017,1.195,0.618,1.866,3.403,2.828,1.283,2.838,2.521,1.991,1.537,1.29,3.16,5.093,4.374,3.78,2.899,3.512,3.909,6.523,4.025,2.912,3.547,3.992,3.76,4.379,6.319,3.338,4.051,6.084,5.155,4.857,5.713,5.332,4.465,4.625,4.452,4.389,4.36,5.713,5.571,5.207,5.207,5.155,5.133,5.6,5.551,6.272,5.083,3.446,5.181,2.897,3.344,4.083,3.695,4.978,5.456,3.046,8.596,8.236,9.482,2.363,7.768,6.783,10.08,9.442,8.236,6.452,9.082,7.725,8.205,8.666,8.298,8.384,8.678,2.015,2.332,2.947,3.598,2.458,2.249,3.598,3.857,3.707,5.739,14.708,1.415,3.598,6.673,0.748,3.598,1.036,0.748,0.368,3.608,1.13,1.036,10.674,0.698,3.528,2.219,3.937,2.004,2.363,11.677,2.363,2.562,1.107,2.124,6.595,5.239,9.82,5.834,5.957,6.277,6.51,7.837,7.841,6.86,4.29,3.767,3.811,5.365,2.853,5.181,9.972,9.286,8.236,7.307,9.638,10.894,7.548,8.511,4.09,2.363,10.319,2.363,13.906,2.363,30.904,31.915,11.395,29.824,14.413,21.901,50.249,47.384,58.675,35.251,27.582,24.521,26.017,2.363,106.57
E080,2.387,1.191,1.137,1.232,0.706,0.924,1.483,0.679,0.756,1.629,1.841,1.672,3.353,3.899,2.888,3.401,3.308,1.384,3.526,2.758,3.308,2.582,1.329,1.883,2.331,18.719,2.566,3.496,4.24,1.267,2.069,3.322,1.8,1.786,2.578,2.746,2.652,2.572,2.026,2.438,2.223,2.316,1.595,1.324,2.341,2.338,2.213,2.017,1.993,2.078,1.867,1.952,2.306,2.401,2.421,2.44,2.518,2.129,1.545,2.381,1.398,0.226,0.955,1.499,1.086,1.502,0.72,0.65,1.227,1.172,1.362,1.257,0.357,1.346,0.528,1.019,1.757,1.469,0.834,0.0,0.724,0.781,1.96,0.89,1.102,1.757,1.764,0.794,0.0,0.981,0.391,1.462,2.44,2.424,1.034,2.433,2.413,1.883,1.289,1.268,2.756,4.844,4.125,3.532,2.651,3.107,3.66,6.275,3.777,2.663,3.299,3.743,3.511,4.13,6.071,3.089,3.802,6.358,5.429,5.131,5.987,5.606,4.738,4.899,4.726,4.662,4.633,5.987,5.844,5.48,5.48,5.429,5.407,5.873,5.824,6.545,5.357,3.72,5.454,3.17,3.617,4.356,3.969,5.251,5.729,3.32,8.87,8.51,9.755,2.115,8.041,7.056,10.353,9.715,8.51,6.726,9.356,7.998,8.478,8.939,8.571,8.657,8.951,1.766,2.083,2.698,3.349,2.209,2.0,3.349,4.13,3.98,7.507,14.981,1.688,3.349,8.137,1.022,3.349,1.309,1.022,0.705,3.569,1.833,1.309,12.786,1.401,3.488,2.18,3.897,1.599,1.959,11.95,1.959,2.523,1.067,1.72,6.347,4.99,9.781,5.795,5.708,6.028,6.261,8.11,8.114,7.133,4.563,4.041,4.084,5.639,3.126,5.454,10.246,9.559,8.51,7.581,9.911,11.167,7.821,8.784,4.364,1.959,10.279,1.959,13.866,1.959,31.177,32.189,11.146,29.784,14.373,22.175,50.523,47.657,58.948,35.211,27.543,24.482,26.29,1.959,106.844
E081,3.166,1.97,1.915,2.011,1.485,1.704,2.262,1.458,1.536,2.408,2.098,2.451,3.61,4.156,3.145,3.658,3.565,1.641,3.783,3.015,3.565,2.839,1.586,2.14,2.588,18.976,2.823,3.753,4.497,1.524,2.326,3.579,2.057,2.566,3.357,3.525,3.431,3.351,2.197,3.217,3.002,3.095,2.374,2.103,3.12,3.117,2.992,2.796,2.772,2.857,2.647,2.732,3.085,3.181,3.2,3.219,3.297,2.908,2.324,3.16,1.569,1.321,0.939,1.756,1.343,1.759,0.004,0.907,1.484,1.429,1.619,1.514,1.19,1.603,1.307,1.276,2.014,1.726,1.091,0.724,0.0,0.952,2.131,1.061,1.273,1.928,1.935,0.966,0.724,1.152,0.562,1.633,2.611,2.595,1.813,2.605,2.584,2.054,2.068,1.439,2.928,5.623,4.904,4.311,3.43,3.279,4.439,7.054,4.556,3.442,4.078,4.522,4.29,4.909,6.85,3.868,4.581,6.615,5.686,5.388,6.244,5.863,4.995,5.156,4.983,4.92,4.89,6.244,6.101,5.737,5.737,5.686,5.664,6.13,6.081,6.802,5.614,3.977,5.711,3.427,3.874,4.613,4.226,5.508,5.987,3.577,9.127,8.767,10.012,2.894,8.298,7.313,10.61,9.972,8.767,6.982,9.613,8.255,8.735,9.196,8.828,8.914,9.208,2.545,2.862,3.477,4.128,2.988,2.779,4.128,4.387,4.237,7.764,15.238,1.945,4.128,6.844,1.279,4.128,1.566,1.279,0.689,3.352,2.09,1.566,13.043,1.658,3.271,1.963,3.681,1.771,2.13,12.207,2.13,2.306,0.85,1.891,7.126,5.769,9.564,5.578,6.487,6.807,7.041,8.367,8.371,7.39,4.82,4.298,4.341,5.896,3.383,5.711,10.503,9.816,8.767,7.838,10.168,11.424,8.078,9.041,4.621,2.13,10.062,2.13,13.649,2.13,31.434,32.446,11.925,29.567,14.156,22.432,50.78,47.914,59.205,34.994,27.326,24.265,26.547,2.13,107.101
E082,2.869,1.542,1.619,1.583,1.189,1.275,1.833,1.392,1.239,2.112,2.067,1.69,3.855,4.4,3.39,3.902,3.809,1.886,4.027,3.26,3.809,2.882,1.83,2.385,2.833,19.221,3.068,3.998,4.742,1.769,2.57,3.824,2.302,2.137,2.928,3.096,3.002,2.922,1.847,2.789,2.573,2.666,1.945,1.675,2.824,2.688,2.564,2.367,2.343,2.428,2.218,2.303,2.656,2.752,2.771,2.791,2.864,2.611,1.895,2.732,1.219,1.276,1.183,1.726,1.588,2.003,0.949,1.151,1.729,1.673,1.863,1.624,1.337,1.848,1.241,1.52,1.984,1.97,1.335,0.781,0.952,0.0,1.594,0.711,0.923,1.578,1.585,0.616,0.781,0.802,0.39,1.283,2.261,2.245,1.351,2.255,2.234,1.704,1.369,1.089,2.578,5.195,4.476,3.882,3.001,2.929,4.011,6.758,4.127,3.014,3.649,4.094,3.862,4.481,6.421,3.44,4.285,6.859,5.93,5.22,5.276,6.107,4.828,4.988,4.815,4.752,4.723,5.276,6.345,5.982,5.982,5.93,5.908,6.375,6.326,7.047,5.858,4.221,5.955,3.345,3.791,4.858,4.47,5.753,6.231,3.821,9.371,9.011,10.256,2.598,8.543,7.558,10.855,10.216,9.011,7.227,9.857,8.5,8.98,9.441,9.073,9.159,9.453,2.249,2.566,3.181,3.7,2.56,2.483,3.7,4.631,4.482,8.008,15.483,2.19,3.7,8.366,1.523,3.7,1.811,1.523,0.933,3.797,2.334,1.811,13.287,1.902,3.716,2.408,4.126,1.421,1.78,12.451,1.78,2.751,1.296,1.541,6.697,5.341,10.009,6.023,6.059,6.379,6.612,8.612,8.616,7.635,4.738,4.215,4.258,6.14,3.628,5.955,10.747,10.061,9.011,8.082,10.413,11.669,8.323,9.286,4.538,1.78,10.507,1.78,14.095,1.78,31.679,32.69,11.497,30.012,14.602,22.676,51.024,48.159,59.45,35.439,27.771,24.71,26.792,1.78,107.345
E083,3.237,1.909,1.987,1.95,1.556,1.642,2.2,1.759,1.607,2.479,2.435,2.057,4.364,4.791,3.899,4.293,4.2,2.395,4.418,3.651,4.2,3.25,2.102,2.894,3.342,19.73,3.577,4.388,5.133,2.278,3.079,4.215,2.811,2.504,3.296,3.411,3.369,2.203,1.567,3.156,2.941,3.033,2.313,2.042,3.191,3.056,2.931,2.734,2.711,2.796,2.585,2.67,3.024,3.119,3.138,3.158,3.232,2.979,2.262,3.099,0.563,1.643,2.261,2.093,2.183,2.512,2.574,1.997,1.809,2.076,2.709,1.991,1.705,2.694,1.609,2.229,2.351,2.816,2.181,1.869,2.577,1.594,0.0,1.4,1.454,0.437,0.444,1.147,1.869,1.309,1.467,0.963,1.088,1.496,1.143,1.506,1.751,2.071,1.161,1.457,2.257,4.218,3.499,2.906,1.872,2.609,3.034,7.125,3.15,3.381,3.755,4.2,2.885,4.587,5.448,3.135,4.151,7.368,6.439,5.587,5.643,5.7,5.195,5.356,5.182,5.119,5.09,5.643,5.938,5.675,5.675,6.439,6.417,5.967,5.806,6.639,6.367,4.73,6.465,3.712,4.159,5.367,4.979,6.262,6.74,4.33,9.88,9.52,10.765,2.965,9.052,8.067,11.364,10.726,9.52,7.736,10.366,9.009,8.572,9.033,8.665,8.751,9.045,2.616,2.934,3.549,3.806,2.927,2.85,3.806,5.022,4.873,8.399,15.992,2.699,3.806,9.991,2.369,3.806,2.657,2.369,2.418,5.422,3.18,2.657,13.678,2.748,5.342,4.033,5.751,0.361,1.46,12.96,1.46,4.376,2.921,1.221,5.721,4.364,9.406,7.648,5.085,5.405,5.638,8.204,8.208,7.227,5.105,4.582,4.626,6.649,4.137,6.465,11.256,10.57,9.52,8.591,10.922,12.178,8.832,8.878,4.906,1.46,12.133,1.46,15.72,1.46,31.271,32.283,10.52,28.897,13.486,23.185,51.533,48.668,59.959,37.064,29.396,26.335,27.301,1.46,107.854
E084,2.158,0.831,0.908,0.872,0.478,0.564,1.122,0.681,0.528,1.401,1.356,0.979,3.285,3.713,2.821,3.215,3.122,1.316,3.34,2.572,3.122,2.171,1.023,1.816,2.263,18.651,2.498,3.31,4.054,1.199,2.001,3.136,1.732,1.426,2.217,2.385,2.291,2.211,1.136,2.078,1.862,1.955,1.234,0.963,2.113,1.977,1.853,1.656,1.632,1.717,1.507,1.592,1.945,2.041,2.06,2.079,2.153,1.9,1.184,2.021,0.719,0.565,1.292,1.015,1.105,1.434,1.058,0.919,0.73,0.998,1.631,0.912,0.626,1.615,0.53,1.151,1.272,1.738,1.103,0.791,1.061,0.711,1.281,0.0,0.423,1.078,1.085,0.095,0.791,0.091,0.499,0.783,1.761,1.744,0.657,1.754,1.523,0.993,0.868,0.378,2.077,4.484,3.764,3.171,2.29,2.428,3.299,6.046,3.416,2.303,2.938,3.383,3.151,3.769,5.71,2.729,3.574,6.29,5.361,4.509,4.565,4.621,4.117,4.277,4.104,4.041,4.011,4.565,4.859,4.596,4.596,5.361,5.339,4.889,4.728,5.561,5.289,3.652,5.386,2.634,3.08,4.288,3.901,5.184,5.662,3.252,8.802,8.442,9.687,1.886,7.973,6.989,10.285,9.647,8.442,6.658,9.288,7.931,7.494,7.955,7.587,7.673,7.967,1.538,1.855,2.47,2.989,1.849,1.772,2.989,3.944,3.794,7.321,14.913,1.62,2.989,8.475,1.291,2.989,1.579,1.291,1.042,3.906,2.102,1.579,12.6,1.67,3.825,2.517,4.235,0.92,1.28,11.882,1.28,2.86,1.405,1.04,5.986,4.63,10.118,6.132,5.348,5.668,5.901,7.126,7.13,6.149,4.027,3.504,3.547,5.571,3.058,5.386,10.178,9.492,8.442,7.513,9.843,11.1,7.753,7.8,3.827,1.28,10.616,1.28,14.204,1.28,30.193,31.204,10.786,29.162,13.752,22.107,50.455,47.589,58.88,35.548,27.88,24.819,26.222,1.28,106.776
E085,2.522,1.194,1.272,1.235,0.841,0.927,1.486,1.044,0.892,1.765,1.72,1.343,3.649,4.076,3.184,3.578,3.486,1.68,3.703,2.936,3.486,2.535,1.387,2.179,2.627,19.015,2.862,3.674,4.418,1.563,2.365,3.5,2.096,1.789,2.581,2.749,2.655,1.599,0.964,2.441,2.226,2.318,1.598,1.327,2.476,2.341,2.216,2.02,1.996,2.081,1.87,1.956,2.309,2.405,2.424,2.443,2.517,2.264,1.548,2.384,0.296,0.928,2.094,1.378,1.468,1.798,1.859,1.283,1.094,1.361,1.995,1.276,0.99,1.979,0.894,1.514,1.636,2.102,1.466,1.155,1.863,1.093,0.858,0.685,0.0,0.655,0.662,0.781,1.155,0.595,0.88,0.36,1.338,1.322,0.428,1.332,1.148,1.357,0.446,0.742,1.655,3.615,2.896,2.303,1.269,2.006,2.431,6.41,2.547,2.666,3.152,3.597,2.282,3.984,4.845,2.532,3.548,6.653,5.724,4.872,4.928,4.985,4.48,4.641,4.468,4.404,4.375,4.928,5.223,4.96,4.96,5.724,5.703,5.252,5.091,5.925,5.653,4.015,5.75,2.997,3.444,4.652,4.264,5.547,6.025,3.615,9.165,8.805,10.051,2.25,8.337,7.352,10.649,10.011,8.805,7.021,9.651,8.294,7.857,8.318,7.95,8.036,8.33,1.901,2.219,2.834,3.203,2.212,2.135,3.203,4.307,4.158,7.684,15.277,1.984,3.203,9.276,1.655,3.203,1.942,1.655,1.703,4.707,2.466,1.942,12.963,2.034,4.627,3.318,5.036,0.498,0.857,12.246,0.857,3.661,2.206,0.618,5.117,3.761,8.803,6.933,4.482,4.802,5.035,7.489,7.493,6.513,4.39,3.868,3.911,5.934,3.422,5.75,10.541,9.855,8.805,7.877,10.207,11.463,8.117,8.163,4.191,0.857,11.418,0.857,15.005,0.857,30.557,31.568,9.917,28.294,12.883,22.47,50.818,47.953,59.244,36.349,28.681,25.62,26.586,0.857,107.139
E086,3.033,1.705,1.783,1.746,1.352,1.438,1.997,1.555,1.403,2.276,2.231,1.853,4.16,4.587,3.695,4.089,3.996,2.191,4.214,3.447,3.996,3.046,1.898,2.69,3.138,19.526,3.373,4.184,4.929,2.074,2.876,4.011,2.607,2.3,3.092,3.26,3.166,2.037,1.401,2.952,2.737,2.829,2.109,1.838,2.987,2.852,2.727,2.53,2.507,2.592,2.381,2.466,2.82,2.916,2.934,2.954,3.028,2.775,2.058,2.895,0.596,1.439,1.893,1.889,1.979,2.308,1.658,1.794,1.605,1.873,2.506,1.787,1.501,2.49,1.405,2.025,2.147,2.612,1.978,1.665,1.661,1.312,0.437,0.874,1.086,0.0,0.007,0.779,1.665,1.105,1.099,0.798,1.317,1.76,0.939,1.77,1.586,1.867,0.957,1.253,2.092,4.053,3.334,2.74,1.707,2.443,2.869,6.921,2.985,3.177,3.59,4.035,2.72,4.421,5.283,2.97,3.986,7.164,6.235,5.383,5.439,5.496,4.991,5.152,4.979,4.915,4.886,5.439,5.734,5.471,5.471,6.235,6.214,5.763,5.602,6.436,6.163,4.526,6.261,3.508,3.955,5.163,4.776,6.058,6.536,4.127,9.676,9.316,10.562,2.761,8.848,7.863,11.16,10.522,9.316,7.532,10.162,8.805,8.368,8.829,8.461,8.547,8.841,2.413,2.73,3.345,3.641,2.723,2.646,3.641,4.818,4.669,8.195,15.788,2.495,3.641,9.075,2.165,3.641,2.453,2.165,1.643,4.506,2.976,2.453,13.474,2.545,4.426,3.117,4.835,0.49,1.295,12.757,1.295,3.46,2.005,1.056,5.556,4.199,9.241,6.732,4.92,5.24,5.473,8.0,8.004,7.024,4.901,4.379,4.422,6.446,3.933,6.261,11.052,10.366,9.316,8.387,10.718,11.974,8.628,8.674,4.702,1.295,11.217,1.295,14.804,1.295,31.067,32.079,10.355,28.732,13.321,22.981,51.329,48.464,59.755,36.148,28.48,25.419,27.097,1.295,107.65
E087,3.04,1.712,1.79,1.753,1.359,1.446,2.004,1.562,1.41,2.283,2.238,1.861,4.167,4.594,3.702,4.096,4.004,2.198,4.221,3.454,4.004,3.053,1.905,2.697,3.145,19.533,3.38,4.192,4.936,2.081,2.883,4.018,2.614,2.308,3.099,3.267,3.173,2.045,1.409,2.959,2.744,2.837,2.116,1.845,2.994,2.859,2.735,2.538,2.514,2.599,2.389,2.474,2.827,2.923,2.942,2.961,3.035,2.782,2.066,2.902,0.603,1.447,1.9,1.896,1.986,2.316,1.665,1.801,1.612,1.88,2.513,1.794,1.508,2.497,1.412,2.032,2.154,2.62,1.985,1.673,1.669,1.319,0.444,0.882,1.093,0.007,0.0,0.786,1.673,1.113,1.106,0.805,1.324,1.767,0.946,1.777,1.593,1.875,0.964,1.26,2.1,4.06,3.341,2.748,1.714,2.451,2.876,6.928,2.992,3.184,3.597,4.042,2.727,4.429,5.29,2.977,3.993,7.171,6.242,5.391,5.447,5.503,4.998,5.159,4.986,4.923,4.893,5.447,5.741,5.478,5.478,6.242,6.221,5.77,5.609,6.443,6.171,4.533,6.268,3.515,3.962,5.17,4.783,6.065,6.543,4.134,9.683,9.323,10.569,2.768,8.855,7.87,11.167,10.529,9.323,7.539,10.169,8.812,8.375,8.836,8.469,8.555,8.848,2.42,2.737,3.352,3.648,2.73,2.654,3.648,4.825,4.676,8.202,15.795,2.502,3.648,9.082,2.173,3.648,2.46,2.173,1.65,4.513,2.984,2.46,13.481,2.552,4.433,3.124,4.842,0.497,1.302,12.764,1.302,3.467,2.012,1.063,5.563,4.206,9.248,6.739,4.927,5.247,5.481,8.007,8.011,7.031,4.908,4.386,4.429,6.453,3.94,6.268,11.059,10.373,9.323,8.395,10.725,11.981,8.635,8.681,4.709,1.302,11.224,1.302,14.811,1.302,31.075,32.086,10.362,28.739,13.328,22.988,51.336,48.471,59.762,36.156,28.488,25.427,27.104,1.302,107.657
E088,2.254,0.926,1.004,0.967,0.573,0.659,1.217,0.776,0.624,1.496,1.452,1.074,3.381,3.808,2.916,3.31,3.217,1.412,3.435,2.667,3.217,2.267,1.119,1.911,2.359,18.747,2.594,3.405,4.149,1.295,2.096,3.232,1.827,1.521,2.312,2.481,2.386,2.307,1.232,2.173,1.957,2.05,1.329,1.059,2.208,2.073,1.948,1.751,1.728,1.812,1.602,1.687,2.041,2.136,2.155,2.175,2.249,1.996,1.279,2.116,0.624,0.66,1.197,1.11,1.2,1.529,0.962,1.014,0.826,1.093,1.726,1.008,0.722,1.711,0.625,1.246,1.368,1.833,1.198,0.886,0.966,0.616,1.185,0.095,0.327,0.982,0.99,0.0,0.886,0.186,0.403,0.688,1.666,1.649,0.755,1.659,1.619,1.088,0.773,0.474,1.982,4.579,3.86,3.267,2.385,2.333,3.395,6.142,3.511,2.398,3.033,3.478,3.246,3.865,5.806,2.824,3.669,6.385,5.456,4.604,4.66,4.717,4.212,4.372,4.199,4.136,4.107,4.66,4.955,4.692,4.692,5.456,5.434,4.984,4.823,5.656,5.384,3.747,5.481,2.729,3.176,4.384,3.996,5.279,5.757,3.347,8.897,8.537,9.782,1.982,8.069,7.084,10.38,9.742,8.537,6.753,9.383,8.026,7.589,8.05,7.682,7.768,8.062,1.633,1.95,2.565,3.084,1.944,1.867,3.084,4.039,3.89,7.416,15.009,1.716,3.084,8.379,1.386,3.084,1.674,1.386,0.947,3.811,2.197,1.674,12.695,1.765,3.73,2.422,4.139,0.825,1.185,11.977,1.185,2.765,1.309,0.945,6.081,4.725,10.023,6.037,5.443,5.763,5.996,7.221,7.225,6.244,4.122,3.599,3.643,5.666,3.154,5.481,10.273,9.587,8.537,7.608,9.939,11.195,7.849,7.895,3.923,1.185,10.521,1.185,14.108,1.185,30.288,31.299,10.881,29.258,13.847,22.202,50.55,47.684,58.975,35.453,27.785,24.724,26.317,1.185,106.871
E089,2.387,1.191,1.137,1.232,0.706,0.924,1.483,0.679,0.756,1.629,1.841,1.672,3.353,3.899,2.888,3.401,3.308,1.384,3.526,2.758,3.308,2.582,1.329,1.883,2.331,18.719,2.566,3.496,4.24,1.267,2.069,3.322,1.8,1.786,2.578,2.746,2.652,2.572,2.026,2.438,2.223,2.316,1.595,1.324,2.341,2.338,2.213,2.017,1.993,2.078,1.867,1.952,2.306,2.401,2.421,2.44,2.518,2.129,1.545,2.381,1.398,0.226,0.955,1.499,1.086,1.502,0.72,0.65,1.227,1.172,1.362,1.257,0.357,1.346,0.528,1.019,1.757,1.469,0.834,0.0,0.724,0.781,1.96,0.89,1.102,1.757,1.764,0.794,0.0,0.981,0.391,1.462,2.44,2.424,1.034,2.433,2.413,1.883,1.289,1.268,2.756,4.844,4.125,3.532,2.651,3.107,3.66,6.275,3.777,2.663,3.299,3.743,3.511,4.13,6.071,3.089,3.802,6.358,5.429,5.131,5.987,5.606,4.738,4.899,4.726,4.662,4.633,5.987,5.844,5.48,5.48,5.429,5.407,5.873,5.824,6.545,5.357,3.72,5.454,3.17,3.617,4.356,3.969,5.251,5.729,3.32,8.87,8.51,9.755,2.115,8.041,7.056,10.353,9.715,8.51,6.726,9.356,7.998,8.478,8.939,8.571,8.657,8.951,1.766,2.083,2.698,3.349,2.209,2.0,3.349,4.13,3.98,7.507,14.981,1.688,3.349,8.137,1.022,3.349,1.309,1.022,0.705,3.569,1.833,1.309,12.786,1.401,3.488,2.18,3.897,1.599,1.959,11.95,1.959,2.523,1.067,1.72,6.347,4.99,9.781,5.795,5.708,6.028,6.261,8.11,8.114,7.133,4.563,4.041,4.084,5.639,3.126,5.454,10.246,9.559,8.51,7.581,9.911,11.167,7.821,8.784,4.364,1.959,10.279,1.959,13.866,1.959,31.177,32.189,11.146,29.784,14.373,22.175,50.523,47.657,58.948,35.211,27.543,24.482,26.29,1.959,106.844
E090,2.067,0.74,0.817,0.781,0.387,0.473,1.031,0.59,0.437,1.31,1.265,0.888,3.195,3.622,2.729,3.124,3.031,1.225,3.248,2.481,3.031,2.08,0.932,1.725,2.172,18.56,2.407,3.219,3.963,1.109,1.91,3.046,1.641,1.335,2.126,2.294,2.2,2.12,1.045,1.987,1.771,1.864,1.143,0.872,2.022,1.886,1.762,1.565,1.541,1.626,1.416,1.501,1.854,1.95,1.969,1.988,2.062,1.809,1.093,1.93,0.81,0.474,1.639,0.924,1.014,1.343,1.404,0.828,0.639,0.907,1.54,0.822,0.535,1.524,0.439,1.06,1.181,1.647,1.012,0.7,1.408,0.802,1.372,0.091,0.514,1.169,1.176,0.186,0.7,0.0,0.59,0.874,2.014,1.999,0.566,2.009,1.432,0.902,0.82,0.287,2.33,4.393,3.673,3.08,2.199,2.731,3.208,5.955,3.325,2.212,2.847,3.292,3.06,3.679,5.619,2.638,3.483,6.199,5.27,4.418,4.474,4.53,4.026,4.186,4.013,3.95,3.92,4.474,4.769,4.505,4.505,5.27,5.248,4.798,4.637,5.47,5.198,3.561,5.295,2.543,2.989,4.197,3.81,5.093,5.571,3.161,8.711,8.351,9.596,1.795,7.883,6.897,10.194,9.556,8.351,6.567,9.197,7.84,7.403,7.864,7.496,7.582,7.876,1.447,1.764,2.379,2.898,1.758,1.681,2.898,3.853,3.703,7.23,14.822,1.529,2.898,8.822,1.2,2.898,1.488,1.2,1.249,4.253,2.011,1.488,12.509,1.579,4.172,2.864,4.582,1.011,1.371,11.791,1.371,3.207,1.751,1.131,5.895,4.539,9.581,6.479,5.257,5.577,5.81,7.035,7.039,6.058,3.936,3.413,3.456,5.48,2.967,5.295,10.087,9.401,8.351,7.422,9.752,11.008,7.662,7.709,3.736,1.371,10.963,1.371,14.55,1.371,30.102,31.113,10.695,29.071,13.661,22.016,50.364,47.498,58.789,35.895,28.227,25.166,26.131,1.371,106.685
E091,2.657,1.329,1.407,1.37,0.977,1.062,1.621,1.312,1.027,1.9,1.952,1.478,3.465,4.01,3.0,3.513,3.42,1.496,3.637,2.87,3.42,2.694,1.441,1.995,2.443,18.831,2.678,3.608,4.352,1.379,2.181,3.434,1.912,1.925,2.716,2.884,2.79,2.71,1.635,2.576,2.361,2.454,1.733,1.462,2.611,2.476,2.352,2.155,2.131,2.216,2.006,2.091,2.444,2.54,2.559,2.578,2.652,2.399,1.683,2.519,1.007,0.617,0.794,1.611,1.198,1.614,0.559,0.761,1.339,1.283,1.474,1.369,1.045,1.458,1.162,1.131,1.869,1.58,0.945,0.391,0.562,0.39,1.568,0.499,0.711,1.365,1.373,0.403,0.391,0.59,0.0,1.071,2.049,2.032,0.884,2.042,2.022,1.492,1.156,0.877,2.365,4.982,4.263,3.67,2.789,2.716,3.798,6.545,3.915,2.801,3.437,3.881,3.649,4.268,6.209,3.227,4.072,6.47,5.54,5.242,6.099,5.718,4.85,5.011,4.838,4.774,4.745,6.099,5.956,5.592,5.592,5.54,5.519,5.985,5.936,6.657,5.469,3.831,5.566,3.282,3.729,4.468,4.081,5.363,5.841,3.432,8.981,8.621,9.867,2.385,8.153,7.168,10.465,9.827,8.621,6.837,9.467,8.11,8.59,9.051,8.683,8.769,9.063,2.037,2.354,2.969,3.488,2.347,2.271,3.488,4.242,4.092,7.618,15.093,1.8,3.488,7.976,1.133,3.488,1.421,1.133,0.544,3.407,1.944,1.421,12.897,1.513,3.327,2.018,3.736,1.208,1.568,12.062,1.568,2.361,0.906,1.328,6.485,5.128,9.619,5.633,5.846,6.167,6.4,8.222,8.226,7.245,4.675,4.152,4.196,5.751,3.238,5.566,10.357,9.671,8.621,7.693,10.023,11.279,7.933,8.896,4.476,1.568,10.118,1.568,13.705,1.568,31.289,32.3,11.284,29.623,14.212,22.286,50.634,47.769,59.06,35.05,27.381,24.32,26.402,1.568,106.956
E092,2.738,1.41,1.488,1.452,1.058,1.144,1.702,1.261,1.108,1.981,1.936,1.559,3.865,4.292,3.4,3.795,3.702,1.896,3.919,3.152,3.702,2.751,1.603,2.396,2.843,19.231,3.078,3.89,4.634,1.779,2.581,3.716,2.312,1.861,2.548,2.447,2.622,1.239,0.603,2.409,2.193,2.285,1.814,1.543,2.693,2.308,2.183,1.987,2.212,2.297,1.837,1.923,2.276,2.372,2.39,2.41,2.484,2.48,1.764,2.351,0.401,1.145,2.31,1.595,1.685,2.014,2.075,1.499,1.31,1.578,2.211,1.492,1.206,2.195,1.11,1.73,1.852,2.318,1.683,1.371,2.079,1.236,0.962,0.902,1.011,0.798,0.805,0.704,1.371,0.811,1.024,0.0,0.978,0.962,0.644,0.971,0.788,1.318,0.662,0.958,1.294,3.255,2.535,1.942,0.908,1.645,2.071,6.221,2.187,2.578,2.792,3.236,1.922,3.623,4.485,2.172,3.188,6.87,5.941,4.683,4.739,5.201,4.291,4.452,4.278,4.215,4.186,4.739,5.439,5.176,5.176,5.941,5.919,5.468,4.902,6.141,5.869,4.231,5.966,3.214,3.66,4.868,4.481,5.763,6.242,3.832,9.382,9.022,10.267,2.466,8.553,7.568,10.865,10.227,9.022,7.237,9.868,8.51,8.074,8.535,8.167,8.253,8.547,2.118,2.435,3.05,2.843,2.179,2.352,2.843,4.524,4.374,7.901,15.493,2.2,2.843,9.492,1.871,2.843,2.159,1.871,1.919,4.924,2.682,2.159,13.18,2.25,4.843,3.535,5.252,0.602,0.497,12.462,0.497,3.878,2.422,0.258,4.757,3.401,8.443,7.149,4.122,4.442,4.675,7.705,7.71,6.729,4.606,4.084,4.127,6.151,3.638,5.966,10.758,10.071,9.022,8.093,10.423,11.679,8.333,8.38,4.407,0.497,11.634,0.497,15.221,0.497,30.773,31.784,9.557,27.933,12.523,22.687,51.035,48.169,59.46,36.566,28.898,25.837,26.802,0.497,107.356
E093,2.32,2.389,2.466,2.302,2.036,2.232,2.914,2.239,2.086,2.959,2.914,2.537,4.843,5.271,4.378,4.773,4.68,2.874,4.897,4.13,4.68,3.729,2.581,3.374,3.821,20.209,4.056,4.868,5.612,2.757,3.559,4.694,3.29,1.456,2.143,2.043,2.217,0.835,1.131,2.004,1.788,1.881,1.587,1.805,2.199,1.903,1.779,1.582,3.19,3.275,1.433,1.518,1.871,1.967,1.986,2.005,2.079,2.705,2.852,1.947,1.379,2.123,3.288,2.573,2.663,2.992,3.053,2.477,2.288,2.556,3.189,2.47,2.184,3.173,2.088,2.709,2.83,3.296,2.661,2.349,3.057,2.214,1.088,1.88,1.989,1.317,1.324,1.682,2.349,1.789,2.002,0.978,0.0,0.408,1.622,0.418,0.582,1.112,1.64,1.727,0.89,2.85,2.131,1.538,0.504,1.241,1.666,5.816,1.783,2.174,2.388,2.832,1.517,3.219,4.08,1.767,2.784,6.23,4.894,4.279,4.335,4.757,3.887,4.047,3.874,3.811,3.781,4.335,5.105,4.842,4.842,4.894,5.05,5.135,4.497,5.807,5.229,5.21,6.652,4.192,4.638,5.846,5.459,6.449,6.927,4.81,8.742,8.382,9.627,2.425,7.913,6.928,10.225,9.587,8.382,6.598,9.228,7.87,7.74,8.201,7.833,7.919,8.213,3.096,2.66,3.667,2.438,1.775,2.577,2.438,5.502,5.352,8.879,16.471,3.178,2.438,10.47,2.849,2.438,3.137,2.849,2.898,5.902,3.66,3.137,14.158,3.228,5.821,4.513,6.231,0.874,0.997,11.822,0.997,4.856,3.4,1.139,4.353,2.997,8.039,8.128,3.717,4.038,4.271,7.372,7.376,6.395,5.425,5.062,5.105,6.837,4.616,6.652,10.118,9.431,8.382,7.453,9.783,11.039,7.693,8.046,5.511,0.997,12.612,0.997,16.199,0.997,30.439,31.45,9.152,27.529,12.118,23.665,52.013,49.147,60.438,37.544,29.876,26.815,26.162,0.997,108.334
E094,2.29,2.372,2.45,2.272,2.019,2.202,2.884,2.222,2.07,2.942,2.898,2.52,4.827,5.254,4.362,4.756,4.663,2.858,4.881,4.114,4.663,3.713,2.565,3.357,3.805,20.193,4.04,4.851,5.596,2.741,3.542,4.678,3.274,1.427,2.114,2.013,2.187,0.805,1.101,1.974,1.758,1.851,1.557,1.776,2.169,1.874,1.749,1.552,3.174,3.259,1.403,1.488,1.842,1.937,1.956,1.976,2.05,2.675,2.822,1.917,1.362,2.106,3.272,2.556,2.646,2.975,3.037,2.46,2.272,2.539,3.172,2.454,2.168,3.157,2.071,2.692,2.814,3.279,2.644,2.332,3.04,2.198,1.924,1.863,1.972,1.76,1.767,1.665,2.332,1.772,1.985,0.962,0.408,0.0,1.606,0.01,0.552,1.097,1.623,1.712,0.667,2.82,2.101,1.508,0.474,1.018,1.636,5.787,1.753,2.144,2.358,2.802,1.488,3.189,4.05,1.737,2.754,6.2,4.864,4.249,4.305,4.728,3.857,4.017,3.844,3.781,3.752,4.305,5.076,4.813,4.813,4.864,5.02,5.105,4.468,5.777,5.199,5.193,6.622,4.175,4.622,5.83,5.442,6.42,6.898,4.793,8.712,8.352,9.597,2.396,7.884,6.899,10.195,9.557,8.352,6.568,9.198,7.841,7.71,8.171,7.803,7.889,8.183,3.079,2.63,3.638,2.409,1.745,2.547,2.409,5.485,5.336,8.862,16.455,3.162,2.409,10.454,2.832,2.409,3.12,2.832,2.881,5.885,3.643,3.12,14.141,3.212,5.805,4.496,6.214,1.564,0.98,11.792,0.98,4.839,3.384,1.122,4.323,2.306,8.009,8.111,3.688,4.008,4.241,7.342,7.346,6.365,5.395,5.045,5.089,6.807,4.6,6.622,10.088,9.402,8.352,7.423,9.754,11.01,7.664,8.016,5.481,0.98,12.595,0.98,16.183,0.98,30.409,31.42,9.123,27.499,12.088,23.648,51.996,49.131,60.422,37.527,29.859,26.798,26.132,0.98,108.317
E095,2.155,0.827,0.905,0.868,0.474,0.56,1.119,0.677,0.525,1.397,1.353,0.975,3.282,3.709,2.817,3.211,3.118,1.313,3.336,2.569,3.118,2.168,1.02,1.812,2.26,18.648,2.495,3.306,4.051,1.196,1.998,3.133,1.729,1.422,2.214,2.382,2.288,2.208,1.133,2.074,1.859,1.951,1.231,0.96,2.109,1.974,1.849,1.653,1.629,1.714,1.503,1.588,1.942,2.037,2.056,2.076,2.15,1.897,1.18,2.017,0.58,0.561,1.727,1.011,1.101,1.43,1.492,0.915,0.727,0.994,1.627,0.909,0.623,1.612,0.526,1.147,1.269,1.734,1.099,0.787,1.495,1.03,1.142,0.318,0.741,0.939,0.946,0.414,0.787,0.227,0.817,0.644,1.622,1.606,0.0,1.615,1.432,0.989,0.315,0.375,1.938,3.899,3.18,2.586,1.553,2.289,2.715,6.043,2.831,2.299,2.935,3.379,2.566,3.766,5.707,2.816,3.57,6.286,5.357,4.505,4.561,4.618,4.113,4.274,4.101,4.037,4.008,4.561,4.856,4.593,4.593,5.357,5.335,4.885,4.724,5.557,5.285,3.648,5.383,2.63,3.077,4.285,3.897,5.18,5.658,3.248,8.798,8.438,9.684,1.883,7.97,6.985,10.282,9.644,8.438,6.654,9.284,7.927,7.49,7.951,7.583,7.669,7.963,1.534,1.852,2.466,2.985,1.845,1.768,2.985,3.94,3.791,7.317,14.91,1.617,2.985,8.909,1.287,2.985,1.575,1.287,1.336,4.34,2.098,1.575,12.596,1.667,4.26,2.951,4.669,0.781,1.141,11.879,1.141,3.294,1.839,0.902,5.401,4.045,9.087,6.566,5.344,5.664,5.897,7.122,7.126,6.145,4.023,3.501,3.544,5.567,3.055,5.383,10.174,9.488,8.438,7.51,9.84,11.096,7.75,7.796,3.824,1.141,11.05,1.141,14.638,1.141,30.189,31.201,10.201,28.578,13.167,22.103,50.451,47.586,58.877,35.982,28.314,25.253,26.219,1.141,106.772
E096,2.3,2.382,2.459,2.282,2.029,2.212,2.894,2.232,2.079,2.952,2.908,2.53,4.837,5.264,4.372,4.766,4.673,2.868,4.891,4.123,4.673,3.723,2.575,3.367,3.815,20.203,4.05,4.861,5.605,2.751,3.552,4.688,3.283,1.436,2.123,2.023,2.197,0.815,1.111,1.984,1.768,1.861,1.567,1.785,2.179,1.883,1.759,1.562,3.183,3.268,1.413,1.498,1.851,1.947,1.966,1.986,2.059,2.685,2.832,1.927,1.372,2.116,3.281,2.566,2.656,2.985,3.046,2.47,2.282,2.549,3.182,2.464,2.178,3.167,2.081,2.702,2.824,3.289,2.654,2.342,3.05,2.208,1.934,1.873,1.982,1.77,1.777,1.675,2.342,1.782,1.995,0.971,0.418,0.01,1.615,0.0,0.562,1.107,1.633,1.722,0.677,2.83,2.111,1.518,0.484,1.028,1.646,5.796,1.763,2.154,2.368,2.812,1.497,3.199,4.06,1.747,2.764,6.21,4.874,4.259,4.315,4.738,3.867,4.027,3.854,3.791,3.761,4.315,5.085,4.822,4.822,4.874,5.03,5.115,4.478,5.787,5.209,5.203,6.632,4.185,4.632,5.84,5.452,6.429,6.907,4.803,8.722,8.362,9.607,2.406,7.894,6.909,10.205,9.567,8.362,6.578,9.208,7.85,7.72,8.181,7.813,7.899,8.193,3.089,2.64,3.647,2.418,1.755,2.557,2.418,5.495,5.346,8.872,16.465,3.172,2.418,10.464,2.842,2.418,3.13,2.842,2.891,5.895,3.653,3.13,14.151,3.221,5.814,4.506,6.224,1.573,0.99,11.802,0.99,4.849,3.393,1.132,4.333,2.316,8.019,8.121,3.698,4.018,4.251,7.352,7.356,6.375,5.405,5.055,5.099,6.817,4.61,6.632,10.098,9.412,8.362,7.433,9.763,11.02,7.673,8.026,5.491,0.99,12.605,0.99,16.193,0.99,30.419,31.43,9.133,27.509,12.098,23.658,52.006,49.141,60.431,37.537,29.869,26.808,26.142,0.99,108.327
E097,1.746,1.979,2.143,1.445,1.712,1.375,2.34,1.915,1.763,2.636,2.591,2.127,4.52,4.947,4.055,4.449,4.356,2.551,4.574,3.807,4.356,3.406,2.258,3.05,3.498,19.886,3.733,4.545,5.289,2.434,3.236,4.371,2.967,0.882,1.569,1.836,1.643,0.628,0.549,1.43,1.214,1.307,1.013,1.232,1.625,1.329,1.205,1.008,2.781,2.866,0.859,0.944,1.297,1.393,1.412,1.432,1.506,2.131,2.278,1.373,1.188,1.8,2.965,2.249,2.339,2.669,2.73,2.154,1.965,2.232,2.866,2.147,1.861,2.85,1.765,2.385,2.507,2.973,2.338,2.026,2.733,2.234,1.75,1.523,1.946,1.586,1.593,1.619,2.026,1.432,2.022,0.788,0.582,0.567,1.52,0.577,0.0,0.53,1.45,1.145,0.898,2.643,1.924,1.331,0.297,1.299,1.459,5.61,1.576,1.967,2.181,2.625,1.31,3.012,3.873,1.56,2.577,6.023,4.687,4.072,4.128,4.551,3.68,3.84,3.667,3.604,3.575,4.128,4.899,4.636,4.636,4.687,4.843,4.928,4.291,5.6,5.022,4.886,6.445,3.868,4.315,5.523,5.136,6.242,6.721,4.487,8.535,8.175,9.42,1.852,7.707,6.721,10.018,9.38,8.175,6.391,9.021,7.663,7.533,7.994,7.626,7.712,8.006,2.772,2.086,3.46,2.231,1.201,2.003,2.231,5.178,5.029,8.555,16.148,2.855,2.231,10.147,2.526,2.231,2.813,2.526,2.574,5.579,3.337,2.813,13.834,2.905,5.498,4.189,5.907,1.39,0.806,11.615,0.806,4.532,3.077,0.949,4.146,2.79,7.832,7.804,3.511,3.831,4.064,7.165,7.169,6.188,5.218,4.739,4.782,6.63,4.293,6.445,9.911,9.225,8.175,7.246,9.576,10.832,7.487,7.839,5.304,0.806,12.289,0.806,15.876,0.806,30.232,31.243,8.946,27.322,11.911,23.341,51.689,48.824,60.115,37.221,29.553,26.491,25.955,0.806,108.01
E098,1.553,1.449,1.613,0.915,1.182,0.845,1.74,1.385,1.232,2.105,2.061,1.597,3.99,4.417,3.525,3.919,3.826,2.021,4.044,3.276,3.826,2.876,1.728,2.52,2.968,19.356,3.203,4.014,4.758,1.904,2.705,3.841,2.437,0.69,1.377,1.545,1.45,0.835,0.143,1.237,1.021,1.114,0.82,0.818,1.432,1.137,1.012,0.815,2.25,2.335,0.666,0.751,1.105,1.2,1.219,1.239,1.313,2.605,1.802,1.18,1.509,1.269,2.434,1.719,1.809,2.138,2.2,1.623,1.435,1.702,2.335,1.617,1.331,2.32,1.234,1.855,1.977,2.442,1.807,1.495,2.203,1.704,2.071,0.993,1.416,1.867,1.875,1.088,1.495,0.902,1.492,1.318,1.112,1.097,0.989,1.107,0.53,0.0,1.244,0.615,1.428,3.107,2.388,1.794,0.828,1.829,1.923,6.073,2.039,1.462,2.644,3.089,1.774,3.475,4.337,2.024,3.04,6.994,5.151,4.535,4.591,5.014,4.143,4.304,4.131,4.067,4.038,4.591,5.362,5.099,5.099,5.151,5.307,5.391,4.754,6.064,5.993,4.356,6.09,3.338,3.785,4.992,4.605,5.888,6.366,3.956,9.506,9.146,10.391,1.659,8.678,7.693,10.989,10.351,9.146,7.362,9.992,8.635,7.996,8.457,8.089,8.175,8.47,2.242,2.559,3.174,2.695,1.008,2.476,2.695,4.648,4.498,8.025,15.618,2.325,2.695,9.617,1.995,2.695,2.283,1.995,2.044,5.048,2.806,2.283,13.304,2.374,4.968,3.659,5.377,1.71,1.337,12.586,1.337,4.002,2.547,1.479,4.609,3.253,8.295,7.274,3.974,4.294,4.527,7.628,7.633,6.652,4.731,4.208,4.252,6.275,3.763,6.09,10.882,10.196,9.146,8.217,10.548,11.804,8.458,8.303,4.532,1.337,11.758,1.337,15.346,1.337,30.696,31.707,9.409,27.786,12.375,22.811,51.159,48.294,59.584,36.69,29.022,25.961,26.927,1.337,107.48
E099,2.409,1.081,1.159,1.123,0.729,0.815,1.373,0.932,0.779,1.652,1.607,1.23,3.536,3.963,3.071,3.466,3.373,1.567,3.59,2.823,3.373,2.422,1.274,2.067,2.514,18.902,2.749,3.561,4.305,1.45,2.252,3.387,1.983,1.677,2.468,2.636,2.542,1.901,0.852,2.329,2.113,2.206,1.485,1.214,2.364,2.228,2.104,1.907,1.883,1.968,1.758,1.843,2.196,2.292,2.311,2.33,2.404,2.151,1.435,2.272,0.598,0.816,1.981,1.266,1.356,1.685,1.746,1.17,0.981,1.249,1.882,1.163,0.877,1.866,0.781,1.401,1.523,1.989,1.354,1.042,1.75,1.284,1.16,0.573,0.996,0.957,0.964,0.668,1.042,0.482,1.071,0.662,1.64,1.623,0.315,1.633,1.45,1.244,0.0,0.629,1.956,3.917,3.197,2.604,1.571,2.307,2.732,6.297,2.849,2.554,3.189,3.634,2.584,4.02,5.147,2.834,3.825,6.541,5.612,4.76,4.816,4.872,4.368,4.528,4.355,4.292,4.262,4.816,5.11,4.847,4.847,5.612,5.59,5.139,4.979,5.812,5.54,3.902,5.637,2.885,3.331,4.539,4.152,5.434,5.913,3.503,9.053,8.693,9.938,2.137,8.225,7.239,10.536,9.898,8.693,6.909,9.539,8.181,7.745,8.206,7.838,7.924,8.218,1.789,2.106,2.721,3.24,2.099,2.023,3.24,4.195,4.045,7.572,15.164,1.871,3.24,9.163,1.542,3.24,1.83,1.542,1.591,4.595,2.353,1.83,12.851,1.921,4.514,3.206,4.923,0.799,0.746,12.133,0.746,3.549,2.093,0.919,5.419,4.063,9.105,6.821,4.784,5.104,5.337,7.377,7.381,6.4,4.277,3.755,3.798,5.822,3.309,5.637,10.429,9.742,8.693,7.764,10.094,11.35,8.004,8.051,4.078,0.746,11.305,0.746,14.892,0.746,30.444,31.455,10.219,28.595,13.185,22.358,50.706,47.84,59.131,36.237,28.569,25.508,26.473,0.746,107.027
E100,1.841,0.834,0.912,0.508,0.481,0.437,1.126,0.684,0.532,1.405,1.36,0.983,3.289,3.716,2.824,3.218,3.125,1.32,3.343,2.576,3.125,2.175,1.027,1.819,2.267,18.655,2.502,3.313,4.058,1.203,2.005,3.14,1.736,0.874,1.665,1.833,1.739,1.659,0.758,1.526,1.31,1.403,0.682,0.411,1.721,1.425,1.3,1.104,1.636,1.721,0.955,1.04,1.393,1.489,1.508,1.527,1.601,1.904,1.188,1.468,0.894,0.568,1.734,1.018,1.108,1.438,1.499,0.922,0.734,1.001,1.635,0.916,0.63,1.619,0.534,1.154,1.276,1.742,1.107,0.794,1.502,1.089,1.456,0.378,0.801,1.253,1.26,0.474,0.794,0.287,0.877,0.958,1.727,1.712,0.375,1.722,1.145,0.615,0.629,0.0,2.043,3.931,3.212,2.619,1.738,2.444,2.747,6.05,2.864,1.75,2.386,2.83,2.598,3.217,5.158,2.176,2.782,6.293,5.364,4.512,4.569,4.625,4.12,4.281,4.107,4.044,4.015,4.569,4.863,4.6,4.6,5.364,5.343,4.892,4.731,5.564,5.293,3.655,5.39,2.637,3.084,4.292,3.905,5.187,5.665,3.255,8.805,8.445,9.691,1.89,7.977,6.992,10.289,9.651,8.445,6.661,9.291,7.934,7.497,7.958,7.59,7.676,7.97,1.541,1.859,2.474,2.437,1.296,1.775,2.437,3.947,3.798,7.324,14.917,1.624,2.437,8.916,1.294,2.437,1.582,1.294,1.343,4.347,2.105,1.582,12.603,1.674,4.267,2.958,4.676,1.096,1.455,11.886,1.455,3.301,1.846,1.216,5.434,4.078,9.12,6.573,4.795,5.115,5.349,7.129,7.133,6.152,4.03,3.508,3.551,5.574,3.062,5.39,10.181,9.495,8.445,7.516,9.847,11.103,7.757,7.803,3.831,1.455,11.058,1.455,14.645,1.455,30.197,31.208,10.233,28.61,13.199,22.11,50.458,47.593,58.884,35.989,28.322,25.26,26.226,1.455,106.779
E101,2.636,2.705,2.782,2.618,2.352,2.548,3.23,2.555,2.402,3.275,3.23,2.853,5.16,5.587,4.695,5.089,4.996,3.191,5.214,4.446,4.996,4.045,2.897,3.69,4.137,20.525,4.372,5.184,5.928,3.074,3.875,5.011,3.606,1.772,2.459,2.359,2.533,1.151,1.447,2.32,2.104,2.197,1.903,2.121,2.515,2.22,2.095,1.898,3.506,3.591,1.749,1.834,2.187,2.283,2.302,2.321,2.396,3.021,3.168,2.263,1.695,2.439,3.604,2.889,2.979,3.308,3.369,2.793,2.604,2.872,3.505,2.787,2.5,3.49,2.404,3.025,3.147,3.612,2.977,2.665,3.373,2.53,2.257,2.196,2.305,2.092,2.1,1.998,2.665,2.105,2.318,1.294,0.89,0.667,1.938,0.677,0.898,1.428,1.956,2.043,0.0,1.738,2.447,1.854,0.82,0.351,1.982,5.643,2.099,2.49,2.704,3.148,1.833,3.535,4.153,2.083,3.1,6.546,5.21,4.595,4.651,5.074,4.203,4.363,4.19,4.127,4.097,4.651,5.421,5.159,5.159,5.21,5.366,5.451,4.814,6.123,5.545,5.526,6.968,4.508,4.954,6.162,5.775,6.765,7.243,5.126,9.058,8.698,9.943,2.742,8.229,7.244,10.541,9.903,8.698,6.914,9.544,8.186,8.056,8.517,8.149,8.235,8.529,3.412,2.976,3.983,2.754,2.091,2.893,2.754,5.818,5.668,9.195,16.788,3.494,2.754,10.787,3.165,2.754,3.453,3.165,3.214,6.218,3.976,3.453,14.474,3.544,6.137,4.829,6.547,1.896,1.313,12.138,1.313,5.172,3.716,1.455,3.06,1.639,6.746,8.444,3.791,4.111,4.344,7.688,7.692,6.711,5.741,5.378,5.421,7.153,4.933,6.968,10.434,9.748,8.698,7.769,10.099,11.355,8.009,8.362,5.827,1.313,12.928,1.313,16.515,1.313,30.755,31.766,7.86,26.236,10.826,23.981,52.329,49.463,60.754,37.86,30.192,27.131,26.478,1.313,108.65
E102,4.05,4.781,4.73,4.032,4.3,3.962,4.644,4.503,4.35,5.223,5.178,5.266,7.107,7.535,6.642,7.037,6.944,5.138,7.161,6.394,6.944,5.993,4.845,5.638,6.085,22.303,6.32,7.132,7.876,5.021,5.823,6.958,5.554,3.187,3.832,3.271,3.895,2.292,3.141,3.734,3.519,3.611,3.317,3.536,3.929,3.634,3.509,3.312,5.475,5.56,3.163,3.248,3.602,3.697,3.716,3.736,3.81,4.436,4.583,3.677,3.638,4.387,5.552,4.837,4.927,5.256,5.317,4.741,4.552,4.82,5.453,4.734,4.448,5.437,4.352,4.973,5.094,5.56,4.925,4.613,5.321,5.21,4.199,4.499,4.922,4.035,4.042,4.594,4.613,4.408,5.176,3.237,2.832,2.816,3.881,2.826,2.626,3.122,3.899,3.947,1.777,0.0,0.764,1.312,2.328,1.426,1.184,4.085,3.011,3.402,3.616,4.06,1.524,3.114,2.595,2.996,4.012,7.458,6.122,5.507,5.563,5.986,5.115,5.276,5.102,5.039,5.01,5.563,6.334,6.071,6.071,6.122,6.279,6.363,5.726,7.035,6.457,7.473,7.88,6.034,6.48,7.94,7.653,7.678,8.156,7.074,9.97,9.61,10.855,4.156,9.142,8.157,11.454,10.816,9.61,7.826,10.456,9.099,8.968,9.429,9.061,9.147,9.441,5.36,4.39,4.896,3.667,3.505,4.307,3.667,7.766,7.616,11.143,18.565,5.442,3.667,12.734,5.113,3.667,5.401,5.113,5.162,8.166,5.924,5.401,16.422,5.492,8.085,6.777,8.495,3.839,3.255,13.05,3.255,7.12,5.664,3.397,1.503,0.146,5.189,8.804,2.233,2.553,2.786,8.6,8.604,7.623,6.654,6.904,6.947,8.065,6.88,7.88,11.346,10.66,9.61,8.681,11.012,12.268,8.922,9.274,6.739,3.255,14.876,3.255,18.463,3.255,31.667,32.679,6.302,24.679,9.268,25.759,54.107,51.241,62.532,39.808,32.14,29.079,27.39,3.255,110.428
E103,3.331,4.062,4.011,3.313,3.581,3.243,3.925,3.784,3.631,4.504,4.459,4.547,6.388,6.815,5.923,6.317,6.225,4.419,6.442,5.675,6.225,5.274,4.126,4.918,5.366,21.584,5.601,6.413,7.157,4.302,5.104,6.239,4.835,2.468,3.113,2.552,3.176,1.573,2.422,3.015,2.8,2.892,2.598,2.817,3.21,2.915,2.79,2.593,4.756,4.841,2.444,2.529,2.883,2.978,2.997,3.017,3.091,3.716,3.864,2.958,2.918,3.668,4.833,4.117,4.207,4.537,4.598,4.022,3.833,4.101,4.734,4.015,3.729,4.718,3.633,4.253,4.375,4.841,4.206,3.894,4.602,4.491,3.48,3.78,4.203,3.316,3.323,3.875,3.894,3.689,4.457,2.518,2.113,2.097,3.162,2.107,1.906,2.403,3.18,3.228,2.429,0.764,0.0,0.593,1.609,2.191,0.465,4.85,2.292,2.683,2.897,3.341,0.805,3.728,3.36,2.276,3.293,6.739,5.403,4.788,4.844,5.267,4.396,4.556,4.383,4.32,4.291,4.844,5.615,5.352,5.352,5.403,5.559,5.644,5.007,6.316,5.738,6.754,7.161,5.314,5.761,7.221,6.934,6.958,7.437,6.355,9.251,8.891,10.136,3.437,8.423,7.438,10.734,10.096,8.891,7.107,9.737,8.38,8.249,8.71,8.342,8.428,8.722,4.641,3.671,4.177,2.948,2.786,3.588,2.948,7.047,6.897,10.423,17.846,4.723,2.948,12.015,4.394,2.948,4.681,4.394,4.442,7.447,5.205,4.681,15.702,4.773,7.366,6.058,7.775,3.12,2.536,12.331,2.536,6.401,4.945,2.678,2.267,0.911,5.953,9.672,2.997,3.317,3.551,7.881,7.885,6.904,5.934,6.185,6.228,7.346,6.161,7.161,10.627,9.941,8.891,7.962,10.293,11.549,8.203,8.555,6.02,2.536,14.157,2.536,17.744,2.536,30.948,31.959,7.067,25.443,10.033,25.04,53.388,50.522,61.813,39.089,31.421,28.36,26.671,2.536,109.709
E104,2.738,3.469,3.418,2.72,2.987,2.65,3.332,3.19,3.038,3.911,3.866,3.954,5.795,6.222,5.33,5.724,5.631,3.826,5.849,5.082,5.631,4.681,3.533,4.325,4.773,20.991,5.008,5.82,6.564,3.709,4.511,5.646,4.242,1.874,2.52,1.959,2.583,0.98,1.829,2.422,2.206,2.299,2.005,2.224,2.617,2.321,2.197,2.0,4.163,4.248,1.851,1.936,2.289,2.385,2.404,2.424,2.498,3.123,3.27,2.365,2.325,3.075,4.24,3.524,3.614,3.944,4.005,3.429,3.24,3.508,4.141,3.422,3.136,4.125,3.04,3.66,3.782,4.248,3.613,3.301,4.009,3.898,2.887,3.187,3.61,2.723,2.73,3.282,3.301,3.096,3.863,1.925,1.52,1.504,2.569,1.513,1.313,1.81,2.587,2.635,1.836,1.312,0.593,0.0,1.016,2.187,0.128,4.264,1.699,2.09,2.304,2.748,0.211,3.135,2.774,1.683,2.7,6.146,4.81,4.195,4.251,4.674,3.803,3.963,3.79,3.727,3.697,4.251,5.022,4.759,4.759,4.81,4.966,5.051,4.414,5.723,5.145,6.161,6.568,4.721,5.168,6.628,6.341,6.365,6.844,5.762,8.658,8.298,9.543,2.844,7.83,6.845,10.141,9.503,8.298,6.514,9.144,7.787,7.656,8.117,7.749,7.835,8.129,4.048,3.078,3.583,2.354,2.193,2.995,2.354,6.454,6.304,9.83,17.253,4.13,2.354,11.422,3.8,2.354,4.088,3.8,3.849,6.854,4.612,4.088,15.109,4.18,6.773,5.465,7.182,2.527,1.943,11.738,1.943,5.808,4.352,2.085,2.815,1.459,6.501,9.079,2.412,2.732,2.965,7.288,7.292,6.311,5.341,5.591,5.635,6.753,5.568,6.568,10.034,9.348,8.298,7.369,9.7,10.956,7.61,7.962,5.427,1.943,13.564,1.943,17.151,1.943,30.355,31.366,7.615,25.991,10.58,24.447,52.794,49.929,61.22,38.496,30.828,27.767,26.078,1.943,109.116
E105,1.816,2.546,2.496,1.798,2.065,1.728,2.41,2.268,2.116,2.989,2.944,3.031,4.873,5.3,4.408,4.802,4.709,2.904,4.927,4.16,4.709,3.759,2.611,3.403,3.851,20.239,4.086,4.897,5.642,2.787,3.588,4.724,3.32,0.952,1.639,1.539,1.713,0.331,0.846,1.5,1.284,1.377,1.083,1.301,1.695,1.399,1.275,1.078,3.241,3.326,0.929,1.014,1.367,1.463,1.482,1.501,1.575,2.201,2.348,1.443,1.309,2.152,3.318,2.602,2.692,3.021,3.083,2.506,2.318,2.585,3.219,2.5,2.214,3.203,2.118,2.738,2.86,3.325,2.691,2.378,3.086,2.145,1.871,2.265,2.687,1.707,1.714,2.36,2.378,2.174,2.941,0.908,0.504,0.487,1.553,0.497,0.297,0.828,1.571,1.712,0.82,2.346,1.627,1.034,0.0,1.171,1.162,5.312,1.279,1.67,1.883,2.328,1.013,2.715,3.576,1.263,2.28,5.726,4.39,3.775,3.831,4.253,3.383,3.543,3.37,3.307,3.277,3.831,4.601,4.338,4.338,4.39,4.546,4.631,3.993,5.303,4.725,5.239,6.148,4.301,4.748,5.876,5.488,5.945,6.423,4.839,8.238,7.878,9.123,1.921,7.409,6.424,9.721,9.083,7.878,6.093,8.724,7.366,7.236,7.697,7.329,7.415,7.709,3.125,2.156,3.163,1.934,1.271,2.073,1.934,5.531,5.382,8.908,16.501,3.208,1.934,10.5,2.878,1.934,3.166,2.878,2.927,5.931,3.689,3.166,14.187,3.258,5.851,4.542,6.26,1.511,0.927,11.318,0.927,4.885,3.43,1.069,3.849,2.493,7.535,8.157,3.213,3.534,3.767,6.868,6.872,5.891,4.921,5.171,5.215,6.333,4.646,6.148,9.614,8.927,7.878,6.949,9.279,10.535,7.189,7.542,5.007,0.927,12.642,0.927,16.229,0.927,29.935,30.946,8.648,27.025,11.614,23.694,52.042,49.177,60.468,37.574,29.905,26.844,25.658,0.927,108.363
E106,2.987,3.056,3.133,2.969,2.703,2.899,3.581,2.906,2.753,3.626,3.582,3.204,5.511,5.938,5.046,5.44,5.347,3.542,5.565,4.797,5.347,4.396,3.249,4.041,4.489,20.877,4.723,5.535,6.279,3.425,4.226,5.362,3.957,2.123,2.811,2.71,2.884,1.502,1.848,2.671,2.455,2.548,2.254,2.473,2.866,2.571,2.446,2.249,3.857,3.942,2.1,2.185,2.538,2.634,2.653,2.673,2.747,3.372,3.519,2.614,2.046,2.79,3.955,3.24,3.33,3.659,3.72,3.144,2.955,3.223,3.856,3.138,2.852,3.841,2.755,3.376,3.498,3.963,3.328,3.016,3.724,2.881,2.608,2.547,2.656,2.443,2.451,2.349,3.016,2.456,2.669,1.645,1.241,1.018,2.289,1.028,1.299,1.829,2.307,2.444,0.351,1.386,2.151,1.443,1.171,0.0,1.566,5.292,2.45,2.841,3.055,3.499,2.184,3.886,3.802,2.434,3.451,6.897,5.561,4.946,5.002,5.425,4.554,4.714,4.541,4.478,4.448,5.002,5.773,5.51,5.51,5.561,5.717,5.802,5.165,6.474,5.896,5.877,7.319,4.859,5.306,6.513,6.126,7.116,7.595,5.477,9.409,9.049,10.294,3.093,8.581,7.596,10.892,10.254,9.049,7.265,9.895,8.537,8.407,8.868,8.5,8.586,8.88,3.763,3.327,4.334,3.105,2.442,3.244,3.105,6.169,6.019,9.546,17.139,3.846,3.105,11.138,3.516,3.105,3.804,3.516,3.565,6.569,4.327,3.804,14.825,3.895,6.488,5.18,6.898,2.248,1.664,12.489,1.664,5.523,4.067,1.806,2.709,1.288,6.395,8.795,3.439,3.76,3.993,8.039,8.043,7.062,6.092,5.729,5.773,7.504,5.284,7.319,10.785,10.098,9.049,8.12,10.45,11.707,8.361,8.713,6.178,1.664,13.279,1.664,16.866,1.664,31.106,32.117,7.509,25.885,10.475,24.332,52.68,49.814,61.105,38.211,30.543,27.482,26.829,1.664,109.001
E107,2.866,3.597,3.546,2.848,3.116,2.778,3.46,3.319,3.166,4.039,3.994,4.082,5.923,6.35,5.458,5.853,5.76,3.954,5.977,5.21,5.76,4.809,3.661,4.453,4.901,21.119,5.136,5.948,6.692,3.837,4.639,5.774,4.37,2.003,2.648,2.087,2.711,1.108,1.957,2.55,2.334,2.427,2.133,2.352,2.745,2.45,2.325,2.128,4.291,4.376,1.979,2.064,2.418,2.513,2.532,2.552,2.626,3.252,3.398,2.493,2.453,3.203,4.368,3.652,3.743,4.072,4.133,3.557,3.368,3.636,4.269,3.55,3.264,4.253,3.168,3.788,3.91,4.376,3.741,3.429,4.137,4.026,3.015,3.315,3.738,2.851,2.858,3.41,3.429,3.224,3.991,2.053,1.648,1.632,2.697,1.641,1.441,1.938,2.715,2.763,1.964,1.184,0.465,0.128,1.144,1.566,0.0,4.393,1.827,2.218,2.432,2.876,0.34,3.263,2.902,1.812,2.828,6.274,4.938,4.323,4.379,4.802,3.931,4.091,3.918,3.855,3.826,4.379,5.15,4.887,4.887,4.938,5.095,5.179,4.542,5.851,5.273,6.289,6.696,4.849,5.296,6.756,6.469,6.494,6.972,5.89,8.786,8.426,9.671,2.972,7.958,6.973,10.269,9.631,8.426,6.642,9.272,7.915,7.784,8.245,7.877,7.963,8.257,4.176,3.206,3.712,2.483,2.321,3.123,2.483,6.582,6.432,9.958,17.381,4.258,2.483,11.55,3.929,2.483,4.216,3.929,3.978,6.982,4.74,4.216,15.237,4.308,6.901,5.593,7.31,2.655,2.071,11.866,2.071,5.936,4.48,2.213,2.687,1.331,6.373,9.207,2.54,2.86,3.093,7.416,7.42,6.439,5.469,5.72,5.763,6.881,5.696,6.696,10.162,9.476,8.426,7.497,9.828,11.084,7.738,8.09,5.555,2.071,13.692,2.071,17.279,2.071,30.483,31.494,7.487,25.863,10.452,24.575,52.923,50.057,61.348,38.624,30.956,27.895,26.206,2.071,109.244
E108,4.99,5.548,5.111,5.472,5.556,5.92,4.941,5.905,5.505,5.012,5.359,5.055,6.529,6.099,6.064,5.601,5.508,5.592,5.726,4.958,5.508,5.07,5.798,5.346,5.507,20.303,5.742,5.696,6.44,5.774,5.244,5.523,5.263,5.091,4.503,3.942,4.566,5.075,6.089,4.611,4.579,4.672,5.221,5.44,4.944,4.694,4.57,4.671,5.771,5.856,4.844,4.735,4.662,4.758,4.777,4.796,4.87,4.732,4.879,4.737,6.55,5.789,6.955,5.531,5.896,5.71,6.72,6.143,6.037,5.789,6.225,5.704,5.851,6.209,5.754,5.942,5.532,6.962,6.327,6.015,6.723,6.745,7.111,6.034,6.457,6.908,6.915,6.129,6.015,5.943,6.578,6.185,5.78,5.764,6.03,5.774,5.574,6.071,6.285,6.037,5.637,4.105,4.87,4.264,5.277,5.286,4.393,0.0,2.784,4.073,2.471,2.026,4.053,1.864,1.979,4.077,3.212,5.457,4.122,3.507,3.563,3.985,3.114,3.275,3.102,3.038,3.009,3.563,4.333,4.07,4.07,4.122,4.278,4.362,3.725,5.035,4.457,4.937,5.88,4.033,4.479,5.94,5.652,5.677,6.155,4.532,7.969,7.609,8.855,4.718,7.141,6.156,9.453,8.815,7.609,5.825,8.456,7.098,6.968,7.428,7.061,7.147,7.441,5.149,4.686,3.536,3.337,4.806,4.603,3.337,6.33,6.18,9.707,16.565,5.533,3.337,11.416,6.008,3.337,6.172,6.008,6.564,9.568,7.148,6.172,14.986,6.894,9.487,8.179,9.897,6.751,6.203,11.05,6.203,8.522,7.066,6.346,5.363,4.006,9.049,11.794,1.853,1.532,1.299,6.599,6.604,5.623,4.653,4.903,4.946,6.064,5.172,5.88,9.345,8.659,7.609,6.681,9.011,10.267,6.921,7.274,4.739,6.203,16.278,6.203,19.866,6.203,29.667,30.678,10.162,28.539,13.128,23.758,52.106,49.241,60.532,41.21,33.542,30.481,25.39,6.203,108.427
E109,1.859,3.285,2.848,3.209,3.292,2.917,2.677,3.457,3.242,2.749,3.086,2.792,4.882,5.18,4.417,4.682,4.59,3.392,4.807,4.04,4.59,3.639,3.428,3.412,3.86,19.691,4.095,4.777,5.522,3.574,3.598,4.604,3.329,2.141,1.251,0.69,1.314,1.081,2.095,1.36,1.328,1.421,2.271,2.49,1.739,1.443,1.319,1.42,3.508,3.593,1.593,1.484,1.411,1.507,1.526,1.545,1.619,2.469,2.615,1.486,2.592,3.341,4.507,3.258,3.623,3.51,4.272,3.695,3.507,3.516,4.024,3.431,3.403,4.009,3.306,3.669,3.259,4.514,3.879,3.567,4.275,4.165,3.154,3.454,3.876,2.99,2.997,3.549,3.567,3.363,4.13,2.191,1.787,1.77,2.835,1.78,1.58,2.077,2.853,2.901,2.103,2.996,2.277,1.684,1.283,2.454,1.812,2.784,0.0,0.821,0.322,0.707,1.663,1.094,3.034,0.501,1.4,4.846,3.51,2.895,2.951,3.374,2.503,2.663,2.49,2.427,2.398,2.951,3.722,3.459,3.459,3.51,3.667,3.751,3.114,4.423,3.845,4.325,5.268,3.421,3.868,5.328,5.041,5.066,5.544,3.921,7.358,6.998,8.243,1.965,6.53,5.545,8.841,8.203,6.998,5.214,7.844,6.487,6.356,6.817,6.449,6.535,6.829,2.885,2.423,2.284,1.054,1.554,2.34,1.054,5.411,5.262,8.788,15.953,3.333,1.054,9.77,4.067,1.054,3.972,4.067,4.116,7.12,4.878,3.972,14.067,4.447,7.04,5.731,7.449,2.793,2.21,10.438,2.21,6.074,4.619,2.352,4.499,3.143,8.185,9.346,2.672,2.992,3.225,5.988,5.992,5.011,4.041,4.292,4.335,5.453,4.408,5.268,8.734,8.048,6.998,6.069,8.4,9.656,6.31,6.662,4.127,2.21,13.83,2.21,17.418,2.21,29.055,30.066,9.299,27.675,12.264,23.147,51.495,48.629,59.92,38.762,31.094,28.033,24.778,2.21,107.816
E110,1.086,2.191,2.166,2.114,2.179,1.842,1.681,2.382,2.23,2.067,2.404,2.11,4.2,4.498,3.735,4.0,3.908,2.71,4.125,3.358,3.908,2.957,2.725,2.73,3.178,19.371,3.413,4.096,4.84,2.901,2.916,3.922,2.647,1.067,0.478,0.131,0.541,1.472,1.825,0.587,0.555,0.647,1.197,1.415,0.966,0.67,0.545,0.647,2.511,2.596,0.82,0.711,0.638,0.734,0.752,0.772,0.846,1.472,1.619,0.713,2.895,2.267,3.432,2.576,2.806,2.828,3.197,2.621,2.432,2.7,3.333,2.614,2.328,3.317,2.232,2.852,2.577,3.44,2.805,2.493,3.201,3.09,3.456,2.379,2.802,3.253,3.261,2.474,2.493,2.288,3.055,2.583,2.178,2.162,2.375,2.171,1.627,1.473,2.63,1.827,2.494,3.387,2.668,2.075,1.674,2.845,2.203,4.113,0.84,0.0,0.684,1.128,2.055,1.515,3.456,0.474,1.08,4.526,3.19,2.575,2.631,3.054,2.183,2.344,2.17,2.107,2.078,2.631,3.402,3.139,3.139,3.19,3.346,3.431,2.794,4.103,3.525,4.005,4.948,3.102,3.548,5.008,4.721,4.745,5.224,3.601,7.038,6.678,7.923,1.192,6.21,5.225,8.521,7.883,6.678,4.894,7.524,6.167,6.036,6.497,6.129,6.215,6.509,2.204,1.427,1.964,0.735,0.781,1.343,0.735,4.729,4.58,8.106,15.633,2.651,0.735,9.088,2.993,0.735,3.28,2.993,3.041,6.046,3.804,3.28,13.385,3.372,5.965,4.657,6.374,3.096,2.601,10.118,2.601,5.0,3.544,2.743,4.89,3.534,8.576,8.271,3.094,3.413,3.647,5.668,5.672,4.691,3.721,3.972,4.015,5.133,3.726,4.948,8.414,7.728,6.678,5.749,8.08,9.336,5.99,6.342,3.807,2.601,12.756,2.601,16.343,2.601,28.735,29.747,9.69,28.066,12.655,22.827,51.175,48.309,59.6,37.688,30.02,26.959,24.458,2.601,107.496
E111,1.703,3.129,2.692,3.052,3.136,2.458,2.521,2.999,3.085,2.592,2.929,2.635,4.725,5.024,4.261,4.526,4.433,3.235,4.651,3.883,4.433,3.482,3.272,3.256,3.703,19.535,3.938,4.621,5.365,3.417,3.441,4.447,3.172,1.683,1.095,0.534,1.158,1.667,2.681,1.203,1.171,1.264,1.813,2.032,1.582,1.286,1.162,1.263,3.352,3.437,1.436,1.327,1.254,1.35,1.369,1.388,1.462,2.312,2.459,1.33,3.178,2.883,4.048,3.101,3.466,3.353,3.813,3.237,3.049,3.36,3.868,3.274,2.945,3.852,2.848,3.512,3.102,4.056,3.421,3.109,3.817,3.707,3.74,2.995,3.418,3.575,3.583,3.091,3.109,2.904,3.672,2.777,2.373,2.356,2.992,2.366,2.166,2.663,3.246,2.443,2.689,3.582,2.863,2.27,1.869,3.04,2.398,2.471,0.322,0.665,0.0,0.445,2.249,0.996,2.937,0.669,1.243,4.689,3.354,2.739,2.795,3.217,2.346,2.507,2.334,2.27,2.241,2.795,3.565,3.302,3.302,3.354,3.51,3.594,2.957,4.267,3.689,4.169,5.112,3.265,3.711,5.172,4.884,4.909,5.387,3.764,7.201,6.841,8.087,1.808,6.373,5.388,8.685,8.047,6.841,5.057,7.687,6.33,6.199,6.66,6.293,6.379,6.673,2.729,2.267,2.127,0.898,1.398,2.183,0.898,5.255,5.105,8.632,15.797,3.176,0.898,9.613,3.609,0.898,3.816,3.609,3.658,6.662,4.42,3.816,13.911,3.988,6.581,5.273,6.991,3.379,2.796,10.282,2.796,5.616,4.16,2.938,5.085,3.728,8.77,8.888,2.575,2.895,3.128,5.831,5.836,4.855,3.885,4.135,4.178,5.296,4.251,5.112,8.577,7.891,6.841,5.913,8.243,9.499,6.153,6.506,3.97,2.796,13.372,2.796,16.959,2.796,28.899,29.91,9.884,28.261,12.85,22.99,51.338,48.473,59.763,38.304,30.636,27.575,24.622,2.796,107.659
E112,2.147,3.573,3.136,3.497,3.58,2.903,2.965,3.443,3.53,3.037,3.374,3.079,5.17,5.468,4.705,4.97,4.877,3.68,5.095,4.328,4.877,3.927,3.716,3.7,4.148,19.979,4.383,5.066,5.81,3.862,3.885,4.892,3.617,2.127,1.539,0.978,1.602,2.111,3.126,1.648,1.616,1.708,2.258,2.477,2.027,1.731,1.606,1.708,3.796,3.881,1.881,1.772,1.699,1.794,1.813,1.833,1.907,2.756,2.904,1.774,3.622,3.328,4.493,3.546,3.911,3.797,4.258,3.682,3.493,3.804,4.312,3.719,3.389,4.297,3.293,3.957,3.547,4.501,3.866,3.554,4.262,4.151,4.184,3.44,3.863,4.02,4.027,3.535,3.554,3.349,4.116,3.222,2.817,2.801,3.436,2.81,2.61,3.107,3.691,2.888,3.133,4.027,3.307,2.714,2.313,3.484,2.842,2.026,0.707,1.109,0.445,0.0,2.694,1.107,3.047,1.113,1.688,5.134,3.798,3.183,3.239,3.662,2.791,2.951,2.778,2.715,2.686,3.239,4.01,3.747,3.747,3.798,3.954,4.039,3.402,4.711,4.133,4.613,5.556,3.709,4.156,5.616,5.329,5.353,5.832,4.208,7.646,7.286,8.531,2.253,6.818,5.833,9.129,8.491,7.286,5.502,8.132,6.775,6.644,7.105,6.737,6.823,7.117,3.173,2.711,2.571,1.343,1.842,2.628,1.343,5.699,5.55,9.076,16.241,3.62,1.343,10.057,4.054,1.343,4.26,4.054,4.102,7.107,4.865,4.26,14.355,4.433,7.026,5.718,7.435,3.824,3.24,10.726,3.24,6.061,4.605,3.382,5.388,4.032,9.074,9.332,2.685,3.005,3.238,6.276,6.28,5.299,4.329,4.58,4.623,5.741,4.696,5.556,9.022,8.336,7.286,6.357,8.688,9.944,6.598,6.95,4.415,3.24,13.817,3.24,17.404,3.24,29.343,30.354,10.188,28.564,13.154,23.435,51.783,48.917,60.208,38.749,31.081,28.02,25.066,3.24,108.104
E113,2.717,3.448,3.397,2.7,2.967,2.629,3.312,3.17,3.017,3.89,3.845,3.933,5.775,6.202,5.31,5.704,5.611,3.805,5.829,5.061,5.611,4.66,3.513,4.305,4.752,20.971,4.987,5.799,6.543,3.688,4.49,5.626,4.221,1.854,2.499,1.938,2.562,0.96,1.808,2.401,2.186,2.279,1.984,2.203,2.597,2.301,2.176,1.98,4.143,4.228,1.831,1.916,2.269,2.365,2.384,2.403,2.477,3.103,3.25,2.344,2.305,3.054,4.219,3.504,3.594,3.923,3.984,3.408,3.219,3.487,4.12,3.402,3.115,4.104,3.019,3.64,3.762,4.227,3.592,3.28,3.988,3.877,2.866,3.166,3.589,2.702,2.709,3.262,3.28,3.075,3.843,1.904,1.5,1.483,2.548,1.493,1.293,1.79,2.566,2.614,1.816,1.524,0.805,0.211,0.996,2.167,0.34,4.053,1.678,2.07,2.283,2.728,0.0,3.115,2.563,1.663,2.679,6.125,4.79,4.175,4.231,4.653,3.782,3.943,3.77,3.706,3.677,4.231,5.001,4.738,4.738,4.79,4.946,5.03,4.393,5.702,5.125,6.141,6.548,4.701,5.147,6.607,6.32,6.345,6.823,5.741,8.637,8.277,9.523,2.823,7.809,6.824,10.121,9.483,8.277,6.493,9.123,7.766,7.635,8.096,7.728,7.814,8.108,4.027,3.058,3.563,2.334,2.172,2.974,2.334,6.433,6.283,9.81,17.233,4.109,2.334,11.402,3.78,2.334,4.068,3.78,3.829,6.833,4.591,4.068,15.089,4.159,6.752,5.444,7.162,2.506,1.922,11.717,1.922,5.787,4.331,2.065,3.026,1.67,6.712,9.059,2.2,2.52,2.753,7.267,7.271,6.291,5.321,5.571,5.614,6.732,5.548,6.548,10.013,9.327,8.277,7.348,9.679,10.935,7.589,7.941,5.406,1.922,13.543,1.922,17.13,1.922,30.335,31.346,7.826,26.203,10.792,24.426,52.774,49.908,61.199,38.475,30.807,27.746,26.058,1.922,109.095
E114,2.534,3.96,3.523,3.883,3.967,3.29,3.352,3.83,3.917,3.423,3.761,3.466,5.557,5.855,5.092,5.357,5.264,4.067,5.482,4.714,5.264,4.314,4.103,4.087,4.535,20.366,4.769,5.452,6.197,4.248,4.272,5.279,4.003,2.514,1.926,1.365,1.989,2.498,3.513,2.034,2.003,2.095,2.645,2.863,2.413,2.118,1.993,2.095,4.183,4.268,2.268,2.159,2.086,2.181,2.2,2.22,2.294,3.143,3.29,2.161,4.009,3.714,4.88,3.933,4.298,4.184,4.645,4.069,3.88,4.191,4.699,4.106,3.776,4.684,3.68,4.344,3.933,4.888,4.253,3.94,4.648,4.538,4.571,3.827,4.249,4.407,4.414,3.922,3.94,3.736,4.503,3.608,3.204,3.187,3.823,3.197,2.997,3.494,4.078,3.274,3.52,3.134,3.694,3.101,2.7,3.871,3.229,1.864,1.094,1.496,0.996,1.107,3.08,0.0,2.05,1.5,2.075,5.521,4.185,3.57,3.626,4.048,3.178,3.338,3.165,3.102,3.072,3.626,4.396,4.133,4.133,4.185,4.341,4.426,3.788,5.098,4.52,5.0,5.943,4.096,4.543,6.003,5.716,5.74,6.218,4.595,8.033,7.673,8.918,2.64,7.205,6.219,9.516,8.878,7.673,5.889,8.519,7.161,7.031,7.492,7.124,7.21,7.504,3.56,3.098,2.958,1.729,2.229,3.015,1.729,6.086,5.937,9.463,16.628,4.007,1.729,10.444,4.44,1.729,4.647,4.44,4.489,7.493,5.251,4.647,14.742,4.82,7.413,6.104,7.822,4.211,3.627,11.113,3.627,6.447,4.992,3.769,4.391,3.035,8.077,9.719,1.688,2.008,2.241,6.663,6.667,5.686,4.716,4.966,5.01,6.128,5.083,5.943,9.409,8.723,7.673,6.744,9.074,10.33,6.984,7.337,4.802,3.627,14.204,3.627,17.791,3.627,29.73,30.741,9.191,27.567,12.157,23.822,52.169,49.304,60.595,39.136,31.468,28.406,25.453,3.627,108.49
E115,4.475,5.901,5.464,5.824,5.908,5.231,5.293,5.771,5.858,5.364,5.702,5.407,7.498,7.796,7.033,7.298,7.205,6.008,7.423,6.655,7.205,6.255,6.044,6.028,6.476,22.101,6.71,7.393,8.137,6.189,6.213,7.22,5.944,4.455,3.867,3.306,3.93,3.523,4.371,3.975,3.943,4.036,4.585,4.804,4.354,4.059,3.934,4.035,6.124,6.209,4.209,4.099,4.027,4.122,4.141,4.161,4.235,5.084,5.231,4.102,4.867,5.655,6.821,5.874,6.239,6.125,6.586,6.009,5.821,6.132,6.64,6.046,5.717,6.624,5.62,6.285,5.874,6.828,6.193,5.881,6.589,6.479,5.429,5.768,6.19,5.265,5.272,5.863,5.881,5.677,6.444,4.467,4.062,4.046,5.111,4.056,3.856,4.352,5.129,5.215,4.147,2.615,3.38,2.774,3.558,3.796,2.902,1.979,3.034,3.437,2.937,3.047,2.563,2.05,0.0,3.441,4.016,7.255,5.92,5.305,5.361,5.783,4.912,5.073,4.9,4.837,4.807,5.361,6.131,5.868,5.868,5.92,6.076,6.16,5.523,6.833,6.255,6.735,7.678,5.831,6.277,7.738,7.45,7.475,7.953,6.33,9.767,9.408,10.653,4.581,8.939,7.954,11.251,10.613,9.408,7.623,10.254,8.896,8.765,9.226,8.859,8.945,9.239,5.501,5.039,4.899,3.67,4.17,4.956,3.67,8.027,7.877,11.404,18.363,5.948,3.67,12.385,6.381,3.67,6.588,6.381,6.43,9.434,7.192,6.588,16.683,6.761,9.354,8.045,9.763,5.069,4.485,12.848,4.485,8.388,6.933,4.628,3.873,2.517,7.559,11.174,0.363,0.447,0.68,8.398,8.402,7.421,6.451,6.701,6.745,7.862,6.97,7.678,11.143,10.457,9.408,8.479,10.809,12.065,8.719,9.072,6.537,4.485,16.144,4.485,19.732,4.485,31.465,32.476,8.672,27.049,11.638,25.556,53.904,51.039,62.33,41.076,33.408,30.347,27.188,4.485,110.225
E116,1.512,2.97,2.532,2.893,2.977,2.268,2.362,2.808,2.926,2.433,2.77,2.476,4.566,4.864,4.101,4.367,4.274,3.076,4.491,3.724,4.274,3.323,3.112,3.096,3.544,19.375,3.779,4.462,5.206,3.258,3.282,4.288,3.013,1.492,0.904,0.343,0.967,1.065,2.08,1.013,0.981,1.074,1.623,1.842,1.392,1.096,0.972,1.073,3.193,3.277,1.246,1.137,1.064,1.16,1.179,1.198,1.272,2.153,2.3,1.139,2.576,2.693,3.858,2.942,3.307,3.194,3.623,3.047,2.858,3.2,3.709,3.115,2.754,3.693,2.658,3.353,2.943,3.866,3.231,2.919,3.627,3.516,3.138,2.805,3.228,2.974,2.981,2.9,2.919,2.714,3.481,2.176,1.771,1.755,2.82,1.764,1.565,2.061,2.838,2.253,2.087,2.981,2.261,1.668,1.267,2.438,1.796,4.117,0.501,0.474,0.688,1.133,1.648,1.519,3.46,0.0,1.084,4.53,3.194,2.579,2.635,3.058,2.187,2.348,2.174,2.111,2.082,2.635,3.406,3.143,3.143,3.194,3.351,3.435,2.798,4.107,3.529,4.01,4.952,3.106,3.552,5.012,4.725,4.75,5.228,3.605,7.042,6.682,7.927,1.618,6.214,5.229,8.526,7.888,6.682,4.898,7.528,6.171,6.04,6.501,6.133,6.219,6.513,2.57,2.108,1.968,0.739,1.207,2.024,0.739,5.096,4.946,8.472,15.637,3.017,0.739,9.454,3.419,0.739,3.656,3.419,3.467,6.472,4.23,3.656,13.751,3.798,6.391,5.083,6.8,2.778,2.194,10.122,2.194,5.426,3.97,2.337,4.483,3.127,8.169,8.697,3.098,3.418,3.651,5.672,5.676,4.696,3.725,3.976,4.019,5.137,4.092,4.952,8.418,7.732,6.682,5.753,8.084,9.34,5.994,6.346,3.811,2.194,13.182,2.194,16.769,2.194,28.739,29.751,9.283,27.66,12.249,22.831,51.179,48.313,59.604,38.114,30.446,27.385,24.463,2.194,107.5
E117,2.118,3.116,2.679,3.04,3.123,2.874,2.509,3.473,3.073,2.58,2.917,2.623,4.713,4.307,4.248,3.81,3.717,3.223,3.934,3.167,3.717,3.279,3.259,3.243,3.691,18.511,3.926,3.905,4.649,3.405,3.429,3.731,3.16,2.099,1.51,0.949,1.573,2.083,3.097,1.619,1.587,1.68,2.229,2.448,1.998,1.702,1.577,1.679,3.339,3.424,1.852,1.743,1.67,1.766,1.785,1.804,1.878,2.3,2.447,1.745,3.594,3.357,4.522,3.089,3.454,3.341,4.287,3.711,3.595,3.347,3.856,3.262,3.418,3.84,3.322,3.5,3.09,4.53,3.895,3.583,4.291,4.313,4.155,3.602,4.024,3.991,3.998,3.697,3.583,3.511,4.146,3.193,2.788,2.772,3.598,2.781,2.582,3.078,3.853,2.859,3.104,3.998,3.279,2.685,2.284,3.455,2.813,3.253,1.378,1.081,1.221,1.666,2.665,2.053,3.994,1.085,0.0,3.666,2.33,1.715,1.771,2.194,1.323,1.484,1.31,1.247,1.218,1.771,2.542,2.279,2.279,2.33,2.487,2.571,1.934,3.243,2.665,3.145,4.088,2.241,2.688,4.148,3.861,3.886,4.364,2.741,6.178,5.818,7.063,2.286,5.35,4.365,7.662,7.023,5.818,4.034,6.664,5.307,5.176,5.637,5.269,5.355,5.649,2.716,2.254,1.104,0.345,1.813,2.171,0.345,4.539,4.389,7.915,14.773,3.163,0.345,9.601,3.639,0.345,3.803,3.639,4.132,7.136,4.779,3.803,13.194,4.462,7.055,5.747,7.465,3.795,3.211,9.258,3.211,6.09,4.635,3.353,5.5,4.144,9.186,9.362,3.631,3.951,4.184,4.808,4.812,3.831,2.861,3.112,3.155,4.273,3.381,4.088,7.554,6.868,5.818,4.889,7.22,8.476,5.13,5.482,2.947,3.211,13.846,3.211,17.433,3.211,27.875,28.887,10.3,28.677,13.266,21.967,50.315,47.449,58.74,38.778,31.11,28.049,23.599,3.211,106.636
E118,5.917,5.696,5.259,5.62,5.703,6.413,5.643,6.167,5.653,5.159,5.143,5.202,5.657,5.227,5.192,4.729,4.637,5.029,4.854,4.087,4.637,4.302,5.234,4.783,4.635,17.11,4.87,4.825,5.569,5.21,4.373,4.651,4.699,5.566,4.978,4.417,5.041,5.55,7.374,5.086,5.054,5.147,7.083,6.812,5.871,5.169,5.045,5.146,6.153,6.237,5.319,5.21,5.137,5.233,5.252,5.271,6.048,5.659,5.704,5.213,7.042,6.031,6.755,5.404,5.608,5.146,6.52,5.944,5.749,5.501,5.661,5.416,5.9,5.646,6.016,5.81,5.316,6.409,6.128,6.257,6.524,6.768,7.604,6.526,6.949,7.401,7.408,6.622,6.257,6.435,6.379,7.106,6.256,6.239,6.523,6.249,6.049,7.231,6.777,6.53,6.572,7.465,6.746,6.153,5.752,6.923,6.281,5.452,4.845,4.548,4.689,5.133,6.132,5.52,7.25,4.552,3.687,0.0,1.336,2.328,1.894,1.513,2.342,2.255,2.355,2.418,2.448,1.894,1.751,1.387,1.387,1.336,1.314,1.78,1.732,2.453,1.001,2.822,2.687,3.405,3.509,2.747,2.46,2.484,2.962,3.028,2.512,2.152,3.397,5.645,1.684,0.699,3.995,3.357,2.152,0.368,2.998,1.641,4.385,4.846,4.479,4.564,4.859,5.296,5.614,4.011,3.813,5.28,5.53,3.813,5.458,5.309,8.835,13.372,4.969,3.813,10.545,5.445,3.813,5.609,5.445,6.505,9.369,6.584,5.609,14.114,6.341,9.288,7.98,9.697,7.244,7.603,5.592,7.603,8.323,6.867,7.364,8.967,7.611,12.653,11.595,7.098,6.803,6.57,2.97,2.975,3.041,2.071,2.798,2.505,2.872,3.445,2.687,3.888,3.202,2.152,1.223,3.554,4.81,1.464,4.691,2.156,7.603,16.079,7.603,19.666,7.603,28.372,29.383,13.767,32.144,16.733,20.566,48.913,46.048,57.339,41.011,33.343,30.282,19.932,7.603,105.235
E119,4.129,4.767,4.33,4.69,4.774,5.484,4.08,5.238,4.724,4.23,4.214,4.273,4.728,4.298,4.263,3.8,3.708,4.099,3.925,3.158,3.708,3.373,4.305,3.854,3.706,16.181,3.941,3.896,4.64,4.281,3.444,3.722,3.77,4.23,3.642,3.081,3.705,4.214,5.228,3.75,3.718,3.811,4.36,5.883,4.083,3.833,3.709,3.81,5.223,5.308,3.983,3.874,3.801,3.897,3.916,3.936,4.01,3.871,4.018,3.877,6.113,5.102,5.826,4.475,4.679,4.217,5.591,5.015,4.82,4.572,4.732,4.487,4.971,4.716,5.087,4.88,4.386,5.48,5.199,5.328,5.595,5.839,6.675,5.597,6.02,6.472,6.479,5.692,5.328,5.506,5.449,6.177,4.92,4.903,5.594,4.913,4.713,6.301,5.848,5.601,5.236,6.129,5.41,4.817,4.416,5.587,4.945,4.116,3.509,3.212,3.353,3.797,4.796,4.184,5.914,3.216,2.352,1.336,0.0,0.992,0.558,0.177,1.006,0.919,1.019,1.082,1.112,0.558,0.415,0.052,0.052,0.0,0.156,0.444,0.396,1.117,0.335,1.893,1.758,2.006,2.066,1.818,1.531,1.555,2.033,2.099,3.848,3.488,4.733,3.857,3.019,2.034,5.331,4.693,3.488,1.704,4.334,2.976,3.05,3.511,3.143,3.229,3.523,4.367,3.826,2.675,2.477,3.945,3.742,2.477,4.529,4.38,7.906,12.443,4.04,2.477,9.616,4.516,2.477,4.68,4.516,5.576,8.44,5.655,4.68,13.185,5.412,8.359,7.051,8.768,6.314,5.343,6.928,5.343,7.394,5.938,6.434,7.632,6.276,11.318,10.665,5.762,5.467,5.234,2.682,2.686,1.705,0.735,1.462,1.169,1.943,2.515,1.758,5.224,4.537,3.488,2.559,4.889,6.145,2.799,3.356,0.821,5.343,15.15,5.343,18.737,5.343,25.749,26.76,12.431,30.808,15.397,19.636,47.984,45.119,56.41,40.082,32.414,29.353,21.268,5.343,104.305
E120,3.202,3.761,3.324,3.684,3.768,4.133,3.153,4.117,3.717,3.224,3.277,3.267,5.721,5.291,5.256,4.793,4.7,3.51,4.918,4.15,4.7,2.989,3.716,3.264,4.699,17.174,4.934,4.888,5.632,3.692,4.436,4.715,3.181,3.303,2.715,2.154,2.778,3.287,4.301,2.823,2.791,2.884,3.433,3.652,3.156,2.906,2.782,2.883,3.984,4.069,3.057,2.947,2.874,2.97,2.989,3.009,3.083,2.944,3.091,2.95,4.762,4.002,5.237,3.449,3.814,3.628,5.002,4.356,3.955,3.707,4.143,3.622,4.063,4.127,3.967,3.86,3.45,4.89,4.54,4.228,5.005,5.25,5.324,4.246,4.669,5.121,5.128,4.341,4.228,4.155,4.86,4.397,3.993,3.976,4.242,3.986,3.786,4.283,4.497,4.25,4.309,5.202,4.483,3.89,3.489,4.66,4.018,3.189,2.582,2.285,2.426,2.87,3.869,3.257,4.987,2.289,1.425,2.328,0.993,0.0,0.433,0.856,0.392,0.305,0.405,0.468,0.497,0.433,1.204,0.941,0.941,0.993,1.149,1.233,0.596,1.905,1.327,2.885,2.751,1.951,1.658,2.811,2.523,2.548,3.026,3.092,4.84,4.48,5.726,2.93,4.012,3.027,6.324,5.686,4.48,2.696,5.326,3.969,3.838,4.299,3.931,4.017,4.311,3.361,2.899,1.748,1.55,3.018,2.815,1.55,5.522,5.372,8.899,13.436,3.451,1.55,10.608,3.926,1.55,4.09,3.926,4.776,7.85,5.066,4.09,14.178,4.823,7.77,6.461,8.179,4.963,4.416,7.92,4.416,6.804,5.349,4.558,6.705,5.348,10.391,10.076,4.835,4.54,4.307,3.47,3.474,2.494,1.524,1.483,1.958,2.935,3.508,2.751,6.216,5.53,4.48,3.551,5.882,7.138,3.792,4.144,1.609,4.416,14.561,4.416,18.148,4.416,26.538,27.549,11.505,29.881,14.47,20.629,48.977,46.111,57.402,39.492,31.825,28.763,22.261,4.416,105.298
E121,3.571,4.129,3.692,4.053,4.136,4.501,3.522,4.486,4.086,3.593,3.646,3.636,5.287,4.857,4.822,4.359,4.266,4.659,4.484,3.717,4.266,3.932,4.864,4.413,4.265,16.74,4.5,4.455,5.199,4.84,4.003,4.281,4.329,3.672,3.084,2.523,3.147,3.656,4.67,3.192,3.16,3.253,3.802,4.021,3.525,3.275,3.151,3.252,4.353,4.437,3.425,3.316,3.243,3.339,3.358,3.377,3.451,3.313,3.46,3.318,5.13,4.37,6.385,3.818,5.238,4.776,6.15,5.574,5.379,5.131,5.291,5.046,5.53,5.276,4.335,5.44,3.818,6.039,5.758,4.596,6.154,6.398,5.692,4.615,5.037,5.489,5.496,4.71,4.596,4.524,6.009,4.766,4.362,4.345,4.611,4.355,4.155,4.652,4.866,4.618,4.678,5.571,4.852,4.259,3.857,5.029,4.387,3.558,2.951,2.654,2.795,3.239,4.238,3.626,5.356,2.658,1.793,1.895,0.559,0.433,0.0,0.423,0.448,0.361,0.461,0.524,0.554,0.0,0.771,0.507,0.507,0.559,0.715,0.8,0.163,1.472,0.894,2.452,2.317,2.361,1.714,2.377,2.09,2.114,2.592,2.658,4.407,4.047,5.292,3.299,3.579,2.594,5.89,5.252,4.047,2.263,4.893,3.535,3.405,3.866,3.498,3.584,3.878,3.729,3.268,2.117,1.919,3.386,3.184,1.919,5.088,4.939,8.465,13.002,4.599,1.919,10.175,5.075,1.919,5.239,5.075,6.135,8.999,6.214,5.239,13.744,5.971,8.918,7.61,9.327,5.332,4.784,7.487,4.784,7.953,6.497,4.927,7.074,5.717,10.759,11.224,5.204,4.909,4.676,3.037,3.041,2.06,1.09,1.818,1.524,2.502,3.075,2.317,5.783,5.096,4.047,3.118,5.448,6.705,3.358,3.711,1.176,4.784,15.709,4.784,19.296,4.784,26.104,27.115,11.873,30.25,14.839,20.195,48.544,45.678,56.969,40.641,32.973,29.912,21.827,4.784,104.865
E122,3.993,4.136,3.698,4.059,4.143,4.508,3.944,5.416,4.092,3.599,3.582,3.642,4.906,4.476,4.441,3.978,3.885,4.277,4.103,3.336,3.885,3.55,4.483,4.032,3.884,16.359,4.119,4.074,4.818,4.459,3.622,3.9,3.948,4.094,3.506,2.945,3.569,4.078,5.093,3.615,3.583,3.675,4.225,4.907,3.948,3.698,3.573,3.675,4.592,4.677,3.848,3.739,3.666,3.761,3.78,3.8,3.874,3.735,3.882,3.741,5.137,5.279,6.004,4.653,4.857,4.395,5.769,5.193,4.998,4.75,4.91,4.665,5.149,4.894,5.265,5.058,3.755,5.658,5.377,5.505,5.773,6.017,5.698,4.621,5.044,5.495,5.503,4.716,5.505,4.53,5.627,5.201,4.784,4.768,4.617,4.777,4.577,5.074,4.872,4.624,5.1,5.993,5.274,4.681,4.28,5.451,4.809,3.98,3.374,3.076,3.217,3.662,4.661,4.048,5.778,3.08,2.216,1.514,0.178,0.856,0.423,0.0,0.871,0.783,0.883,0.947,0.976,0.423,0.389,0.126,0.126,0.178,0.334,0.419,0.26,1.091,0.513,2.071,1.936,1.98,2.04,1.996,1.709,1.733,2.211,2.277,4.026,3.666,4.911,3.721,3.197,2.212,5.509,4.871,3.666,1.881,4.512,3.154,3.024,3.485,3.117,3.203,3.497,3.736,3.69,2.539,2.341,3.809,3.607,2.341,4.707,4.558,8.084,12.621,4.218,2.341,9.794,4.694,2.341,4.858,4.694,5.754,8.618,5.833,4.858,13.363,5.59,8.537,7.229,8.946,5.338,5.207,7.106,5.207,7.572,6.116,5.349,7.496,6.14,11.182,10.843,5.627,5.332,5.098,2.656,2.66,1.679,0.709,1.437,1.143,2.121,2.693,1.936,5.402,4.715,3.666,2.737,5.067,6.323,2.977,3.33,0.795,5.207,15.328,5.207,18.915,5.207,25.723,26.734,12.296,30.672,15.261,19.814,48.162,45.297,56.588,40.26,32.592,29.531,21.446,5.207,104.483
E123,3.122,3.681,3.244,3.604,3.688,4.053,3.073,4.038,3.638,3.144,3.197,3.187,4.367,3.937,3.902,3.439,3.347,3.431,3.564,2.797,3.347,2.909,3.636,3.185,3.345,17.188,3.58,3.535,4.279,3.612,3.083,3.361,3.102,3.224,2.635,2.074,2.698,3.207,4.222,2.744,2.712,2.805,3.354,3.573,3.077,2.827,2.703,2.804,3.904,3.989,2.977,2.868,2.795,2.891,2.91,2.929,3.003,2.864,3.011,2.87,4.682,3.922,5.157,3.369,3.735,3.548,4.922,4.276,3.875,3.628,4.063,3.542,3.983,4.048,3.887,3.78,3.37,4.811,4.46,4.148,4.926,5.17,5.244,4.167,4.589,5.041,5.048,4.262,4.148,4.075,4.781,4.318,3.913,3.897,4.163,3.906,3.706,4.203,4.417,4.17,4.229,5.122,4.403,3.81,3.409,4.58,3.938,3.109,2.503,2.205,2.346,2.791,3.79,3.178,4.907,2.21,1.345,2.343,1.007,0.392,0.448,0.871,0.0,0.161,0.013,0.076,0.105,0.448,1.219,0.956,0.956,1.007,1.164,1.248,0.611,1.92,1.342,2.9,2.765,1.871,1.514,2.825,2.538,2.563,3.041,3.106,4.855,4.495,5.74,2.85,4.027,3.042,6.338,5.7,4.495,2.711,5.341,3.984,3.853,4.314,3.946,4.032,4.326,3.281,2.819,1.669,1.47,2.938,2.736,1.47,4.169,4.019,7.545,13.45,3.371,1.47,9.255,3.847,1.47,4.011,3.847,4.697,7.771,4.986,4.011,12.824,4.743,7.69,6.382,8.1,4.884,4.336,7.935,4.336,6.725,5.269,4.478,6.625,5.269,10.311,9.996,4.756,4.461,4.228,3.485,3.489,2.508,1.538,1.339,1.973,2.95,3.523,2.765,6.231,5.545,4.495,3.566,5.897,7.153,3.807,4.159,1.624,4.336,14.481,4.336,18.068,4.336,26.552,27.564,11.425,29.801,14.391,20.644,48.992,46.126,57.417,39.413,31.745,28.684,22.276,4.336,105.313
E124,3.283,3.842,3.405,3.765,3.849,4.214,3.234,4.198,3.798,3.305,3.358,3.348,5.648,5.218,5.183,4.72,4.627,3.591,4.845,4.078,4.627,3.07,3.797,3.345,4.626,17.101,4.861,4.816,5.56,3.773,4.364,4.642,3.262,3.384,2.796,2.235,2.859,3.368,4.382,2.904,2.872,2.965,3.514,3.733,3.237,2.987,2.863,2.964,4.065,4.15,3.138,3.028,2.955,3.051,3.07,3.09,3.163,3.025,3.172,3.031,4.843,4.082,5.318,3.53,3.895,3.709,5.083,4.436,4.036,3.788,4.224,3.703,4.144,4.208,4.048,3.941,3.531,4.971,4.62,4.308,5.086,5.331,5.404,4.327,4.75,5.202,5.209,4.422,4.308,4.236,4.941,4.478,4.074,4.057,4.324,4.067,3.867,4.364,4.578,4.33,4.39,5.283,4.564,3.971,3.57,4.741,4.099,3.27,2.663,2.366,2.507,2.951,3.95,3.338,5.068,2.37,1.506,2.256,0.92,0.305,0.361,0.783,0.161,0.0,0.173,0.236,0.266,0.361,1.131,0.868,0.868,0.92,1.076,1.161,0.523,1.833,1.255,2.813,2.678,1.732,1.353,2.738,2.451,2.475,2.953,3.019,4.768,4.408,5.653,3.011,3.939,2.954,6.251,5.613,4.408,2.623,5.254,3.896,3.766,4.227,3.859,3.945,4.239,3.442,2.98,1.829,1.631,3.099,2.896,1.631,5.449,5.3,8.826,13.363,3.532,1.631,10.536,4.007,1.631,4.171,4.007,4.857,7.931,5.147,4.171,14.105,4.904,7.851,6.542,8.26,5.044,4.497,7.848,4.497,6.885,5.43,4.639,6.786,5.429,10.472,10.157,4.916,4.621,4.388,3.398,3.402,2.421,1.451,1.178,1.885,2.863,3.436,2.678,6.144,5.457,4.408,3.479,5.809,7.065,3.719,4.072,1.537,4.497,14.642,4.497,18.229,4.497,26.465,27.476,11.585,29.962,14.551,20.556,48.904,46.039,57.33,39.573,31.905,28.844,22.188,4.497,105.225
E125,3.11,3.668,3.231,3.592,3.675,4.04,3.061,4.025,3.625,3.132,3.185,3.175,4.355,3.925,3.89,3.427,3.334,3.418,3.551,2.784,3.334,2.896,3.624,3.172,3.333,17.201,3.568,3.522,4.266,3.6,3.07,3.349,3.089,3.211,2.623,2.062,2.686,3.195,4.209,2.731,2.699,2.792,3.341,3.56,3.064,2.814,2.69,2.791,3.892,3.976,2.964,2.855,2.782,2.878,2.897,2.916,2.99,2.852,2.999,2.858,4.67,3.909,5.144,3.357,3.722,3.535,4.91,4.263,3.863,3.615,4.051,3.53,3.971,4.035,3.874,3.768,3.358,4.798,4.447,4.135,4.913,5.158,5.231,4.154,4.577,5.028,5.035,4.249,4.135,4.063,4.768,4.305,3.901,3.884,4.15,3.894,3.694,4.191,4.405,4.157,4.217,5.11,4.391,3.798,3.397,4.568,3.926,3.096,2.49,2.193,2.334,2.778,3.777,3.165,4.895,2.197,1.332,2.356,1.02,0.405,0.461,0.883,0.013,0.173,0.0,0.063,0.093,0.461,1.232,0.969,0.969,1.02,1.176,1.261,0.624,1.933,1.355,2.913,2.778,1.859,1.526,2.838,2.551,2.575,3.053,3.119,4.868,4.508,5.753,2.838,4.04,3.054,6.351,5.713,4.508,2.724,5.354,3.996,3.866,4.327,3.959,4.045,4.339,3.269,2.807,1.656,1.458,2.925,2.723,1.458,4.156,4.006,7.533,13.463,3.359,1.458,9.242,3.834,1.458,3.998,3.834,4.684,7.758,4.974,3.998,12.812,4.73,7.678,6.369,8.087,4.871,4.323,7.948,4.323,6.712,5.257,4.466,6.612,5.256,10.298,9.984,4.743,4.448,4.215,3.498,3.502,2.521,1.551,1.352,1.986,2.963,3.536,2.778,6.244,5.558,4.508,3.579,5.909,7.165,3.819,4.172,1.637,4.323,14.468,4.323,18.056,4.323,26.565,27.576,11.412,29.789,14.378,20.657,49.004,46.139,57.43,39.4,31.732,28.671,22.288,4.323,105.326
E126,3.046,3.605,3.168,3.529,3.612,3.977,2.997,3.962,3.562,3.068,3.122,3.111,4.292,3.861,3.827,3.364,3.271,3.355,3.488,2.721,3.271,2.833,3.561,3.109,3.269,17.264,3.504,3.459,4.203,3.537,3.007,3.285,3.026,3.148,2.559,1.998,2.623,3.132,4.146,2.668,2.636,2.729,3.278,3.497,3.001,2.751,2.627,2.728,3.828,3.913,2.901,2.792,2.719,2.815,2.834,2.853,2.927,2.788,2.936,2.794,4.606,3.846,5.081,3.294,3.659,3.472,4.846,4.2,3.8,3.552,3.987,3.466,3.907,3.972,3.811,3.705,3.294,4.735,4.384,4.072,4.85,5.095,5.168,4.091,4.513,4.965,4.972,4.186,4.072,4.0,4.705,4.242,3.837,3.821,4.087,3.831,3.631,4.127,4.341,4.094,4.154,5.047,4.328,3.734,3.333,4.505,3.862,3.033,2.427,2.13,2.27,2.715,3.714,3.102,4.831,2.134,1.269,2.419,1.083,0.468,0.524,0.947,0.076,0.236,0.063,0.0,0.029,0.524,1.295,1.032,1.032,1.083,1.239,1.324,0.687,1.996,1.418,2.976,2.841,1.796,1.59,2.901,2.614,2.639,3.117,3.182,4.931,4.571,5.816,2.775,4.103,3.118,6.414,5.776,4.571,2.787,5.417,4.06,3.929,4.39,4.022,4.108,4.402,3.205,2.743,1.593,1.394,2.862,2.66,1.394,4.093,3.943,7.47,13.526,3.295,1.394,9.179,3.771,1.394,3.935,3.771,4.621,7.695,4.91,3.935,12.748,4.667,7.614,6.306,8.024,4.808,4.26,8.011,4.26,6.649,5.193,4.402,6.549,5.193,10.235,9.921,4.68,4.385,4.152,3.561,3.565,2.584,1.614,1.415,2.049,3.026,3.599,2.841,6.307,5.621,4.571,3.642,5.973,7.229,3.883,4.235,1.7,4.26,14.405,4.26,17.992,4.26,26.628,27.639,11.349,29.726,14.315,20.72,49.068,46.202,57.493,39.337,31.669,28.608,22.351,4.26,105.389
E127,3.017,3.576,3.139,3.499,3.583,3.948,2.968,3.933,3.533,3.039,3.092,3.082,4.262,3.832,3.797,3.334,3.241,3.325,3.459,2.692,3.241,2.804,3.531,3.08,3.24,17.294,3.475,3.429,4.174,3.507,2.978,3.256,2.996,3.118,2.53,1.969,2.593,3.102,4.117,2.638,2.607,2.699,3.248,3.467,2.972,2.722,2.597,2.698,3.799,3.884,2.872,2.763,2.69,2.785,2.804,2.824,2.898,2.759,2.906,2.765,4.577,3.817,5.052,3.264,3.629,3.443,4.817,4.171,3.77,3.522,3.958,3.437,3.878,3.942,3.782,3.675,3.265,4.706,4.355,4.043,4.821,5.065,5.139,4.061,4.484,4.936,4.943,4.157,4.043,3.97,4.675,4.213,3.808,3.791,4.058,3.801,3.601,4.098,4.312,4.065,4.124,5.017,4.298,3.705,3.304,4.475,3.833,3.004,2.398,2.1,2.241,2.686,3.684,3.072,4.802,2.104,1.24,2.448,1.113,0.497,0.554,0.976,0.105,0.266,0.093,0.029,0.0,0.554,1.324,1.061,1.061,1.113,1.269,1.353,0.716,2.026,1.448,3.005,2.87,1.766,1.619,2.931,2.643,2.668,3.146,3.212,4.96,4.6,5.846,2.745,4.132,3.147,6.444,5.806,4.6,2.816,5.446,4.089,3.958,4.419,4.051,4.138,4.431,3.176,2.714,1.563,1.365,2.833,2.631,1.365,4.063,3.914,7.44,13.556,3.266,1.365,9.15,3.742,1.365,3.906,3.742,4.591,7.665,4.881,3.906,12.719,4.638,7.585,6.277,7.994,4.779,4.231,8.041,4.231,6.62,5.164,4.373,6.52,5.164,10.206,9.891,4.651,4.355,4.122,3.59,3.595,2.614,1.644,1.444,2.078,3.055,3.628,2.87,6.336,5.65,4.6,3.672,6.002,7.258,3.912,4.264,1.729,4.231,14.376,4.231,17.963,4.231,26.658,27.669,11.32,29.696,14.285,20.749,49.097,46.231,57.522,39.308,31.64,28.579,22.381,4.231,105.418
E128,3.571,4.129,3.692,4.053,4.136,4.501,3.522,4.486,4.086,3.593,3.646,3.636,5.287,4.857,4.822,4.359,4.266,4.659,4.484,3.717,4.266,3.932,4.864,4.413,4.265,16.74,4.5,4.455,5.199,4.84,4.003,4.281,4.329,3.672,3.084,2.523,3.147,3.656,4.67,3.192,3.16,3.253,3.802,4.021,3.525,3.275,3.151,3.252,4.353,4.437,3.425,3.316,3.243,3.339,3.358,3.377,3.451,3.313,3.46,3.318,5.13,4.37,6.385,3.818,5.238,4.776,6.15,5.574,5.379,5.131,5.291,5.046,5.53,5.276,4.335,5.44,3.818,6.039,5.758,4.596,6.154,6.398,5.692,4.615,5.037,5.489,5.496,4.71,4.596,4.524,6.009,4.766,4.362,4.345,4.611,4.355,4.155,4.652,4.866,4.618,4.678,5.571,4.852,4.259,3.857,5.029,4.387,3.558,2.951,2.654,2.795,3.239,4.238,3.626,5.356,2.658,1.793,1.895,0.559,0.433,0.0,0.423,0.448,0.361,0.461,0.524,0.554,0.0,0.771,0.507,0.507,0.559,0.715,0.8,0.163,1.472,0.894,2.452,2.317,2.361,1.714,2.377,2.09,2.114,2.592,2.658,4.407,4.047,5.292,3.299,3.579,2.594,5.89,5.252,4.047,2.263,4.893,3.535,3.405,3.866,3.498,3.584,3.878,3.729,3.268,2.117,1.919,3.386,3.184,1.919,5.088,4.939,8.465,13.002,4.599,1.919,10.175,5.075,1.919,5.239,5.075,6.135,8.999,6.214,5.239,13.744,5.971,8.918,7.61,9.327,5.332,4.784,7.487,4.784,7.953,6.497,4.927,7.074,5.717,10.759,11.224,5.204,4.909,4.676,3.037,3.041,2.06,1.09,1.818,1.524,2.502,3.075,2.317,5.783,5.096,4.047,3.118,5.448,6.705,3.358,3.711,1.176,4.784,15.709,4.784,19.296,4.784,26.104,27.115,11.873,30.25,14.839,20.195,48.544,45.678,56.969,40.641,32.973,29.912,21.827,4.784,104.865
E129,4.34,4.373,3.936,4.296,4.38,4.745,4.291,5.653,4.33,3.836,3.82,3.879,5.144,4.713,4.679,4.216,4.123,4.515,4.34,3.573,4.123,3.788,4.721,4.269,4.121,16.596,4.356,4.311,5.055,4.697,3.859,4.137,4.186,4.442,3.853,3.292,3.916,4.426,5.44,3.962,3.93,4.023,4.572,5.144,4.295,4.045,3.921,4.022,4.829,4.914,4.195,4.086,4.013,4.109,4.128,4.147,4.221,4.082,4.229,4.088,5.374,5.517,6.241,3.992,5.094,4.632,6.006,5.43,5.235,4.988,5.147,4.902,5.386,5.132,5.503,5.296,3.992,5.895,5.614,5.743,6.01,6.255,5.936,4.858,5.281,5.733,5.74,4.954,5.743,4.767,5.865,5.438,5.131,5.115,4.855,5.125,4.924,5.562,5.109,4.862,5.447,6.341,5.622,5.028,4.627,5.798,5.157,4.327,3.721,3.424,3.564,4.009,5.008,4.396,6.125,3.428,2.563,1.751,0.415,1.203,0.77,0.389,1.218,1.131,1.231,1.294,1.323,0.77,0.0,0.364,0.364,0.415,0.572,0.172,0.607,0.845,0.75,2.308,2.173,2.217,2.278,2.233,1.946,1.97,2.449,2.514,4.263,3.903,5.148,4.069,3.435,2.45,5.746,5.108,3.903,2.119,4.749,3.392,2.777,3.239,2.871,2.957,3.251,3.973,4.037,2.886,2.688,4.156,3.954,2.688,4.945,4.795,8.322,12.858,4.455,2.688,10.031,4.931,2.688,5.095,4.931,5.991,8.855,6.07,5.095,13.601,5.827,8.774,7.466,9.184,5.576,5.554,7.343,5.554,7.809,6.353,5.696,7.843,6.487,11.529,11.081,5.974,5.679,5.446,2.409,2.414,1.433,0.946,1.674,1.381,2.358,2.931,2.173,5.639,4.953,3.903,2.974,5.305,6.561,3.215,3.084,1.032,5.554,15.565,5.554,19.152,5.554,25.477,26.488,12.643,31.019,15.609,20.052,48.4,45.534,56.825,40.497,32.829,29.768,21.683,5.554,104.721
E130,4.077,4.11,3.673,4.033,4.117,5.535,4.028,5.29,4.067,3.573,3.556,3.616,4.78,4.35,4.315,3.852,3.759,4.151,3.977,3.209,3.759,3.424,4.357,3.905,3.758,16.233,3.993,3.947,4.691,4.333,3.495,3.774,3.822,4.178,3.59,3.029,3.653,4.162,5.177,3.699,3.667,3.76,4.309,5.935,4.032,3.782,3.658,3.759,4.566,4.651,3.932,3.823,3.75,3.846,3.865,3.884,3.958,3.819,3.966,3.825,6.165,5.153,5.878,4.527,4.731,4.269,5.643,5.066,4.871,4.624,4.784,4.538,5.022,4.768,5.139,4.932,3.729,5.531,5.25,5.379,5.646,5.891,6.726,5.649,6.071,6.523,6.53,5.744,5.379,5.558,5.501,6.229,4.868,4.852,5.645,4.862,4.661,6.353,5.9,5.652,5.184,6.077,5.358,4.765,4.364,5.535,4.893,4.064,3.458,3.16,3.301,3.746,4.745,4.133,5.862,3.165,2.3,1.387,0.052,0.94,0.507,0.126,0.955,0.868,0.968,1.031,1.06,0.507,0.364,0.0,0.0,0.052,0.208,0.393,0.344,1.065,0.387,1.944,1.809,1.954,2.015,1.869,1.582,1.607,2.085,2.151,3.899,3.539,4.785,3.805,3.071,2.086,5.383,4.745,3.539,1.755,4.385,3.028,2.998,3.459,3.091,3.177,3.471,3.71,3.774,2.623,2.425,3.893,3.691,2.425,4.581,4.431,7.958,12.495,4.092,2.425,9.667,4.567,2.425,4.731,4.567,5.627,8.491,5.707,4.731,13.237,5.463,8.411,7.102,8.82,6.366,5.291,6.979,5.291,7.445,5.99,6.486,7.58,6.224,11.266,10.717,5.711,5.416,5.183,2.63,2.634,1.653,0.683,1.411,1.118,1.994,2.567,1.809,5.275,4.589,3.539,2.611,4.941,6.197,2.851,3.304,0.769,5.291,15.201,5.291,18.789,5.291,25.697,26.708,12.38,30.756,15.346,19.688,48.036,45.17,56.461,40.133,32.465,29.404,21.32,5.291,104.357
E131,4.077,4.11,3.673,4.033,4.117,5.535,4.028,5.29,4.067,3.573,3.556,3.616,4.78,4.35,4.315,3.852,3.759,4.151,3.977,3.209,3.759,3.424,4.357,3.905,3.758,16.233,3.993,3.947,4.691,4.333,3.495,3.774,3.822,4.178,3.59,3.029,3.653,4.162,5.177,3.699,3.667,3.76,4.309,5.935,4.032,3.782,3.658,3.759,4.566,4.651,3.932,3.823,3.75,3.846,3.865,3.884,3.958,3.819,3.966,3.825,6.165,5.153,5.878,4.527,4.731,4.269,5.643,5.066,4.871,4.624,4.784,4.538,5.022,4.768,5.139,4.932,3.729,5.531,5.25,5.379,5.646,5.891,6.726,5.649,6.071,6.523,6.53,5.744,5.379,5.558,5.501,6.229,4.868,4.852,5.645,4.862,4.661,6.353,5.9,5.652,5.184,6.077,5.358,4.765,4.364,5.535,4.893,4.064,3.458,3.16,3.301,3.746,4.745,4.133,5.862,3.165,2.3,1.387,0.052,0.94,0.507,0.126,0.955,0.868,0.968,1.031,1.06,0.507,0.364,0.0,0.0,0.052,0.208,0.393,0.344,1.065,0.387,1.944,1.809,1.954,2.015,1.869,1.582,1.607,2.085,2.151,3.899,3.539,4.785,3.805,3.071,2.086,5.383,4.745,3.539,1.755,4.385,3.028,2.998,3.459,3.091,3.177,3.471,3.71,3.774,2.623,2.425,3.893,3.691,2.425,4.581,4.431,7.958,12.495,4.092,2.425,9.667,4.567,2.425,4.731,4.567,5.627,8.491,5.707,4.731,13.237,5.463,8.411,7.102,8.82,6.366,5.291,6.979,5.291,7.445,5.99,6.486,7.58,6.224,11.266,10.717,5.711,5.416,5.183,2.63,2.634,1.653,0.683,1.411,1.118,1.994,2.567,1.809,5.275,4.589,3.539,2.611,4.941,6.197,2.851,3.304,0.769,5.291,15.201,5.291,18.789,5.291,25.697,26.708,12.38,30.756,15.346,19.688,48.036,45.17,56.461,40.133,32.465,29.404,21.32,5.291,104.357
E132,4.129,4.767,4.33,4.69,4.774,5.484,4.08,5.238,4.724,4.23,4.214,4.273,4.728,4.298,4.263,3.8,3.708,4.099,3.925,3.158,3.708,3.373,4.305,3.854,3.706,16.181,3.941,3.896,4.64,4.281,3.444,3.722,3.77,4.23,3.642,3.081,3.705,4.214,5.228,3.75,3.718,3.811,4.36,5.883,4.083,3.833,3.709,3.81,5.223,5.308,3.983,3.874,3.801,3.897,3.916,3.936,4.01,3.871,4.018,3.877,6.113,5.102,5.826,4.475,4.679,4.217,5.591,5.015,4.82,4.572,4.732,4.487,4.971,4.716,5.087,4.88,4.386,5.48,5.199,5.328,5.595,5.839,6.675,5.597,6.02,6.472,6.479,5.692,5.328,5.506,5.449,6.177,4.92,4.903,5.594,4.913,4.713,6.301,5.848,5.601,5.236,6.129,5.41,4.817,4.416,5.587,4.945,4.116,3.509,3.212,3.353,3.797,4.796,4.184,5.914,3.216,2.352,1.336,0.0,0.992,0.558,0.177,1.006,0.919,1.019,1.082,1.112,0.558,0.415,0.052,0.052,0.0,0.156,0.444,0.396,1.117,0.335,1.893,1.758,2.006,2.066,1.818,1.531,1.555,2.033,2.099,3.848,3.488,4.733,3.857,3.019,2.034,5.331,4.693,3.488,1.704,4.334,2.976,3.05,3.511,3.143,3.229,3.523,4.367,3.826,2.675,2.477,3.945,3.742,2.477,4.529,4.38,7.906,12.443,4.04,2.477,9.616,4.516,2.477,4.68,4.516,5.576,8.44,5.655,4.68,13.185,5.412,8.359,7.051,8.768,6.314,5.343,6.928,5.343,7.394,5.938,6.434,7.632,6.276,11.318,10.665,5.762,5.467,5.234,2.682,2.686,1.705,0.735,1.462,1.169,1.943,2.515,1.758,5.224,4.537,3.488,2.559,4.889,6.145,2.799,3.356,0.821,5.343,15.15,5.343,18.737,5.343,25.749,26.76,12.431,30.808,15.397,19.636,47.984,45.119,56.41,40.082,32.414,29.353,21.268,5.343,104.305
E133,4.285,4.745,4.308,4.669,4.752,5.462,4.692,5.216,4.702,4.208,4.192,4.252,4.707,4.276,4.242,3.779,3.686,4.078,3.903,3.136,3.686,3.351,4.284,3.832,3.684,16.159,3.919,3.874,4.618,4.26,3.422,3.7,3.749,4.386,3.798,3.237,3.861,4.37,6.423,3.906,3.874,3.967,4.517,5.862,4.24,3.99,3.865,3.966,5.202,5.287,4.14,4.031,3.958,4.053,4.072,4.092,4.166,4.027,4.753,4.033,6.091,5.08,5.804,4.454,4.657,4.195,5.569,4.993,4.798,4.551,4.71,4.465,4.949,4.695,5.066,4.859,4.365,5.458,5.177,5.306,5.573,5.817,6.653,5.575,5.998,6.45,6.457,5.671,5.306,5.484,5.428,6.155,5.076,5.059,5.572,5.069,4.869,6.28,5.826,5.579,5.392,6.285,5.566,4.973,4.572,5.743,5.101,4.272,3.666,3.368,3.509,3.954,4.952,4.34,6.07,3.372,2.508,1.314,0.156,1.148,0.715,0.333,1.163,1.075,1.175,1.239,1.268,0.715,0.572,0.208,0.208,0.156,0.0,0.601,0.552,1.273,0.313,1.871,1.736,2.162,2.223,1.796,1.509,1.534,2.012,2.077,3.826,3.466,4.711,4.013,2.998,2.013,5.309,4.671,3.466,1.682,4.312,2.955,3.206,3.667,3.299,3.385,3.679,4.345,3.982,2.831,2.633,4.101,3.899,2.633,4.508,4.358,7.885,12.421,4.018,2.633,9.594,4.494,2.633,4.658,4.494,5.554,8.418,5.633,4.658,13.164,5.39,8.337,7.029,8.747,6.293,5.499,6.906,5.499,7.372,5.916,6.413,7.788,6.432,11.474,10.644,5.919,5.623,5.39,2.838,2.842,1.861,0.891,1.619,1.325,1.921,2.494,1.736,5.202,4.516,3.466,2.537,4.868,6.124,2.778,3.512,0.977,5.499,15.128,5.499,18.715,5.499,25.905,26.916,12.588,30.964,15.553,19.615,47.963,45.097,56.388,40.06,32.392,29.331,21.246,5.499,104.284
E134,4.37,4.402,3.965,4.325,4.409,4.774,4.32,5.682,4.359,3.865,3.849,3.908,5.173,4.743,4.708,4.245,4.152,4.544,4.37,3.602,4.152,3.817,4.75,4.298,4.151,16.625,4.386,4.34,5.084,4.726,3.888,4.167,4.215,4.471,3.883,3.321,3.946,4.455,5.469,3.991,3.959,4.052,4.601,5.174,4.324,4.074,3.95,4.051,4.859,4.943,4.224,4.115,4.042,4.138,4.157,4.176,4.25,4.112,4.258,4.117,5.403,5.546,6.271,4.021,5.123,4.662,6.035,5.459,5.264,5.017,5.176,4.931,5.415,5.161,5.532,5.325,4.021,5.924,5.643,5.772,6.039,6.284,5.965,4.887,5.31,5.762,5.769,4.983,5.772,4.796,5.894,5.467,5.16,5.144,4.884,5.154,4.954,5.592,5.138,4.891,5.476,6.37,5.651,5.058,4.656,5.828,5.186,4.356,3.75,3.453,3.593,4.038,5.037,4.425,6.154,3.457,2.592,1.78,0.444,1.232,0.799,0.418,1.247,1.16,1.26,1.323,1.353,0.799,0.172,0.393,0.393,0.444,0.601,0.0,0.636,0.672,0.779,2.337,2.202,2.247,2.307,2.262,1.975,2.0,2.478,2.543,4.292,3.932,5.177,4.098,3.464,2.479,5.776,5.138,3.932,2.148,4.778,3.421,2.605,3.066,2.698,2.784,3.078,4.002,4.066,2.916,2.717,4.185,3.983,2.717,4.974,4.824,8.351,12.887,4.484,2.717,10.06,4.96,2.717,5.124,4.96,6.02,8.884,6.099,5.124,13.63,5.856,8.803,7.495,9.213,5.605,5.583,7.372,5.583,7.838,6.383,5.725,7.872,6.516,11.558,11.11,6.003,5.708,5.475,2.237,2.241,1.26,0.976,1.703,1.41,2.387,2.96,2.202,5.668,4.982,3.932,3.003,5.334,6.59,3.244,2.911,1.061,5.583,15.594,5.583,19.182,5.583,25.304,26.316,12.672,31.049,15.638,20.081,48.429,45.563,56.854,40.526,32.858,29.797,21.713,5.583,104.75
E135,3.733,4.292,3.855,4.215,4.299,4.664,3.684,5.635,4.249,3.755,3.801,3.798,5.125,4.695,4.66,4.197,4.104,4.496,4.322,3.554,4.104,3.769,4.702,4.25,4.103,16.578,4.338,4.292,5.036,4.678,3.84,4.119,4.167,3.834,3.246,2.685,3.309,3.818,4.833,3.354,3.323,3.415,3.965,4.183,3.688,3.438,3.313,3.415,4.515,4.6,3.588,3.479,3.406,3.502,3.52,3.54,3.614,3.475,3.622,3.481,5.293,5.498,6.223,4.872,5.075,4.614,5.987,5.411,5.216,4.969,5.129,4.883,5.367,5.113,5.484,5.277,3.974,5.876,5.595,5.724,5.991,6.236,5.855,4.777,5.2,5.652,5.659,4.873,5.724,4.686,5.846,4.929,4.524,4.508,4.774,4.517,4.317,4.814,5.028,4.781,4.84,5.733,5.014,4.421,4.02,5.191,4.549,3.72,3.114,2.816,2.957,3.402,4.401,3.788,5.518,2.82,1.956,1.732,0.397,0.596,0.163,0.26,0.611,0.523,0.624,0.687,0.716,0.163,0.608,0.345,0.345,0.397,0.553,0.637,0.0,1.31,0.731,2.289,2.154,2.199,1.877,2.214,1.927,1.952,2.43,2.495,4.244,3.884,5.13,3.461,3.416,2.431,5.728,5.09,3.884,2.1,4.73,3.373,3.242,3.703,3.335,3.421,3.715,3.892,3.43,2.279,2.081,3.549,3.347,2.081,4.926,4.776,8.303,12.839,4.437,2.081,10.012,4.912,2.081,5.076,4.912,5.972,8.836,6.052,5.076,13.582,5.808,8.755,7.447,9.165,5.495,4.947,7.324,4.947,7.79,6.335,5.089,7.236,5.88,10.922,11.062,5.367,5.072,4.838,2.874,2.878,1.897,0.928,1.655,1.362,2.339,2.912,2.154,5.62,4.934,3.884,2.955,5.286,6.542,3.196,3.548,1.013,4.947,15.546,4.947,19.134,4.947,25.942,26.953,12.036,30.412,15.002,20.033,48.381,45.515,56.806,40.478,32.81,29.749,21.665,4.947,104.702
E136,5.042,5.074,4.637,4.998,5.082,5.446,4.993,6.355,5.031,4.538,4.521,4.581,5.845,5.415,5.38,4.917,4.824,5.216,5.042,4.274,4.824,4.489,5.422,4.971,4.823,17.298,5.058,5.012,5.756,5.398,4.561,4.839,4.887,5.143,4.555,3.994,4.618,5.127,6.141,4.663,4.631,4.724,5.273,5.846,4.996,4.747,4.622,4.723,5.531,5.616,4.896,4.787,4.714,4.81,4.829,4.848,4.923,4.784,4.931,4.79,6.075,6.218,6.943,4.693,5.796,5.334,6.708,6.132,5.937,5.689,5.849,5.604,6.088,5.833,6.204,5.997,4.694,6.596,6.316,6.444,6.712,6.956,6.637,5.56,5.982,6.434,6.441,5.655,6.444,5.469,6.566,6.14,5.833,5.816,5.556,5.826,5.626,6.264,5.811,5.563,6.149,7.042,6.323,5.73,5.329,6.5,5.858,5.029,4.422,4.125,4.266,4.71,5.709,5.097,6.827,4.129,3.264,2.453,1.117,1.905,1.471,1.09,1.919,1.832,1.932,1.995,2.025,1.471,0.845,1.065,1.065,1.117,1.273,0.672,1.309,0.0,1.452,3.01,2.875,2.919,2.979,2.935,2.647,2.672,3.15,3.216,4.964,4.604,5.85,4.77,4.136,3.151,6.448,5.81,4.604,2.82,5.451,4.093,2.834,3.295,2.927,3.013,3.307,4.675,4.739,3.588,3.39,4.858,4.655,3.39,5.646,5.497,9.023,13.56,5.157,3.39,10.733,5.633,3.39,5.796,5.633,6.693,9.556,6.772,5.796,14.302,6.529,9.476,8.167,9.885,6.277,6.256,8.045,6.256,8.51,7.055,6.397,8.545,7.188,12.23,11.782,6.675,6.38,6.147,1.565,1.569,0.588,1.648,2.375,2.082,3.059,3.632,2.875,6.34,5.654,4.604,1.768,6.006,7.262,3.916,3.14,1.734,6.256,16.267,6.256,19.854,6.256,25.533,26.544,13.344,31.721,16.31,20.753,49.101,46.236,57.526,41.199,33.531,30.47,22.385,6.256,105.422
E137,4.916,4.695,4.258,4.619,4.702,5.412,4.642,5.166,4.652,4.159,4.142,4.202,4.657,4.226,4.192,3.728,3.636,4.028,3.853,3.086,3.636,3.301,4.234,3.782,3.634,16.109,3.869,3.824,4.568,4.21,3.372,3.65,3.699,4.565,3.977,3.416,4.04,4.549,6.373,4.085,4.053,4.146,6.082,5.812,4.87,4.168,4.044,4.145,5.152,5.237,4.318,4.209,4.136,4.232,4.251,4.271,5.047,4.658,4.704,4.212,6.041,5.03,5.754,4.404,4.607,4.145,5.519,4.943,4.748,4.501,4.66,4.415,4.899,4.645,5.016,4.809,4.315,5.408,5.127,5.256,5.523,5.768,6.603,5.525,5.948,6.4,6.407,5.621,5.256,5.434,5.378,6.105,5.255,5.238,5.522,5.248,5.048,6.23,5.776,5.529,5.571,6.464,5.745,5.152,4.751,5.922,5.28,4.451,3.844,3.547,3.688,4.132,5.131,4.519,6.249,3.551,2.686,1.001,0.335,1.327,0.893,0.512,1.341,1.254,1.354,1.417,1.447,0.893,0.75,0.387,0.387,0.335,0.313,0.779,0.731,1.452,0.0,1.821,1.686,2.405,2.509,1.746,1.459,1.484,1.962,2.027,3.513,3.153,4.398,4.644,2.684,1.7,4.996,4.358,3.153,1.369,3.999,2.642,3.385,3.845,3.478,3.564,3.858,4.295,4.613,3.01,2.812,4.28,4.529,2.812,4.458,4.308,7.835,12.371,3.968,2.812,9.544,4.444,2.812,4.608,4.444,5.504,8.368,5.583,4.608,13.114,5.34,8.287,6.979,8.697,6.243,6.602,6.593,6.602,7.322,5.866,6.363,7.967,6.61,11.652,10.594,6.097,5.802,5.569,3.016,3.021,2.04,1.07,1.797,1.504,1.871,2.444,1.686,4.889,4.202,3.153,2.224,4.554,5.811,2.465,3.691,1.155,6.602,15.078,6.602,18.665,6.602,26.084,27.095,12.766,31.143,15.732,19.565,47.913,45.047,56.338,40.01,32.342,29.281,20.933,6.602,104.234
E138,3.293,3.073,2.635,2.996,3.08,3.789,3.019,3.544,3.029,2.536,2.519,2.579,3.034,2.604,2.569,2.106,2.013,2.405,2.231,1.463,2.013,1.678,2.611,2.159,2.012,15.163,2.247,2.201,2.945,2.587,1.749,2.028,2.076,4.651,4.128,4.46,4.202,5.437,4.75,3.705,3.709,3.566,4.46,4.189,3.248,3.543,3.668,3.865,3.529,3.614,4.732,4.817,3.792,3.48,3.461,3.441,3.424,3.035,3.081,3.5,4.418,3.407,4.132,2.781,2.985,2.523,3.897,3.32,3.126,2.878,3.038,2.792,3.276,3.022,3.393,3.186,2.692,3.785,3.504,3.633,3.9,4.145,4.98,3.903,4.325,4.777,4.784,3.998,3.633,3.812,3.755,4.483,6.02,5.444,3.899,5.454,5.137,4.607,4.154,3.906,5.777,7.709,6.99,6.397,5.516,6.128,6.525,5.988,4.888,4.213,4.732,5.176,6.376,5.563,7.504,4.595,4.224,2.801,1.872,2.864,2.43,2.049,2.879,2.791,2.891,2.955,2.984,2.43,2.288,1.924,1.924,1.872,1.851,2.317,2.268,2.989,1.8,0.0,1.898,0.907,1.011,0.8,0.412,1.695,2.173,0.405,5.313,4.953,6.199,3.021,4.485,3.5,6.797,6.159,4.953,3.169,5.799,4.442,4.922,5.383,5.015,5.101,5.395,2.673,2.99,3.605,4.349,3.999,2.907,4.349,2.835,2.685,6.212,11.425,2.346,4.349,7.921,2.821,4.349,2.985,2.821,3.881,6.745,3.961,2.985,11.491,3.717,6.665,5.356,7.074,4.62,4.98,8.393,4.98,5.699,4.244,4.74,9.212,7.855,12.957,8.971,7.142,7.339,7.106,4.554,4.558,3.577,2.607,1.435,1.478,2.082,0.821,1.898,6.689,6.003,4.953,4.024,6.355,7.611,4.265,5.228,1.758,4.98,13.456,4.98,17.043,4.98,27.621,28.632,14.011,32.961,17.55,18.618,46.966,44.101,55.392,38.387,30.719,27.658,22.734,4.98,103.287
E139,5.013,4.792,4.355,4.716,4.8,5.509,4.739,5.263,4.749,4.256,4.239,4.299,4.754,4.324,4.289,3.826,3.733,4.125,3.95,3.183,3.733,3.398,4.331,3.879,3.732,16.206,3.966,3.921,4.665,4.307,3.469,3.748,3.796,6.371,5.4,4.839,5.463,5.972,6.47,5.425,5.429,5.285,6.179,5.909,4.967,5.263,5.388,5.568,5.249,5.334,6.452,5.632,5.512,5.199,5.181,5.161,5.144,4.755,4.801,5.22,6.138,5.127,5.851,4.501,4.705,4.242,5.616,5.04,4.845,4.598,4.758,4.512,4.996,4.742,5.113,4.906,4.412,5.505,5.224,5.353,5.62,5.865,6.7,5.622,6.045,6.497,6.504,5.718,5.353,5.532,5.475,6.202,6.678,6.661,5.619,6.671,6.857,6.327,5.873,5.626,6.994,7.887,7.168,6.575,6.174,7.345,6.703,5.874,5.267,4.97,5.111,5.555,6.554,5.942,7.672,4.974,4.109,2.687,1.758,2.75,2.316,1.935,2.764,2.677,2.777,2.84,2.87,2.316,2.173,1.809,1.809,1.758,1.736,2.202,2.154,2.875,1.686,1.918,0.0,2.502,2.606,1.843,1.556,0.203,0.276,2.124,5.199,4.839,6.084,4.741,4.371,3.386,6.682,6.044,4.839,3.055,5.685,4.328,4.808,5.268,4.901,4.987,5.281,4.393,4.71,4.433,4.235,5.703,4.626,4.235,4.555,4.405,7.932,12.468,4.066,4.235,9.641,4.541,4.235,4.705,4.541,5.601,8.465,5.681,4.705,13.211,5.437,8.384,7.076,8.794,6.34,6.699,8.279,6.699,7.419,5.963,6.46,9.39,8.033,13.075,10.691,7.52,7.225,6.992,4.439,4.444,3.463,2.493,3.22,2.927,1.923,2.541,0.0,6.575,5.889,4.839,3.91,6.24,7.497,4.151,5.114,2.579,6.699,15.175,6.699,18.763,6.699,27.507,28.518,14.189,32.566,17.155,19.662,48.01,45.144,56.435,40.107,32.439,29.378,22.619,6.699,104.331
E140,2.376,2.155,1.718,2.079,2.163,2.527,2.102,2.512,2.112,1.619,1.602,1.662,2.772,2.342,2.307,1.844,1.751,1.835,1.969,1.201,1.751,1.313,2.041,1.589,1.75,15.821,1.985,1.939,2.683,2.017,1.488,1.766,1.506,3.389,3.211,3.033,3.284,4.175,3.488,2.788,2.792,2.648,3.198,2.927,2.33,2.626,2.751,2.947,2.612,2.697,3.47,3.011,2.875,2.562,2.543,2.524,2.507,2.118,2.164,2.583,3.156,2.396,3.562,1.774,2.139,1.953,3.327,2.751,2.28,2.032,2.468,1.947,2.458,2.452,2.361,2.185,1.775,3.215,2.934,2.622,3.33,3.575,3.718,2.641,3.063,3.515,3.522,2.736,2.622,2.55,3.185,3.221,4.758,4.182,2.637,4.192,3.875,3.345,2.892,2.644,4.515,6.081,5.362,4.769,4.254,4.866,4.897,4.068,3.462,3.164,3.305,3.749,4.748,4.136,5.866,3.168,2.304,3.46,2.014,2.236,2.292,1.988,1.844,2.005,1.831,1.768,1.739,2.292,2.226,1.963,1.963,2.014,2.17,2.255,2.206,2.927,2.459,0.904,2.556,0.0,0.447,1.458,1.171,2.353,2.832,0.499,5.972,5.612,6.857,2.104,5.144,4.158,7.455,6.817,5.612,3.828,6.458,5.1,4.86,5.321,4.953,5.039,5.333,1.756,2.073,2.688,2.429,3.082,1.989,2.429,2.573,2.424,5.95,12.083,1.776,2.429,7.66,2.252,2.429,2.415,2.252,3.312,6.175,3.391,2.415,11.229,3.148,6.095,4.786,6.504,3.358,3.718,9.052,3.718,5.129,3.674,3.478,7.584,6.228,11.27,8.401,5.715,5.419,5.186,4.492,4.496,3.515,1.393,0.87,0.914,2.741,1.415,2.556,7.348,6.662,5.612,4.683,7.013,8.269,4.923,5.166,1.194,3.718,12.886,3.718,16.473,3.718,27.559,28.57,12.383,30.76,15.349,19.277,47.625,44.759,56.05,37.818,30.149,27.088,23.392,3.718,103.946
E141,2.816,2.595,2.158,2.519,2.602,2.967,2.542,2.952,2.552,2.058,2.042,2.102,3.212,2.782,2.747,2.284,2.191,2.275,2.409,1.641,2.191,1.753,2.481,2.029,2.19,15.928,2.425,2.379,3.123,2.457,1.927,2.206,1.946,3.829,3.65,3.473,3.724,4.615,3.928,3.227,3.232,3.088,3.638,3.367,2.77,3.066,3.19,3.387,3.052,3.137,3.91,3.451,3.315,3.002,2.983,2.964,2.947,2.558,2.603,3.023,3.596,2.836,4.002,2.214,2.579,2.393,3.767,3.19,2.72,2.472,2.908,2.387,2.897,2.892,2.801,2.625,2.215,3.655,3.374,3.062,3.77,4.015,4.158,3.081,3.503,3.955,3.962,3.176,3.062,2.99,3.625,3.66,5.198,4.622,3.077,4.632,4.315,3.785,3.332,3.084,4.955,6.521,5.802,5.209,4.694,5.306,5.337,4.508,3.901,3.604,3.745,4.189,5.188,4.576,6.306,3.608,2.744,3.567,2.086,1.99,2.44,2.059,2.284,1.685,2.271,2.208,2.179,2.44,2.297,2.034,2.034,2.086,2.242,2.326,2.277,2.998,2.566,1.011,2.663,0.44,0.0,1.565,1.278,2.461,2.939,0.607,6.079,5.719,6.964,2.544,5.251,4.266,7.562,6.924,5.719,3.935,6.565,5.208,4.931,5.392,5.024,5.111,5.404,2.195,2.513,3.127,2.869,3.522,2.429,2.869,3.013,2.863,6.39,12.191,2.216,2.869,8.099,2.691,2.869,2.855,2.691,3.751,6.615,3.831,2.855,11.669,3.587,6.535,5.226,6.944,3.798,4.158,9.159,4.158,5.569,4.114,3.918,8.024,6.667,11.71,8.841,6.154,5.859,5.626,4.563,4.567,3.587,1.464,0.942,0.985,2.848,1.222,2.663,7.455,6.769,5.719,4.79,7.121,8.377,5.031,5.237,1.265,4.158,13.325,4.158,16.913,4.158,27.631,28.642,12.823,31.2,15.789,19.384,47.732,44.866,56.157,38.257,30.589,27.528,23.499,4.158,104.053
E142,3.951,3.731,3.293,3.654,3.738,4.447,3.677,4.202,3.687,3.194,3.177,3.237,3.692,3.262,3.227,2.764,2.671,3.063,2.889,2.121,2.671,2.336,3.269,2.817,2.67,14.363,2.905,2.859,3.603,3.245,2.407,2.686,2.734,5.309,4.786,4.841,4.86,6.095,5.408,4.363,4.367,4.224,5.118,4.847,3.906,4.201,4.326,4.523,4.187,4.272,5.39,5.475,4.45,4.138,4.119,4.099,4.082,3.693,3.739,4.158,5.077,4.065,4.79,3.439,3.643,3.181,4.555,3.978,3.784,3.536,3.696,3.45,3.934,3.68,4.051,3.844,3.35,4.443,4.162,4.291,4.558,4.803,5.638,4.561,4.983,5.435,5.442,4.656,4.291,4.47,4.413,5.141,6.678,6.102,4.557,6.112,5.795,5.265,4.812,4.564,6.435,7.89,7.17,6.577,6.174,6.786,6.705,5.876,5.27,4.973,5.113,5.558,6.557,5.945,7.674,4.977,4.112,2.69,1.76,2.752,2.319,1.938,2.767,2.68,2.78,2.843,2.872,2.319,2.176,1.812,1.812,1.76,1.739,2.205,2.156,2.877,1.689,0.856,1.786,1.44,1.544,0.0,0.494,1.583,2.061,1.063,5.202,4.842,6.087,3.679,4.373,3.388,6.685,6.047,4.842,3.057,5.688,4.33,4.81,5.271,4.903,4.989,5.283,3.331,3.648,4.263,4.237,4.657,3.565,4.237,3.493,3.343,6.87,10.625,3.004,4.237,8.579,3.479,4.237,3.643,3.479,4.539,7.403,4.619,3.643,12.149,4.375,7.323,6.014,7.732,5.278,5.638,8.282,5.638,6.357,4.902,5.398,9.392,8.036,13.615,9.629,7.523,7.228,6.995,4.442,4.446,3.465,2.495,1.968,2.011,1.971,1.479,1.786,6.577,5.891,4.842,3.913,6.243,7.499,4.153,5.116,2.581,5.638,14.113,5.638,17.701,5.638,27.509,28.52,14.192,32.569,17.158,17.819,46.166,43.301,54.592,39.045,31.377,28.316,22.622,5.638,102.488
E143,3.65,3.43,2.993,3.353,3.437,4.147,3.376,3.901,3.387,2.893,2.876,2.936,3.391,2.961,2.926,2.463,2.37,2.762,2.588,1.821,2.37,2.035,2.968,2.517,2.369,14.75,2.604,2.558,3.303,2.944,2.107,2.385,2.433,5.009,4.485,4.541,4.559,5.794,5.107,4.062,4.066,3.923,4.817,4.546,3.605,3.901,4.025,4.222,3.886,3.971,5.09,5.175,4.149,3.837,3.818,3.799,3.781,3.392,3.438,3.857,4.776,3.764,4.489,3.138,3.342,2.88,4.254,3.678,3.483,3.235,3.395,3.15,3.634,3.379,3.75,3.543,3.049,4.143,3.862,3.99,4.258,4.502,5.338,4.26,4.683,5.135,5.142,4.355,3.99,4.169,4.112,4.84,6.377,5.801,4.256,5.811,5.495,4.964,4.511,4.263,6.134,7.589,6.87,6.277,5.873,6.485,6.405,5.576,4.969,4.672,4.813,5.257,6.256,5.644,7.374,4.676,3.811,2.389,1.46,2.452,2.018,1.637,2.466,2.379,2.479,2.542,2.572,2.018,1.875,1.511,1.511,1.46,1.438,1.904,1.855,2.577,1.388,0.556,1.485,1.139,1.243,0.387,0.0,1.282,1.761,0.762,4.901,4.541,5.786,3.378,4.073,3.088,6.384,5.746,4.541,2.757,5.387,4.029,4.509,4.97,4.603,4.689,4.982,3.03,3.347,3.962,3.937,4.356,3.264,3.937,3.192,3.043,6.569,11.012,2.703,3.937,8.279,3.179,3.937,3.343,3.179,4.239,7.103,4.318,3.343,11.848,4.075,7.022,5.713,7.431,4.977,5.337,7.981,5.337,6.056,4.601,5.097,9.092,7.735,13.315,9.328,7.222,6.927,6.694,4.141,4.146,3.165,2.195,1.667,1.71,1.67,1.178,1.485,6.277,5.591,4.541,3.612,5.942,7.199,3.853,4.816,2.28,5.337,13.813,5.337,17.4,5.337,27.209,28.22,13.891,32.268,16.857,18.206,46.554,43.688,54.979,38.745,31.077,28.016,22.321,5.337,102.875
E144,4.81,4.59,4.153,4.513,4.597,5.306,4.536,5.061,4.546,4.053,4.036,4.096,4.551,4.121,4.086,3.623,3.53,3.922,3.748,2.98,3.53,3.195,4.128,3.676,3.529,16.004,3.764,3.718,4.463,4.104,3.267,3.545,3.593,6.168,5.197,4.636,5.26,5.769,6.267,5.222,5.226,5.083,5.977,5.706,4.765,5.061,5.185,5.365,5.046,5.131,6.25,5.43,5.309,4.997,4.978,4.958,4.941,4.552,4.598,5.017,5.936,4.924,5.649,4.298,4.502,4.04,5.414,4.838,4.643,4.395,4.555,4.31,4.793,4.539,4.91,4.703,4.209,5.303,5.021,5.15,5.418,5.662,6.497,5.42,5.843,6.294,6.301,5.515,5.15,5.329,5.272,6.0,6.475,6.458,5.416,6.468,6.654,6.124,5.671,5.423,6.791,7.684,6.965,6.372,5.971,7.142,6.5,5.671,5.065,4.767,4.908,5.353,6.351,5.739,7.469,4.771,3.907,2.484,1.555,2.547,2.114,1.732,2.562,2.474,2.574,2.638,2.667,2.114,1.97,1.607,1.607,1.555,1.534,2.0,1.951,2.672,1.484,1.716,0.203,2.299,2.403,1.641,1.353,0.0,0.478,1.922,4.996,4.636,5.881,4.538,4.168,3.183,6.48,5.842,4.636,2.852,5.482,4.125,4.605,5.066,4.698,4.784,5.078,4.19,4.507,4.23,4.032,5.5,4.424,4.032,4.352,4.203,7.729,12.266,3.863,4.032,9.438,4.338,4.032,4.503,4.338,5.399,8.262,5.478,4.503,13.008,5.235,8.182,6.873,8.591,6.137,6.497,8.076,6.497,7.216,5.761,6.257,9.187,7.831,12.873,10.488,7.318,7.022,6.789,4.237,4.241,3.26,2.29,3.018,2.724,1.721,2.338,0.203,6.372,5.686,4.636,3.708,6.038,7.294,3.948,4.911,2.376,6.497,14.973,6.497,18.56,6.497,27.304,28.315,13.987,32.363,16.952,19.459,47.807,44.942,56.233,39.904,32.236,29.175,22.417,6.497,104.128
E145,5.288,5.068,4.631,4.991,5.075,5.785,5.014,5.539,5.025,4.531,4.514,4.574,5.029,4.599,4.564,4.101,4.008,4.4,4.226,3.459,4.008,3.673,4.606,4.155,4.007,16.482,4.242,4.196,4.941,4.582,3.745,4.023,4.071,6.647,5.675,5.114,5.738,6.247,6.745,5.7,5.704,5.561,6.455,6.184,5.243,5.539,5.663,5.844,5.524,5.609,6.728,5.908,5.787,5.475,5.456,5.437,5.42,5.03,5.076,5.495,6.414,5.402,6.127,4.776,4.98,4.518,5.892,5.316,5.121,4.873,5.033,4.788,5.272,5.017,5.388,5.181,4.687,5.781,5.5,5.628,5.896,6.14,6.976,5.898,6.321,6.773,6.78,5.993,5.628,5.807,5.75,6.478,6.953,6.937,5.894,6.946,7.133,6.602,6.149,5.902,7.269,8.162,7.443,6.85,6.449,7.62,6.978,6.149,5.543,5.245,5.386,5.831,6.83,6.218,7.947,5.25,4.385,2.962,2.033,3.025,2.592,2.211,3.04,2.953,3.053,3.116,3.145,2.592,2.449,2.085,2.085,2.033,2.012,2.478,2.429,3.15,1.962,2.194,0.276,2.777,2.881,2.119,1.832,0.478,0.0,2.4,5.474,5.114,6.36,5.016,4.646,3.661,6.958,6.32,5.114,3.33,5.96,4.603,5.083,5.544,5.176,5.262,5.556,4.668,4.985,4.708,4.51,5.978,4.902,4.51,4.83,4.681,8.207,12.744,4.341,4.51,9.917,4.817,4.51,4.981,4.817,5.877,8.741,5.956,4.981,13.486,5.713,8.66,7.352,9.069,6.615,6.975,8.555,6.975,7.695,6.239,6.735,9.665,8.309,13.351,10.966,7.796,7.501,7.268,4.715,4.719,3.738,2.768,3.496,3.203,2.199,2.816,0.276,6.85,6.164,5.114,4.186,6.516,7.772,4.426,5.389,2.854,6.975,15.451,6.975,19.038,6.975,27.782,28.793,14.465,32.841,17.431,19.937,48.285,45.42,56.711,40.383,32.715,29.654,22.895,6.975,104.606
E146,2.893,2.673,2.236,2.596,2.68,3.39,2.619,3.144,2.63,2.136,2.119,2.179,2.634,2.204,2.169,1.706,1.613,2.005,1.831,1.064,1.613,1.278,2.211,1.76,1.612,15.404,1.847,1.802,2.546,2.187,1.35,1.628,1.676,4.252,3.728,4.06,3.802,5.037,4.351,3.305,3.309,3.166,4.06,3.789,2.848,3.144,3.268,3.465,3.129,3.214,4.333,4.418,3.392,3.08,3.061,3.042,3.025,2.635,2.681,3.1,4.019,3.007,3.732,2.381,2.585,2.123,3.497,2.921,2.726,2.478,2.638,2.393,2.877,2.622,2.993,2.786,2.292,3.386,3.105,3.233,3.501,3.745,4.581,3.503,3.926,4.378,4.385,3.598,3.233,3.412,3.355,4.083,5.62,5.045,3.499,5.054,4.738,4.207,3.754,3.507,5.377,7.309,6.59,5.997,5.116,5.728,6.125,4.57,4.489,3.814,4.332,4.777,5.976,5.164,7.104,4.196,2.806,3.043,2.114,3.106,2.672,2.291,3.12,3.033,3.133,3.196,3.226,2.672,2.529,2.165,2.165,2.114,2.092,2.558,2.51,3.231,2.042,0.405,2.139,0.502,0.607,1.041,0.654,1.937,2.415,0.0,5.555,5.195,6.44,2.622,4.727,3.742,7.038,6.4,5.195,3.411,6.041,4.684,5.163,5.624,5.256,5.343,5.636,2.273,2.59,3.205,2.931,3.599,2.507,2.931,2.435,2.286,5.812,11.666,1.946,2.931,7.522,2.422,2.931,2.586,2.422,3.482,6.346,3.561,2.586,11.091,3.318,6.265,4.957,6.674,4.22,4.58,8.635,4.58,5.3,3.844,4.34,8.812,7.456,12.558,8.571,6.742,5.922,5.689,4.795,4.8,3.819,1.553,1.03,1.073,2.324,0.615,2.139,6.931,6.245,5.195,4.266,6.596,7.853,4.506,5.47,1.353,4.58,13.056,4.58,16.643,4.58,27.863,28.874,13.612,32.561,17.15,18.86,47.208,44.342,55.633,37.988,30.32,27.259,22.975,4.58,103.529
E147,8.428,8.208,7.771,8.131,8.215,8.925,8.154,8.679,8.165,7.671,7.654,7.714,8.169,7.739,7.704,7.241,7.148,7.54,7.366,6.599,7.148,6.814,7.746,7.295,7.147,19.622,7.382,7.337,8.081,7.722,6.885,7.163,7.211,8.078,7.49,6.928,7.553,8.062,9.886,7.598,7.566,7.659,9.595,9.324,8.383,7.681,7.557,7.658,8.664,8.749,7.831,7.722,7.649,7.745,7.764,7.783,8.559,8.171,8.216,7.724,9.554,8.543,9.267,7.916,8.12,7.658,9.032,8.456,8.261,8.013,8.173,7.928,8.412,8.157,8.528,8.322,7.827,8.921,8.64,8.769,9.036,9.28,10.116,9.038,9.461,9.913,9.92,9.133,8.769,8.947,8.89,9.618,8.767,8.751,9.034,8.761,8.561,9.742,9.289,9.042,9.084,9.977,9.258,8.665,8.263,9.435,8.793,7.963,7.357,7.06,7.2,7.645,8.644,8.032,9.761,7.064,6.199,2.512,3.848,4.839,4.406,4.025,4.854,4.767,4.867,4.93,4.96,4.406,4.263,3.899,3.899,3.848,3.826,4.292,4.243,4.964,3.513,5.334,5.199,5.917,6.021,5.259,4.972,4.996,5.474,5.54,0.0,0.832,0.885,8.157,0.828,1.813,1.484,0.845,0.832,2.199,0.486,1.193,5.618,5.543,5.711,5.797,5.684,7.808,8.125,6.523,6.324,7.792,8.042,6.324,7.97,7.821,11.347,15.884,7.481,6.324,13.057,7.957,6.324,8.121,7.957,9.017,11.881,9.096,8.121,16.626,8.853,11.8,10.492,12.209,9.755,10.115,3.08,10.115,10.835,9.379,9.876,11.479,10.123,15.165,14.106,9.61,9.315,9.082,4.349,4.353,3.781,4.582,5.31,5.017,5.384,5.957,5.199,1.376,0.69,0.832,2.602,1.042,2.298,1.048,5.924,4.668,10.115,18.591,10.115,22.178,10.115,25.86,26.872,16.279,34.656,19.245,23.077,51.425,48.56,59.851,43.523,35.855,32.794,17.421,10.115,107.746
E148,8.069,7.848,7.411,7.771,7.855,8.565,7.794,8.319,7.805,7.311,7.295,7.354,7.809,7.379,7.344,6.881,6.788,7.181,7.006,6.239,6.788,6.454,7.386,6.935,6.787,19.262,7.022,6.977,7.721,7.362,6.525,6.803,6.851,7.718,7.13,6.569,7.193,7.702,9.526,7.238,7.206,7.299,9.235,8.964,8.023,7.321,7.197,7.298,8.305,8.389,7.471,7.362,7.289,7.385,7.404,7.423,8.2,7.811,7.856,7.364,9.194,8.183,8.907,7.556,7.76,7.298,8.672,8.096,7.901,7.653,7.813,7.568,8.052,7.798,8.168,7.962,7.468,8.561,8.28,8.409,8.676,8.92,9.756,8.678,9.101,9.553,9.56,8.774,8.409,8.587,8.531,9.258,8.408,8.391,8.675,8.401,8.201,9.383,8.929,8.682,8.724,9.617,8.898,8.305,7.904,9.075,8.433,7.604,6.997,6.7,6.841,7.285,8.284,7.672,9.402,6.704,5.839,2.152,3.488,4.479,4.046,3.665,4.494,4.407,4.507,4.57,4.6,4.046,3.903,3.539,3.539,3.488,3.466,3.932,3.883,4.604,3.153,4.974,4.839,5.557,5.661,4.899,4.612,4.636,5.114,5.18,0.832,0.0,1.718,7.797,0.811,1.453,2.316,1.678,0.0,1.839,1.319,0.833,5.258,5.719,5.351,5.437,5.731,7.448,7.765,6.163,5.965,7.433,7.682,5.965,7.611,7.461,10.987,15.524,7.121,5.965,12.697,7.597,5.965,7.761,7.597,8.657,11.521,8.736,7.761,16.266,8.493,11.44,10.132,11.849,9.396,9.755,3.913,9.755,10.475,9.019,9.516,11.12,9.763,14.805,13.746,9.25,8.955,8.722,3.989,3.993,3.421,4.223,4.95,4.657,5.024,5.597,4.839,2.208,1.522,0.0,2.242,1.874,3.13,0.688,5.564,4.308,9.755,18.231,9.755,21.818,9.755,26.693,27.704,15.919,34.296,18.885,22.718,51.066,48.2,59.491,43.163,35.495,32.434,18.253,9.755,107.387
E149,9.13,8.91,8.473,8.833,8.917,9.626,8.856,9.381,8.866,8.373,8.356,8.416,8.871,8.441,8.406,7.943,7.85,8.242,8.068,7.3,7.85,7.515,8.448,7.996,7.849,20.324,8.084,8.038,8.782,8.424,7.587,7.865,7.913,8.779,8.191,7.63,8.254,8.763,10.587,8.3,8.268,8.36,10.297,10.026,9.085,8.383,8.258,8.36,9.366,9.451,8.533,8.424,8.351,8.447,8.465,8.485,9.261,8.872,8.918,8.426,10.255,9.244,9.969,8.618,8.822,8.36,9.734,9.157,8.963,8.715,8.875,8.63,9.113,8.859,9.23,9.023,8.529,9.622,9.341,9.47,9.737,9.982,10.817,9.74,10.162,10.614,10.621,9.835,9.47,9.649,9.592,10.32,9.469,9.453,9.736,9.462,9.262,10.444,9.991,9.743,9.785,10.678,9.959,9.366,8.965,10.136,9.494,8.665,8.059,7.761,7.902,8.347,9.346,8.733,10.463,7.765,6.901,3.213,4.549,5.541,5.108,4.726,5.556,5.468,5.569,5.632,5.661,5.108,4.965,4.601,4.601,4.549,4.528,4.994,4.945,5.666,4.214,6.035,5.901,6.619,6.723,5.961,5.673,5.698,6.176,6.242,0.702,1.534,0.0,8.858,1.53,2.515,1.557,0.054,1.534,2.901,0.559,1.895,6.32,5.616,6.413,6.499,5.757,8.51,8.827,7.224,7.026,8.494,8.744,7.026,8.672,8.523,12.049,16.586,8.183,7.026,13.758,8.658,7.026,8.822,8.658,9.719,12.582,9.798,8.822,17.328,9.555,12.502,11.193,12.911,10.457,10.817,3.154,10.817,11.536,10.081,10.577,12.181,10.825,15.867,14.808,10.312,10.017,9.783,5.051,5.055,4.483,5.284,6.012,5.719,6.085,6.658,5.901,1.449,0.763,1.534,3.303,1.115,2.371,1.75,4.948,5.37,10.817,19.293,10.817,22.88,10.817,25.933,26.945,16.981,35.357,19.947,23.779,52.127,49.261,60.552,44.224,36.556,33.495,17.494,10.817,108.448
E150,0.538,0.999,0.974,0.922,1.419,1.783,0.489,1.768,1.368,0.875,1.212,0.918,3.008,3.306,2.543,2.808,2.716,1.518,2.933,2.166,2.716,1.765,1.554,1.538,1.986,18.127,2.221,2.904,3.648,1.7,1.724,2.73,1.455,1.263,1.107,1.275,1.18,1.84,2.022,0.683,0.688,0.544,1.393,1.612,0.226,0.522,0.647,0.843,1.319,1.404,1.017,0.907,0.771,0.459,0.44,0.42,0.403,0.28,0.427,0.479,2.413,1.652,2.817,1.384,1.749,1.635,2.583,2.006,1.89,1.642,2.151,1.557,1.714,2.135,1.617,1.795,1.385,2.825,2.19,1.878,2.586,2.608,2.974,1.897,2.32,2.771,2.778,1.992,1.878,1.806,2.441,2.477,2.423,2.406,1.893,2.416,1.823,1.669,2.148,1.9,2.739,4.112,3.393,2.8,1.919,3.09,2.928,4.78,1.984,1.192,1.827,2.272,2.779,2.659,4.6,1.618,2.308,5.765,3.858,3.243,3.299,3.721,2.851,3.011,2.838,2.775,2.745,3.299,4.069,3.806,3.806,3.858,4.014,4.099,3.462,4.771,4.764,3.127,4.862,2.228,2.674,3.764,3.376,4.659,5.137,2.727,8.277,7.917,9.162,0.0,7.449,6.464,9.761,9.123,7.917,6.133,8.763,7.406,6.704,7.165,6.797,6.883,7.177,1.012,0.234,1.204,1.878,0.978,0.151,1.878,3.538,3.388,6.914,14.389,1.459,1.878,7.896,1.934,1.878,2.098,1.934,2.427,5.431,3.074,2.098,12.193,2.757,5.35,4.042,5.76,2.614,2.974,11.357,2.974,4.385,2.929,2.734,5.614,4.258,9.3,7.657,4.237,4.557,4.79,6.336,6.34,5.359,3.62,3.098,3.141,5.046,2.534,4.862,9.653,8.967,7.917,6.989,9.319,10.575,7.229,7.01,3.421,2.974,12.141,2.974,15.729,2.974,29.403,30.414,10.414,28.791,13.38,21.582,49.93,47.065,58.356,37.073,29.405,26.344,25.698,2.974,106.251
E151,7.6,7.38,6.943,7.303,7.387,8.097,7.326,7.851,7.337,6.843,6.826,6.886,7.341,6.911,6.876,6.413,6.32,6.712,6.538,5.771,6.32,5.985,6.918,6.467,6.319,18.794,6.554,6.508,7.253,6.894,6.057,6.335,6.383,7.25,6.661,6.1,6.724,7.234,9.057,6.77,6.738,6.831,8.767,8.496,7.555,6.853,6.729,6.83,7.836,7.921,7.003,6.894,6.821,6.917,6.936,6.955,7.731,7.342,7.388,6.896,8.726,7.714,8.439,7.088,7.292,6.83,8.204,7.628,7.433,7.185,7.345,7.1,7.584,7.329,7.7,7.493,6.999,8.092,7.812,7.94,8.207,8.452,9.287,8.21,8.633,9.085,9.092,8.305,7.94,8.119,8.062,8.79,7.939,7.923,8.206,7.933,7.732,8.914,8.461,8.213,8.255,9.149,8.43,7.836,7.435,8.606,7.965,7.135,6.529,6.231,6.372,6.817,7.816,7.204,8.933,6.236,5.371,1.684,3.019,4.011,3.578,3.197,4.026,3.939,4.039,4.102,4.131,3.578,3.435,3.071,3.071,3.019,2.998,3.464,3.415,4.136,2.684,4.506,4.371,5.089,5.193,4.431,4.144,4.168,4.646,4.712,0.828,0.811,1.714,7.328,0.0,0.985,2.312,1.674,0.811,1.371,1.314,0.365,4.79,5.251,4.883,4.969,5.263,6.98,7.297,5.694,5.496,6.964,7.214,5.496,7.142,6.993,10.519,15.056,6.653,5.496,12.229,7.129,5.496,7.293,7.129,8.189,11.053,8.268,7.293,15.798,8.025,10.972,9.664,11.381,8.927,9.287,3.909,9.287,10.007,8.551,9.047,10.651,9.295,14.337,13.278,8.782,8.487,8.254,3.521,3.525,2.953,3.754,4.482,4.189,4.556,5.128,4.371,2.204,1.518,0.811,1.774,1.87,3.126,0.22,5.096,3.84,9.287,17.763,9.287,21.35,9.287,26.689,27.7,15.451,33.827,18.417,22.249,50.597,47.732,59.023,42.695,35.026,31.965,18.249,9.287,106.918
E152,6.615,6.395,5.958,6.318,6.402,7.112,6.341,6.866,6.351,5.858,5.841,5.901,6.356,5.926,5.891,5.428,5.335,5.727,5.553,4.785,5.335,5.0,5.933,5.481,5.334,17.809,5.569,5.523,6.268,5.909,5.072,5.35,5.398,6.264,5.676,5.115,5.739,6.248,8.072,5.785,5.753,5.846,7.782,7.511,6.57,5.868,5.744,5.845,6.851,6.936,6.018,5.909,5.836,5.932,5.95,5.97,6.746,6.357,6.403,5.911,7.741,6.729,7.454,6.103,6.307,5.845,7.219,6.643,6.448,6.2,6.36,6.115,6.598,6.344,6.715,6.508,6.014,7.107,6.827,6.955,7.223,7.467,8.302,7.225,7.648,8.099,8.107,7.32,6.955,7.134,7.077,7.805,6.954,6.938,7.221,6.947,6.747,7.929,7.476,7.228,7.27,8.164,7.444,6.851,6.45,7.621,6.979,6.15,5.544,5.246,5.387,5.832,6.831,6.219,7.948,5.25,4.386,0.699,2.034,3.026,2.593,2.212,3.041,2.954,3.054,3.117,3.146,2.593,2.45,2.086,2.086,2.034,2.013,2.479,2.43,3.151,1.7,3.521,3.386,4.104,4.208,3.446,3.159,3.183,3.661,3.727,1.813,1.453,2.699,6.343,0.985,0.0,3.297,2.659,1.453,0.386,2.299,0.942,3.805,4.266,3.898,3.984,4.278,5.995,6.312,4.71,4.511,5.979,6.229,4.511,6.157,6.008,9.534,14.071,5.668,4.511,11.243,6.144,4.511,6.308,6.144,7.204,10.067,7.283,6.308,14.813,7.04,9.987,8.678,10.396,7.942,8.302,4.894,8.302,9.021,7.566,8.062,9.666,8.31,13.352,12.293,7.797,7.502,7.269,2.536,2.54,1.968,2.769,3.497,3.204,3.571,4.143,3.386,3.189,2.503,1.453,0.788,2.855,4.111,0.765,4.111,2.855,8.302,16.778,8.302,20.365,8.302,27.674,28.685,14.466,32.842,17.432,21.264,49.612,46.747,58.038,41.709,34.041,30.98,19.234,8.302,105.933
E153,9.963,9.742,9.305,9.666,9.749,10.459,9.689,10.213,9.699,9.206,9.189,9.248,9.704,9.273,9.239,8.775,8.683,9.075,8.9,8.133,8.683,8.348,9.28,8.829,8.681,21.156,8.916,8.871,9.615,9.257,8.419,8.697,8.745,9.612,9.024,8.463,9.087,9.596,11.42,9.132,9.1,9.193,11.129,10.858,9.917,9.215,9.091,9.192,10.199,10.284,9.365,9.256,9.183,9.279,9.298,9.318,10.094,9.705,9.751,9.259,11.088,10.077,10.801,9.451,9.654,9.192,10.566,9.99,9.795,9.547,9.707,9.462,9.946,9.692,10.062,9.856,9.362,10.455,10.174,10.303,10.57,10.815,11.65,10.572,10.995,11.447,11.454,10.668,10.303,10.481,10.425,11.152,10.302,10.285,10.569,10.295,10.095,11.277,10.823,10.576,10.618,11.511,10.792,10.199,9.798,10.969,10.327,9.498,8.891,8.594,8.735,9.179,10.178,9.566,11.296,8.598,7.733,4.046,5.382,6.374,5.94,5.559,6.388,6.301,6.401,6.464,6.494,5.94,5.797,5.434,5.434,5.382,5.36,5.826,5.778,6.499,5.047,6.868,6.733,7.452,7.556,6.793,6.506,6.53,7.009,7.074,1.534,2.367,1.513,9.691,2.362,3.348,0.0,1.473,2.367,3.733,0.997,2.727,7.152,6.171,7.245,7.331,6.311,9.342,9.66,8.057,7.859,9.327,9.576,7.859,9.505,9.355,12.881,17.418,9.015,7.859,14.591,9.491,7.859,9.655,9.491,10.551,13.415,10.63,9.655,18.16,10.387,13.334,12.026,13.744,11.29,11.649,1.597,11.649,12.369,10.913,11.41,13.014,11.657,16.7,15.641,11.144,10.849,10.616,5.883,5.887,5.316,6.117,6.844,6.551,6.918,7.491,6.733,0.107,1.318,2.367,4.136,1.669,0.814,2.583,5.502,6.202,11.649,20.125,11.649,23.712,11.649,26.488,27.499,17.813,36.19,20.779,24.612,52.96,50.094,61.385,45.057,37.389,34.328,15.937,11.649,109.281
E154,9.09,8.87,8.433,8.793,8.877,9.586,8.816,9.341,8.826,8.333,8.316,8.376,8.831,8.401,8.366,7.903,7.81,8.202,8.028,7.26,7.81,7.475,8.408,7.957,7.809,20.284,8.044,7.998,8.742,8.384,7.547,7.825,7.873,8.739,8.151,7.59,8.214,8.723,10.547,8.26,8.228,8.32,10.257,9.986,9.045,8.343,8.218,8.32,9.326,9.411,8.493,8.384,8.311,8.407,8.425,8.445,9.221,8.832,8.878,8.386,10.216,9.204,9.929,8.578,8.782,8.32,9.694,9.117,8.923,8.675,8.835,8.59,9.073,8.819,9.19,8.983,8.489,9.582,9.302,9.43,9.697,9.942,10.777,9.7,10.123,10.574,10.582,9.795,9.43,9.609,9.552,10.28,9.429,9.413,9.696,9.422,9.222,10.404,9.951,9.703,9.745,10.639,9.919,9.326,8.925,10.096,9.454,8.625,8.019,7.721,7.862,8.307,9.306,8.694,10.423,7.726,6.861,3.174,4.509,5.501,5.068,4.686,5.516,5.429,5.529,5.592,5.621,5.068,4.925,4.561,4.561,4.509,4.488,4.954,4.905,5.626,4.175,5.995,5.861,6.579,6.683,5.921,5.633,5.658,6.136,6.202,0.662,1.494,0.054,8.818,1.49,2.475,1.517,0.0,1.494,2.861,0.519,1.855,6.28,5.576,6.373,6.459,5.717,8.47,8.787,7.184,6.986,8.454,8.704,6.986,8.632,8.482,12.009,16.546,8.143,6.986,13.719,8.618,6.986,8.783,8.618,9.679,12.542,9.758,8.783,17.288,9.515,12.462,11.153,12.871,10.417,10.777,3.114,10.777,11.496,10.041,10.537,12.141,10.785,15.827,14.768,10.272,9.977,9.743,5.011,5.015,4.443,5.244,5.972,5.679,6.045,6.618,5.861,1.409,0.723,1.494,3.263,1.075,2.331,1.71,4.908,5.33,10.777,19.253,10.777,22.84,10.777,25.894,26.905,16.941,35.317,19.907,23.739,52.087,49.222,60.513,44.184,36.517,33.456,17.454,10.777,108.408
E155,8.069,7.848,7.411,7.771,7.855,8.565,7.794,8.319,7.805,7.311,7.295,7.354,7.809,7.379,7.344,6.881,6.788,7.181,7.006,6.239,6.788,6.454,7.386,6.935,6.787,19.262,7.022,6.977,7.721,7.362,6.525,6.803,6.851,7.718,7.13,6.569,7.193,7.702,9.526,7.238,7.206,7.299,9.235,8.964,8.023,7.321,7.197,7.298,8.305,8.389,7.471,7.362,7.289,7.385,7.404,7.423,8.2,7.811,7.856,7.364,9.194,8.183,8.907,7.556,7.76,7.298,8.672,8.096,7.901,7.653,7.813,7.568,8.052,7.798,8.168,7.962,7.468,8.561,8.28,8.409,8.676,8.92,9.756,8.678,9.101,9.553,9.56,8.774,8.409,8.587,8.531,9.258,8.408,8.391,8.675,8.401,8.201,9.383,8.929,8.682,8.724,9.617,8.898,8.305,7.904,9.075,8.433,7.604,6.997,6.7,6.841,7.285,8.284,7.672,9.402,6.704,5.839,2.152,3.488,4.479,4.046,3.665,4.494,4.407,4.507,4.57,4.6,4.046,3.903,3.539,3.539,3.488,3.466,3.932,3.883,4.604,3.153,4.974,4.839,5.557,5.661,4.899,4.612,4.636,5.114,5.18,0.832,0.0,1.718,7.797,0.811,1.453,2.316,1.678,0.0,1.839,1.319,0.833,5.258,5.719,5.351,5.437,5.731,7.448,7.765,6.163,5.965,7.433,7.682,5.965,7.611,7.461,10.987,15.524,7.121,5.965,12.697,7.597,5.965,7.761,7.597,8.657,11.521,8.736,7.761,16.266,8.493,11.44,10.132,11.849,9.396,9.755,3.913,9.755,10.475,9.019,9.516,11.12,9.763,14.805,13.746,9.25,8.955,8.722,3.989,3.993,3.421,4.223,4.95,4.657,5.024,5.597,4.839,2.208,1.522,0.0,2.242,1.874,3.13,0.688,5.564,4.308,9.755,18.231,9.755,21.818,9.755,26.693,27.704,15.919,34.296,18.885,22.718,51.066,48.2,59.491,43.163,35.495,32.434,18.253,9.755,107.387
E156,6.284,6.064,5.627,5.987,6.071,6.781,6.01,6.535,6.021,5.527,5.511,5.57,6.025,5.595,5.56,5.097,5.004,5.396,5.222,4.455,5.004,4.669,5.602,5.151,5.003,17.478,5.238,5.192,5.937,5.578,4.741,5.019,5.067,5.934,5.346,4.784,5.409,5.918,7.742,5.454,5.422,5.515,7.451,7.18,6.239,5.537,5.413,5.514,6.52,6.605,5.687,5.578,5.505,5.601,5.62,5.639,6.415,6.027,6.072,5.58,7.41,6.399,7.123,5.772,5.976,5.514,6.888,6.312,6.117,5.869,6.029,5.784,6.268,6.013,6.384,6.177,5.683,6.777,6.496,6.625,6.892,7.136,7.971,6.894,7.317,7.769,7.776,6.989,6.625,6.803,6.746,7.474,6.623,6.607,6.891,6.617,6.417,7.598,7.145,6.897,6.939,7.833,7.114,6.52,6.119,7.29,6.649,5.819,5.213,4.915,5.056,5.501,6.5,5.888,7.617,4.92,4.055,0.368,1.704,2.695,2.262,1.881,2.71,2.623,2.723,2.786,2.815,2.262,2.119,1.755,1.755,1.704,1.682,2.148,2.099,2.82,1.369,3.19,3.055,3.773,3.877,3.115,2.828,2.852,3.33,3.396,2.199,1.839,3.084,6.013,1.371,0.386,3.683,3.044,1.839,0.0,2.685,1.328,3.927,4.388,4.02,4.106,4.4,5.664,5.981,4.379,4.18,5.648,5.898,4.18,5.826,5.677,9.203,13.74,5.337,4.18,10.913,5.813,4.18,5.977,5.813,6.873,9.737,6.952,5.977,14.482,6.709,9.656,8.348,10.065,7.611,7.971,5.279,7.971,8.691,7.235,7.731,9.335,7.979,13.021,11.962,7.466,7.171,6.938,2.658,2.662,2.09,2.438,3.166,2.873,3.24,3.812,3.055,3.575,2.889,1.839,0.91,3.241,4.497,1.151,4.233,2.524,7.971,16.447,7.971,20.034,7.971,28.059,29.07,14.135,32.511,17.101,20.933,49.281,46.416,57.707,41.379,33.711,30.65,19.619,7.971,105.602
E157,8.965,8.745,8.308,8.668,8.752,9.462,8.691,9.216,8.702,8.208,8.191,8.251,8.706,8.276,8.241,7.778,7.685,8.077,7.903,7.136,7.685,7.35,8.283,7.832,7.684,20.159,7.919,7.873,8.618,8.259,7.422,7.7,7.748,8.615,8.027,7.465,8.089,8.599,10.422,8.135,8.103,8.196,10.132,9.861,8.92,8.218,8.094,8.195,9.201,9.286,8.368,8.259,8.186,8.282,8.301,8.32,9.097,8.707,8.753,8.261,10.091,9.079,9.804,8.453,8.657,8.195,9.569,8.993,8.798,8.55,8.71,8.465,8.949,8.694,9.065,8.858,8.364,9.458,9.177,9.306,9.573,9.817,10.652,9.575,9.998,10.45,10.457,9.67,9.306,9.484,9.427,10.155,9.304,9.288,9.572,9.298,9.098,10.279,9.826,9.579,9.62,10.514,9.794,9.201,8.8,9.972,9.329,8.5,7.894,7.596,7.737,8.182,9.181,8.569,10.298,7.601,6.736,3.049,4.385,5.376,4.943,4.562,5.391,5.304,5.404,5.467,5.496,4.943,4.8,4.436,4.436,4.385,4.363,4.829,4.78,5.501,4.05,5.871,5.736,6.454,6.558,5.796,5.509,5.533,6.011,6.077,0.537,1.369,0.516,8.694,1.365,2.35,0.997,0.476,1.369,2.736,0.0,1.73,6.155,5.174,6.248,6.334,5.314,8.345,8.662,7.06,6.861,8.329,8.579,6.861,8.507,8.358,11.884,16.421,8.018,6.861,13.594,8.494,6.861,8.658,8.494,9.554,12.418,9.633,8.658,17.163,9.39,12.337,11.029,12.746,10.292,10.652,2.594,10.652,11.371,9.916,10.412,12.016,10.66,15.702,14.643,10.147,9.852,9.619,4.886,4.89,4.318,5.12,5.847,5.554,5.921,6.493,5.736,0.89,0.32,1.369,3.139,0.672,1.812,1.585,4.505,5.205,10.652,19.128,10.652,22.715,10.652,25.491,26.502,16.816,35.193,19.782,23.614,51.962,49.097,60.388,44.06,36.392,33.331,16.934,10.652,108.283
E158,7.557,7.337,6.9,7.26,7.344,8.053,7.283,7.808,7.293,6.8,6.783,6.843,7.298,6.868,6.833,6.37,6.277,6.669,6.495,5.727,6.277,5.942,6.875,6.423,6.276,18.751,6.511,6.465,7.21,6.851,6.014,6.292,6.34,7.207,6.618,6.057,6.681,7.19,9.014,6.727,6.695,6.787,8.724,8.453,7.512,6.81,6.685,6.787,7.793,7.878,6.96,6.851,6.778,6.873,6.893,6.912,7.688,7.299,7.345,6.853,8.683,7.671,8.396,7.045,7.249,6.787,8.161,7.585,7.39,7.142,7.302,7.057,7.54,7.286,7.657,7.45,6.956,8.049,7.769,7.897,8.164,8.409,9.244,8.167,8.589,9.041,9.049,8.262,7.897,8.076,8.019,8.747,7.896,7.88,8.163,7.889,7.689,8.871,8.418,8.17,8.212,9.105,8.386,7.793,7.392,8.563,7.921,7.092,6.486,6.188,6.329,6.774,7.773,7.161,8.89,6.192,5.328,1.641,2.976,3.968,3.535,3.154,3.983,3.896,3.996,4.059,4.088,3.535,3.392,3.028,3.028,2.976,2.955,3.421,3.372,4.093,2.642,4.463,4.328,5.046,5.15,4.388,4.101,4.125,4.603,4.669,1.193,0.833,2.078,7.285,0.365,0.942,2.676,2.038,0.833,1.328,1.679,0.0,4.747,5.208,4.84,4.926,5.22,6.937,7.254,5.651,5.453,6.921,7.171,5.453,7.099,6.949,10.476,15.013,6.61,5.453,12.185,7.085,5.453,7.249,7.085,8.146,11.009,8.225,7.249,15.755,7.982,10.929,9.62,11.338,8.884,9.244,4.273,9.244,9.963,8.508,9.004,10.608,9.252,14.294,13.235,8.739,8.444,8.21,3.478,3.482,2.91,3.711,4.439,4.146,4.512,5.085,4.328,2.569,1.883,0.833,1.73,2.235,3.491,0.177,5.053,3.797,9.244,17.72,9.244,21.307,9.244,27.053,28.064,15.408,33.784,18.374,22.206,50.554,47.689,58.98,42.651,34.983,31.922,18.613,9.244,106.875
E159,6.975,7.007,6.57,6.931,7.014,7.379,6.926,8.288,6.964,6.471,6.454,6.513,7.778,7.348,7.313,6.85,6.757,7.149,6.975,6.207,6.757,6.422,7.355,6.903,6.756,19.231,6.991,6.945,7.689,7.331,6.493,6.772,6.82,7.076,6.488,5.927,6.551,7.06,8.074,6.596,6.564,6.657,7.206,7.779,6.929,6.679,6.555,6.656,7.464,7.549,6.829,6.72,6.647,6.743,6.762,6.781,6.855,6.717,6.864,6.723,8.008,8.151,8.876,6.626,7.729,7.267,8.641,8.064,7.87,7.622,7.782,7.537,8.02,7.766,8.137,7.93,6.627,8.529,8.248,8.377,8.644,8.889,8.57,7.492,7.915,8.367,8.374,7.588,8.377,7.402,8.499,8.072,7.766,7.749,7.489,7.759,7.559,8.197,7.744,7.496,8.082,8.975,8.256,7.663,7.262,8.433,7.791,6.962,6.355,6.058,6.199,6.643,7.642,7.03,8.76,6.062,5.197,4.385,3.05,3.837,3.404,3.023,3.852,3.765,3.865,3.928,3.958,3.404,2.777,2.998,2.998,3.05,3.206,2.605,3.241,2.834,3.385,4.942,4.808,4.852,4.912,4.867,4.58,4.605,5.083,5.149,5.618,5.258,6.503,6.703,4.79,3.805,7.101,6.463,5.258,3.927,6.104,4.747,0.0,0.518,0.15,0.237,0.53,6.607,6.671,5.521,5.323,6.79,6.588,5.323,7.579,7.429,10.956,15.493,7.09,5.323,12.665,7.565,5.323,7.729,7.565,8.625,11.489,8.705,7.729,16.235,8.461,11.409,10.1,11.818,8.21,8.188,8.698,8.188,10.443,8.988,8.33,10.477,9.121,14.163,13.715,8.608,8.313,8.08,1.269,1.265,2.246,3.581,4.308,4.015,4.992,5.565,4.808,6.994,6.308,5.258,3.016,6.66,7.916,4.57,0.456,3.666,8.188,18.199,8.188,21.787,8.188,22.757,23.768,15.277,33.654,18.243,22.686,51.034,48.169,59.459,43.131,35.463,32.402,23.038,8.188,107.355
E160,7.436,7.468,7.031,7.391,7.475,7.84,7.387,8.749,7.425,6.931,6.915,6.974,8.239,7.809,7.774,7.311,7.218,7.61,7.436,6.668,7.218,6.883,7.816,7.364,7.217,19.692,7.452,7.406,8.15,7.792,6.954,7.233,7.281,7.537,6.949,6.388,7.012,7.521,8.535,7.057,7.025,7.118,7.667,8.24,7.39,7.14,7.016,7.117,7.925,8.009,7.29,7.181,7.108,7.204,7.223,7.242,7.316,7.178,7.325,7.184,8.469,8.612,9.337,7.087,8.19,7.728,9.102,8.525,8.331,8.083,8.243,7.997,8.481,8.227,8.598,8.391,7.088,8.99,8.709,8.838,9.105,9.35,9.031,7.954,8.376,8.828,8.835,8.049,8.838,7.863,8.96,8.533,8.226,8.21,7.95,8.22,8.02,8.658,8.204,7.957,8.543,9.436,8.717,8.124,7.723,8.894,8.252,7.423,6.816,6.519,6.66,7.104,8.103,7.491,9.221,6.523,5.658,4.846,3.511,4.298,3.865,3.484,4.313,4.226,4.326,4.389,4.419,3.865,3.239,3.459,3.459,3.511,3.667,3.066,3.702,3.295,3.845,5.403,5.268,5.313,5.373,5.329,5.041,5.066,5.544,5.61,5.498,5.719,5.477,7.164,5.251,4.266,6.229,5.437,5.719,4.388,5.232,5.208,0.611,0.0,0.368,0.371,0.14,7.068,7.133,5.982,5.784,7.252,7.049,5.784,8.04,7.89,11.417,15.954,7.551,5.784,13.126,8.026,5.784,8.19,8.026,9.086,11.95,9.166,8.19,16.696,8.922,11.87,10.561,12.279,8.671,8.649,7.826,8.649,10.904,9.449,8.791,10.938,9.582,14.624,14.176,9.069,8.774,8.541,1.73,1.726,2.707,4.042,4.769,4.476,5.453,6.026,5.268,6.122,4.853,5.719,3.477,4.501,7.043,5.031,0.385,4.127,8.649,18.66,8.649,22.248,8.649,22.891,23.902,15.738,34.115,18.704,23.147,51.495,48.629,59.92,43.592,35.924,32.863,22.166,8.649,107.816
E161,7.068,7.1,6.663,7.024,7.107,7.472,7.019,8.381,7.057,6.564,6.547,6.606,7.871,7.441,7.406,6.943,6.85,7.242,7.068,6.3,6.85,6.515,7.448,6.996,6.849,19.324,7.084,7.038,7.782,7.424,6.587,6.865,6.913,7.169,6.581,6.02,6.644,7.153,8.167,6.689,6.657,6.75,7.299,7.872,7.022,6.772,6.648,6.749,7.557,7.642,6.922,6.813,6.74,6.836,6.855,6.874,6.948,6.81,6.957,6.816,8.101,8.244,8.969,6.719,7.822,7.36,8.734,8.158,7.963,7.715,7.875,7.63,8.114,7.859,8.23,8.023,6.72,8.622,8.341,8.47,8.737,8.982,8.663,7.586,8.008,8.46,8.467,7.681,8.47,7.495,8.592,8.165,7.859,7.842,7.582,7.852,7.652,8.29,7.837,7.589,8.175,9.068,8.349,7.756,7.355,8.526,7.884,7.055,6.448,6.151,6.292,6.736,7.735,7.123,8.853,6.155,5.29,4.479,3.143,3.931,3.497,3.116,3.945,3.858,3.958,4.021,4.051,3.497,2.871,3.091,3.091,3.143,3.299,2.698,3.335,2.927,3.478,5.035,4.901,4.945,5.005,4.961,4.673,4.698,5.176,5.242,5.711,5.351,6.596,6.796,4.883,3.898,7.194,6.556,5.351,4.02,6.197,4.84,0.243,0.368,0.0,0.086,0.38,6.7,6.765,5.614,5.416,6.884,6.681,5.416,7.672,7.522,11.049,15.586,7.183,5.416,12.758,7.658,5.416,7.822,7.658,8.719,11.582,8.798,7.822,16.328,8.555,11.502,10.193,11.911,8.303,8.281,8.791,8.281,10.536,9.081,8.423,10.571,9.214,14.256,13.808,8.701,8.406,8.173,1.362,1.358,2.339,3.674,4.401,4.108,5.085,5.658,4.901,7.087,6.401,5.351,3.109,4.869,8.009,4.663,0.471,3.759,8.281,18.293,8.281,21.88,8.281,22.606,23.617,15.37,33.747,18.336,22.779,51.127,48.262,59.552,43.224,35.556,32.495,23.131,8.281,107.448
E162,7.154,7.186,6.749,7.11,7.193,7.558,7.105,8.467,7.143,6.65,6.633,6.692,7.957,7.527,7.492,7.029,6.936,7.328,7.154,6.386,6.936,6.601,7.534,7.082,6.935,19.41,7.17,7.124,7.868,7.51,6.673,6.951,6.999,7.255,6.667,6.106,6.73,7.239,8.253,6.775,6.743,6.836,7.385,7.958,7.108,6.858,6.734,6.835,7.643,7.728,7.008,6.899,6.826,6.922,6.941,6.96,7.034,6.896,7.043,6.902,8.187,8.33,9.055,6.805,7.908,7.446,8.82,8.243,8.049,7.801,7.961,7.716,8.2,7.945,8.316,8.109,6.806,8.708,8.427,8.556,8.823,9.068,8.749,7.672,8.094,8.546,8.553,7.767,8.556,7.581,8.678,8.252,7.945,7.928,7.668,7.938,7.738,8.376,7.923,7.675,8.261,9.154,8.435,7.842,7.441,8.612,7.97,7.141,6.534,6.237,6.378,6.822,7.821,7.209,8.939,6.241,5.376,4.564,3.229,4.017,3.583,3.202,4.031,3.944,4.044,4.107,4.137,3.583,2.957,3.177,3.177,3.229,3.385,2.784,3.421,3.013,3.564,5.122,4.987,5.031,5.091,5.047,4.759,4.784,5.262,5.328,5.797,5.437,6.682,6.882,4.969,3.984,7.28,6.642,5.437,4.106,6.283,4.926,0.329,0.371,0.086,0.0,0.383,6.786,6.851,5.7,5.502,6.97,6.767,5.502,7.758,7.609,11.135,15.672,7.269,5.502,12.845,7.744,5.502,7.908,7.744,8.805,11.668,8.884,7.908,16.414,8.641,11.588,10.279,11.997,8.389,8.367,8.877,8.367,10.622,9.167,8.509,10.657,9.3,14.342,13.894,8.787,8.492,8.259,1.448,1.444,2.425,3.76,4.487,4.194,5.171,5.744,4.987,7.173,6.487,5.437,3.195,4.872,8.095,4.749,0.477,3.845,8.367,18.378,8.367,21.966,8.367,22.52,23.531,15.456,33.833,18.422,22.865,51.213,48.348,59.638,43.31,35.642,32.581,23.218,8.367,107.534
E163,7.448,7.48,7.043,7.404,7.487,7.852,7.399,8.761,7.437,6.944,6.927,6.987,8.251,7.821,7.786,7.323,7.23,7.622,7.448,6.68,7.23,6.895,7.828,7.376,7.229,19.704,7.464,7.418,8.162,7.804,6.966,7.245,7.293,7.549,6.961,6.4,7.024,7.533,8.547,7.069,7.037,7.13,7.679,8.252,7.402,7.152,7.028,7.129,7.937,8.022,7.302,7.193,7.12,7.216,7.235,7.254,7.328,7.19,7.337,7.196,8.481,8.624,9.349,7.099,8.202,7.74,9.114,8.537,8.343,8.095,8.255,8.01,8.493,8.239,8.61,8.403,7.1,9.002,8.721,8.85,9.117,9.362,9.043,7.966,8.388,8.84,8.847,8.061,8.85,7.875,8.972,8.546,8.239,8.222,7.962,8.232,8.032,8.67,8.217,7.969,8.555,9.448,8.729,8.136,7.735,8.906,8.264,7.435,6.828,6.531,6.672,7.116,8.115,7.503,9.233,6.535,5.67,4.859,3.523,4.311,3.877,3.496,4.325,4.238,4.338,4.401,4.431,3.877,3.251,3.471,3.471,3.523,3.679,3.078,3.715,3.307,3.858,5.415,5.281,5.325,5.385,5.341,5.053,5.078,5.556,5.622,5.639,5.731,5.618,7.176,5.263,4.278,6.369,5.578,5.731,4.4,5.372,5.22,0.623,0.14,0.38,0.383,0.0,7.08,7.145,5.994,5.796,7.264,7.061,5.796,8.052,7.902,11.429,15.966,7.563,5.796,13.139,8.038,5.796,8.202,8.038,9.098,11.962,9.178,8.202,16.708,8.935,11.882,10.573,12.291,8.683,8.662,7.966,8.662,10.916,9.461,8.803,10.951,9.594,14.636,14.188,9.081,8.786,8.553,1.742,1.738,2.719,4.054,4.781,4.488,5.465,6.038,5.281,6.262,4.994,5.731,3.489,4.642,7.184,5.043,0.397,4.139,8.662,18.672,8.662,22.26,8.662,22.731,23.742,15.75,34.127,18.716,23.159,51.507,48.642,59.932,43.604,35.936,32.875,22.306,8.662,107.828
P001,1.357,1.016,0.579,0.94,1.023,1.388,0.963,1.373,0.973,0.137,0.817,0.522,2.613,2.911,2.148,2.413,2.32,1.123,2.538,1.77,2.32,1.37,1.159,1.143,1.591,17.732,1.826,2.508,3.253,1.304,1.328,2.335,1.06,2.25,2.191,2.524,2.265,3.036,2.349,1.768,1.772,1.629,2.058,1.788,1.311,1.607,1.731,1.928,1.473,1.558,2.331,2.416,1.856,1.543,1.524,1.505,1.488,1.099,1.024,1.564,2.017,1.257,2.422,0.989,1.354,1.24,2.187,1.611,1.495,1.247,1.755,1.162,1.318,1.74,1.222,1.4,0.99,2.43,1.795,1.483,2.191,2.213,2.579,1.502,1.924,2.376,2.383,1.597,1.483,1.411,2.046,2.081,3.619,3.043,1.498,3.053,2.736,2.206,1.752,1.505,3.376,5.308,4.589,3.995,3.115,3.727,4.124,5.245,2.952,2.277,2.796,3.24,3.975,3.627,5.568,2.659,2.772,5.37,3.846,3.707,3.763,3.82,3.315,3.476,3.302,3.239,3.21,3.763,4.058,3.795,3.795,3.846,4.419,4.087,3.926,4.759,4.369,2.732,4.466,1.832,2.279,3.369,2.981,4.264,4.742,2.332,7.882,7.522,8.767,1.085,7.054,6.069,9.365,8.727,7.522,5.738,8.368,7.011,6.692,7.153,6.785,6.871,7.165,0.0,1.054,1.669,2.846,2.063,0.97,2.846,3.142,2.993,6.519,13.994,1.063,2.846,7.5,1.539,2.846,1.703,1.539,2.032,5.036,2.678,1.703,11.798,2.362,4.955,3.647,5.365,2.219,2.579,10.962,2.579,3.99,2.534,2.339,6.81,5.454,10.496,7.262,5.205,5.525,5.758,6.324,6.328,5.347,3.225,2.702,2.746,4.651,2.139,4.466,9.258,8.572,7.522,6.593,8.924,10.18,6.834,6.998,3.026,2.579,11.746,2.579,15.333,2.579,29.391,30.403,11.61,29.987,14.576,21.187,49.535,46.669,57.96,36.678,29.01,25.949,25.302,2.579,105.856
P002,0.303,0.968,0.943,0.891,1.387,1.752,0.457,1.737,1.337,0.843,1.181,0.886,2.977,3.275,2.512,2.777,2.684,1.487,2.902,2.135,2.684,1.734,1.523,1.507,1.955,18.096,2.19,2.872,3.617,1.669,1.692,2.699,1.423,1.617,1.735,2.028,1.808,2.468,2.713,1.312,0.835,1.173,1.425,1.155,0.855,1.15,1.275,1.472,1.288,1.373,1.645,1.536,0.751,1.087,1.068,1.048,1.031,0.045,0.395,1.107,2.381,1.621,2.786,1.353,1.718,1.604,2.551,1.975,1.859,1.611,2.119,1.526,1.682,2.104,1.586,1.764,1.353,2.794,2.159,1.847,2.555,2.577,2.943,1.865,2.288,2.74,2.747,1.961,1.847,1.774,2.41,2.445,3.051,3.034,1.862,3.044,2.451,2.57,2.116,1.869,3.367,5.076,4.357,3.764,2.547,3.718,3.892,4.749,2.456,1.82,2.3,2.744,3.743,3.131,5.072,2.163,2.276,5.734,3.827,3.212,3.268,3.69,2.819,2.98,2.807,2.744,2.714,3.268,4.038,3.775,3.775,3.827,3.983,4.067,3.43,4.74,4.733,3.096,4.83,2.196,2.643,3.732,3.345,4.628,5.106,2.696,8.246,7.886,9.131,0.628,7.418,6.433,9.729,9.091,7.886,6.102,8.732,7.375,6.673,7.133,6.766,6.852,7.146,0.98,0.0,1.173,2.351,1.606,0.12,2.351,3.506,3.357,6.883,14.358,1.427,2.351,7.864,1.903,2.351,2.067,1.903,2.396,5.4,3.042,2.067,12.162,2.726,5.319,4.011,5.729,2.583,2.942,11.326,2.942,4.354,2.898,2.703,6.579,5.223,10.265,7.626,4.71,5.029,5.263,6.304,6.309,5.328,3.589,3.066,3.11,5.015,2.503,4.83,9.622,8.936,7.886,6.957,9.288,10.544,7.198,6.979,3.39,2.942,12.11,2.942,15.697,2.942,29.372,30.383,11.378,29.755,14.344,21.551,49.899,47.033,58.324,37.042,29.374,26.313,25.666,2.942,106.22
P003,1.454,2.013,1.575,1.936,2.02,2.385,1.405,2.369,1.969,1.476,1.813,1.519,3.609,3.907,3.144,3.41,3.317,2.119,3.534,2.767,3.317,2.366,2.155,2.139,2.587,18.835,2.822,3.505,4.249,2.301,2.325,3.331,2.056,2.445,2.394,1.833,2.457,2.966,3.345,1.916,1.87,1.726,3.055,2.784,1.408,1.704,1.829,2.025,2.236,2.321,2.199,2.089,1.953,1.64,1.621,1.602,1.585,1.196,1.343,1.661,3.014,2.253,3.419,1.985,2.35,2.237,3.184,2.607,2.491,2.244,2.752,2.158,2.315,2.736,2.219,2.396,1.986,3.426,2.791,2.479,3.187,3.209,3.575,2.498,2.921,3.373,3.38,2.593,2.479,2.407,3.042,3.078,3.672,3.655,2.494,3.665,3.465,3.202,2.749,2.502,3.988,4.881,4.162,3.569,3.168,4.339,3.697,3.576,2.262,1.964,2.105,2.55,3.549,2.936,4.877,1.968,1.104,3.99,2.654,2.039,2.095,2.518,1.647,1.807,1.634,1.571,1.541,2.095,2.865,2.602,2.602,2.654,2.81,2.895,2.257,3.567,2.989,3.728,4.412,2.565,3.012,4.472,3.978,4.209,4.687,3.329,6.502,6.142,7.387,1.182,5.673,4.688,7.985,7.347,6.142,4.357,6.988,5.63,5.5,5.961,5.593,5.679,5.973,1.613,1.151,0.0,1.229,2.16,1.067,1.229,4.139,3.989,7.516,15.097,2.06,1.229,8.497,2.535,1.229,2.699,2.535,3.028,6.032,3.675,2.699,12.794,3.359,5.952,4.643,6.361,3.215,3.575,9.582,3.575,4.986,3.531,3.335,6.384,5.028,10.07,8.258,4.515,4.835,4.695,5.132,5.136,4.155,3.185,3.435,3.479,4.597,3.135,4.412,7.878,7.191,6.142,5.213,7.543,8.799,5.453,5.806,3.271,3.575,12.742,3.575,16.33,3.575,28.199,29.21,11.184,29.56,14.149,22.29,50.638,47.773,59.064,37.675,30.006,26.945,23.922,3.575,106.96
P004,1.773,3.199,2.762,3.122,3.206,2.529,2.591,3.069,3.156,2.662,3.0,2.705,4.796,4.433,4.331,3.935,3.842,3.306,4.06,3.292,3.842,3.404,3.342,3.326,3.774,18.637,4.008,4.03,4.774,3.487,3.511,3.857,3.242,1.753,1.165,0.604,1.228,1.737,2.752,1.273,1.242,1.334,1.884,2.102,1.652,1.357,1.232,1.333,3.422,3.507,1.507,1.397,1.325,1.42,1.439,1.459,1.533,2.382,2.529,1.4,3.248,2.953,4.119,3.172,3.537,3.423,3.884,3.308,3.119,3.43,3.938,3.345,3.015,3.922,2.919,3.583,3.172,4.126,3.491,3.179,3.887,3.777,3.81,3.066,3.488,3.646,3.653,3.161,3.179,2.975,3.742,2.848,2.443,2.426,3.062,2.436,2.236,2.733,3.317,2.513,2.759,3.652,2.933,2.34,1.939,3.11,2.468,3.378,1.033,0.735,0.876,1.321,2.319,1.707,3.648,0.739,0.345,3.792,2.456,1.841,1.897,2.319,1.448,1.609,1.436,1.373,1.343,1.897,2.667,2.404,2.404,2.456,2.612,2.696,2.059,3.369,2.791,3.271,4.214,2.367,2.813,4.274,3.986,4.011,4.489,2.866,6.303,5.944,7.189,1.879,5.475,4.49,7.787,7.149,5.944,4.159,6.79,5.432,5.301,5.763,5.395,5.481,5.775,2.799,2.337,1.229,0.0,1.468,2.254,0.0,4.664,4.514,8.041,14.899,3.246,0.0,9.683,3.679,0.0,3.886,3.679,3.728,6.732,4.49,3.886,13.32,4.059,6.652,5.343,7.061,3.45,2.866,9.384,2.866,5.686,4.231,3.008,5.155,3.799,8.841,8.958,3.286,3.606,3.839,4.933,4.938,3.957,2.987,3.237,3.28,4.398,3.506,4.214,7.679,6.993,5.944,5.015,7.345,8.601,5.255,5.608,3.072,2.866,13.443,2.866,17.03,2.866,28.001,29.012,9.955,28.331,12.92,22.092,50.44,47.575,58.865,38.374,30.706,27.645,23.724,2.866,106.761
P005,0.872,1.977,2.156,1.458,1.725,1.388,1.466,1.928,1.776,1.853,2.19,1.895,3.986,4.284,3.521,3.786,3.693,2.564,3.911,3.144,3.693,2.743,2.271,2.516,2.964,19.105,3.199,3.881,4.626,2.447,2.701,3.708,2.433,0.612,0.696,0.864,0.769,1.189,1.371,0.556,0.341,0.433,0.743,0.961,0.751,0.456,0.331,0.193,2.297,2.382,0.366,0.257,0.424,0.519,0.538,0.558,0.632,1.258,1.405,0.499,2.441,1.812,2.978,2.262,2.352,2.682,2.743,2.167,1.978,2.245,2.879,2.16,1.874,2.863,1.778,2.398,2.363,2.986,2.35,2.038,2.747,2.636,3.002,1.925,2.348,2.799,2.807,2.02,2.038,1.834,2.601,2.176,1.772,1.755,1.921,1.765,1.172,1.019,2.176,1.373,2.088,3.461,2.742,2.149,1.268,2.439,2.277,4.846,1.573,0.781,1.417,1.861,2.128,2.248,4.189,1.207,1.813,5.259,3.923,3.308,3.364,3.787,2.916,3.076,2.903,2.84,2.811,3.364,4.135,3.872,3.872,3.923,4.079,4.164,3.527,4.836,4.258,4.105,5.681,3.205,3.652,4.742,4.354,5.478,5.957,3.705,7.771,7.411,8.656,0.978,6.943,5.957,9.254,8.616,7.411,5.627,8.257,6.899,6.769,7.23,6.862,6.948,7.242,1.989,1.212,2.182,1.467,0.0,1.129,1.467,4.515,4.366,7.892,15.367,2.868,1.467,10.16,2.538,1.467,2.826,2.538,2.587,5.591,3.349,2.826,13.171,2.918,5.511,4.202,5.92,2.642,2.195,10.851,2.195,4.545,3.09,2.337,4.964,3.607,8.649,7.817,3.826,4.146,4.379,6.401,6.405,5.424,4.454,4.076,4.119,5.866,3.512,5.681,9.147,8.461,7.411,6.482,8.812,10.069,6.723,7.075,4.54,2.195,12.302,2.195,15.889,2.195,29.468,30.479,9.763,28.14,12.729,22.56,50.908,48.043,59.334,37.234,29.566,26.505,25.191,2.195,107.229
P006,0.423,0.884,0.86,0.808,1.304,1.669,0.374,1.653,1.254,0.76,1.097,0.803,2.893,3.192,2.429,2.694,2.601,1.403,2.818,2.051,2.601,1.65,1.44,1.424,1.871,18.012,2.106,2.789,3.533,1.585,1.609,2.616,1.34,1.414,1.258,1.426,1.332,1.991,2.63,0.835,0.839,0.696,1.545,1.071,0.378,0.673,0.798,0.995,1.205,1.29,1.168,1.059,0.922,0.61,0.591,0.571,0.554,0.165,0.312,0.63,2.298,1.538,2.703,1.27,1.635,1.521,2.468,1.892,1.775,1.528,2.036,1.442,1.599,2.02,1.503,1.681,1.27,2.711,2.076,1.764,2.472,2.493,2.86,1.782,2.205,2.657,2.664,1.877,1.764,1.691,2.326,2.362,2.574,2.557,1.779,2.567,1.974,2.486,2.033,1.786,2.89,4.263,3.544,2.951,2.07,3.241,3.079,4.666,2.373,1.343,2.216,2.661,2.93,3.048,4.989,2.08,2.193,5.651,3.743,3.128,3.184,3.607,2.736,2.897,2.723,2.66,2.631,3.184,3.955,3.692,3.692,3.743,3.9,3.984,3.347,4.656,4.65,3.013,4.747,2.113,2.559,3.649,3.262,4.544,5.022,2.613,8.163,7.803,9.048,0.151,7.334,6.349,9.646,9.008,7.803,6.019,8.649,7.291,6.589,7.05,6.682,6.768,7.062,0.897,0.12,1.089,2.267,1.129,0.0,2.267,3.423,3.273,6.8,14.274,1.344,2.267,7.781,1.82,2.267,1.984,1.82,2.312,5.316,2.959,1.984,12.079,2.643,5.236,3.928,5.645,2.499,2.859,11.243,2.859,4.271,2.815,2.62,5.766,4.409,9.451,7.542,4.626,4.946,5.179,6.221,6.225,5.244,3.506,2.983,3.026,4.932,2.419,4.747,9.539,8.852,7.803,6.874,9.204,10.46,7.114,6.895,3.306,2.859,12.027,2.859,15.614,2.859,29.288,30.3,10.565,28.942,13.531,21.468,49.816,46.95,58.241,36.959,29.291,26.23,25.583,2.859,106.137
P007,1.773,3.199,2.762,3.122,3.206,2.529,2.591,3.069,3.156,2.662,3.0,2.705,4.796,4.433,4.331,3.935,3.842,3.306,4.06,3.292,3.842,3.404,3.342,3.326,3.774,18.637,4.008,4.03,4.774,3.487,3.511,3.857,3.242,1.753,1.165,0.604,1.228,1.737,2.752,1.273,1.242,1.334,1.884,2.102,1.652,1.357,1.232,1.333,3.422,3.507,1.507,1.397,1.325,1.42,1.439,1.459,1.533,2.382,2.529,1.4,3.248,2.953,4.119,3.172,3.537,3.423,3.884,3.308,3.119,3.43,3.938,3.345,3.015,3.922,2.919,3.583,3.172,4.126,3.491,3.179,3.887,3.777,3.81,3.066,3.488,3.646,3.653,3.161,3.179,2.975,3.742,2.848,2.443,2.426,3.062,2.436,2.236,2.733,3.317,2.513,2.759,3.652,2.933,2.34,1.939,3.11,2.468,3.378,1.033,0.735,0.876,1.321,2.319,1.707,3.648,0.739,0.345,3.792,2.456,1.841,1.897,2.319,1.448,1.609,1.436,1.373,1.343,1.897,2.667,2.404,2.404,2.456,2.612,2.696,2.059,3.369,2.791,3.271,4.214,2.367,2.813,4.274,3.986,4.011,4.489,2.866,6.303,5.944,7.189,1.879,5.475,4.49,7.787,7.149,5.944,4.159,6.79,5.432,5.301,5.763,5.395,5.481,5.775,2.799,2.337,1.229,0.0,1.468,2.254,0.0,4.664,4.514,8.041,14.899,3.246,0.0,9.683,3.679,0.0,3.886,3.679,3.728,6.732,4.49,3.886,13.32,4.059,6.652,5.343,7.061,3.45,2.866,9.384,2.866,5.686,4.231,3.008,5.155,3.799,8.841,8.958,3.286,3.606,3.839,4.933,4.938,3.957,2.987,3.237,3.28,4.398,3.506,4.214,7.679,6.993,5.944,5.015,7.345,8.601,5.255,5.608,3.072,2.866,13.443,2.866,17.03,2.866,28.001,29.012,9.955,28.331,12.92,22.092,50.44,47.575,58.865,38.374,30.706,27.645,23.724,2.866,106.761
P008,4.931,4.71,4.346,4.633,4.959,5.177,4.656,4.932,4.667,4.173,4.157,4.216,1.781,2.964,2.222,3.033,2.94,3.793,2.953,3.827,2.94,3.651,3.999,3.547,2.892,11.81,3.127,3.549,0.745,3.975,3.042,2.954,3.464,6.039,5.765,6.097,5.839,6.825,6.138,5.342,5.346,5.203,5.848,5.577,4.885,5.181,5.305,6.269,5.167,5.251,6.12,6.205,5.429,5.117,5.098,5.079,5.062,4.673,4.718,5.138,5.806,4.795,5.52,4.169,4.373,3.911,5.285,4.708,4.513,4.266,4.426,4.181,4.664,4.41,4.781,4.574,4.427,5.173,4.892,5.021,5.288,5.533,6.368,5.291,5.713,6.165,6.172,5.386,5.021,5.2,5.143,5.871,7.408,6.832,5.287,6.842,6.525,5.995,5.542,5.294,7.165,9.097,8.378,7.785,6.904,7.516,7.913,8.318,6.526,5.851,6.369,6.814,7.764,7.201,9.142,6.233,6.346,7.426,6.497,6.486,7.055,6.674,6.094,6.255,6.081,6.018,5.989,7.055,6.912,6.549,6.549,6.497,6.475,6.942,6.893,7.614,6.425,4.788,6.523,4.526,4.973,5.425,5.037,6.32,6.798,4.388,9.938,9.578,10.823,4.659,9.11,8.125,11.422,10.784,9.578,7.794,10.424,9.067,9.547,10.008,9.64,9.726,10.02,4.31,4.627,5.242,6.42,5.637,4.544,6.42,0.0,0.15,4.011,7.529,3.734,6.42,8.415,4.209,6.42,4.373,4.209,5.269,8.133,5.349,4.373,9.29,5.106,8.053,6.744,8.462,6.008,6.368,13.018,6.368,7.087,5.632,6.128,10.6,9.243,14.345,10.359,8.779,9.099,9.332,9.179,9.183,8.202,5.919,5.396,5.44,6.707,4.195,6.523,11.314,10.628,9.578,8.649,10.98,12.236,8.89,9.853,5.72,6.368,14.843,6.368,18.431,6.368,32.246,33.257,15.399,34.348,18.938,15.092,43.44,40.574,51.865,39.775,32.107,29.046,27.359,6.368,99.761
P009,4.781,4.561,4.196,4.484,4.809,5.028,4.507,4.782,4.517,4.024,4.007,4.067,1.632,2.814,2.073,2.883,2.79,3.643,2.804,3.677,2.79,3.501,3.849,3.398,2.742,11.661,2.977,3.399,0.595,3.825,2.892,2.805,3.314,5.89,5.616,5.948,5.689,6.675,5.989,5.193,5.197,5.054,5.698,5.427,4.736,5.031,5.156,6.12,5.017,5.102,5.971,6.056,5.28,4.968,4.949,4.929,4.912,4.523,4.569,4.988,5.657,4.646,5.37,4.019,4.223,3.761,5.135,4.559,4.364,4.116,4.276,4.031,4.515,4.26,4.631,4.425,4.277,5.024,4.743,4.872,5.139,5.383,6.219,5.141,5.564,6.016,6.023,5.236,4.872,5.05,4.994,5.721,7.258,6.683,5.138,6.692,6.376,5.845,5.392,5.145,7.015,8.947,8.228,7.635,6.754,7.366,7.763,8.168,6.376,5.701,6.22,6.664,7.614,7.051,8.992,6.083,6.196,7.277,6.348,6.337,6.906,6.525,5.944,6.105,5.932,5.869,5.839,6.906,6.763,6.399,6.399,6.348,6.326,6.792,6.743,7.464,6.276,4.638,6.373,4.377,4.823,5.275,4.888,6.17,6.648,4.239,9.789,9.429,10.674,4.509,8.96,7.975,11.272,10.634,9.429,7.644,10.275,8.917,9.397,9.858,9.49,9.576,9.87,4.161,4.478,5.093,6.271,5.487,4.394,6.271,0.15,0.0,3.862,7.379,3.584,6.271,8.266,4.06,6.271,4.224,4.06,5.12,7.984,5.199,4.224,9.141,4.956,7.903,6.595,8.312,5.858,6.218,12.869,6.218,6.938,5.482,5.979,10.45,9.094,14.196,10.209,8.629,8.95,9.183,9.029,9.033,8.052,5.769,5.247,5.29,6.558,4.045,6.373,11.165,10.478,9.429,8.5,10.83,12.086,8.74,9.703,5.57,6.218,14.694,6.218,18.281,6.218,32.096,33.108,15.25,34.199,18.788,14.942,43.29,40.425,51.716,39.626,31.958,28.897,27.209,6.218,99.611
P010,7.114,6.893,6.456,6.817,6.9,7.61,6.84,7.364,6.85,6.357,6.34,6.4,4.793,4.403,4.428,4.472,4.379,6.226,4.393,5.071,4.379,5.499,6.432,5.98,5.832,7.459,6.067,4.988,3.978,6.408,5.57,4.393,5.897,8.472,7.949,8.281,8.022,9.258,8.571,7.526,7.53,7.386,8.28,8.01,7.068,7.364,7.489,7.685,7.35,7.435,8.553,7.749,7.613,7.3,7.281,7.262,7.245,6.856,6.902,7.321,8.239,7.228,6.002,6.602,6.805,6.343,7.717,7.141,6.946,6.699,6.858,6.613,7.097,6.843,7.214,7.007,6.513,5.527,5.752,7.454,7.721,7.966,8.801,7.723,8.146,8.598,8.605,7.819,7.454,7.633,7.576,8.303,9.84,9.265,7.72,9.275,8.958,8.428,7.974,7.727,9.598,11.53,10.811,10.217,9.336,9.949,10.346,9.682,8.709,8.034,8.553,8.997,10.197,9.384,11.325,8.416,7.918,8.791,7.862,7.851,8.42,8.039,7.458,7.619,7.446,7.383,7.353,8.42,8.277,7.913,7.913,7.862,7.84,8.306,8.257,8.978,7.79,6.152,7.887,5.891,6.337,6.789,6.402,7.684,8.162,5.753,11.302,10.943,12.188,6.842,10.474,9.489,12.786,12.148,10.943,9.158,11.789,10.431,10.911,11.372,11.004,11.09,11.384,6.493,6.811,7.426,8.043,7.82,6.727,8.043,4.102,3.953,0.0,5.671,6.166,8.043,5.193,6.642,8.043,6.806,6.642,5.773,10.566,5.49,6.806,5.279,5.459,10.485,9.177,10.895,8.441,8.8,14.383,8.8,9.52,8.064,8.561,13.032,11.676,16.778,12.792,10.962,11.282,10.801,10.543,10.547,9.566,7.283,6.761,6.804,8.072,5.6,7.887,12.678,11.992,10.943,10.014,12.344,13.6,10.254,11.217,7.084,8.8,17.276,8.8,20.863,8.8,33.61,34.621,17.832,36.781,21.37,13.234,41.582,38.717,50.008,44.312,34.54,31.479,28.723,8.8,97.903
P011,14.576,14.356,13.918,14.279,14.363,15.072,14.302,14.827,14.312,13.819,13.802,13.862,8.299,7.909,13.852,7.978,7.885,13.688,7.899,12.746,7.885,12.961,13.894,13.442,13.295,4.281,13.53,8.494,7.484,13.87,13.033,7.9,13.359,15.934,15.411,15.466,15.485,16.72,16.033,14.988,14.992,14.849,15.743,15.472,14.531,14.826,14.951,15.148,14.812,14.897,16.015,16.101,15.075,14.763,14.744,14.724,14.707,14.318,14.364,14.783,15.702,14.69,15.415,14.064,14.268,13.806,15.18,14.604,14.409,14.161,14.321,14.075,14.559,14.305,14.676,14.469,13.975,15.068,14.787,14.916,15.183,15.428,16.263,15.186,15.608,16.06,16.067,15.281,14.916,15.095,15.038,15.766,17.303,16.727,15.182,16.737,16.42,15.89,15.437,15.189,17.06,18.515,17.796,17.203,16.799,17.411,17.331,16.501,15.895,15.598,15.738,16.183,17.182,16.57,18.299,15.602,14.737,13.315,12.386,13.377,12.944,12.563,13.392,13.305,13.405,13.468,13.497,12.944,12.801,12.437,12.437,12.386,12.364,12.83,12.781,13.502,12.314,11.481,12.411,12.065,12.169,10.625,11.119,12.208,12.687,11.688,15.826,15.467,16.712,14.304,14.998,14.013,17.31,16.672,15.467,13.682,16.313,14.955,15.435,15.896,15.528,15.614,15.908,13.956,14.273,14.888,14.862,15.282,14.19,14.862,7.608,7.459,5.715,0.0,13.629,14.862,10.119,14.104,14.862,14.268,14.104,15.165,18.028,15.244,14.268,10.994,15.001,17.948,16.639,18.357,15.903,16.263,18.907,16.263,16.982,15.527,16.023,20.017,18.661,24.24,20.254,18.148,17.853,17.62,15.067,15.071,14.09,13.12,12.593,12.636,12.596,12.104,12.411,17.203,16.516,15.467,14.538,16.868,18.124,14.778,15.741,13.206,16.263,24.738,16.263,28.326,16.263,38.134,39.146,24.817,43.194,27.783,7.563,35.911,33.045,44.336,38.641,34.551,35.255,33.247,16.263,92.232
P012,1.676,1.456,1.091,1.379,1.705,1.923,1.402,1.677,1.412,0.919,0.902,0.962,1.862,2.407,1.397,1.909,1.817,0.539,2.034,1.267,1.817,1.091,0.745,0.392,0.84,17.228,1.075,2.005,2.749,0.72,0.578,1.831,0.309,2.785,2.511,2.843,2.585,3.57,2.884,2.088,2.092,1.949,2.593,2.322,1.631,1.926,2.051,3.015,1.912,1.997,2.866,2.951,2.175,1.863,1.844,1.824,1.807,1.418,1.464,1.883,2.552,1.541,2.265,0.915,1.118,0.656,2.03,1.454,1.259,1.012,1.171,0.926,1.41,1.156,1.526,1.32,1.172,1.919,1.638,1.767,2.034,2.278,3.114,2.036,2.459,2.911,2.918,2.132,1.767,1.945,1.889,2.616,4.153,3.578,2.033,3.587,3.271,2.741,2.287,2.04,3.91,5.843,5.123,4.53,3.649,4.261,4.659,5.564,3.272,2.596,3.115,3.559,4.51,3.946,5.887,2.978,3.092,4.867,3.937,3.639,4.496,4.114,3.247,3.408,3.235,3.171,3.142,4.496,4.353,3.989,3.989,3.937,3.916,4.382,4.333,5.054,3.866,2.228,3.963,1.679,2.126,2.865,2.478,3.76,4.238,1.829,7.378,7.019,8.264,1.404,6.55,5.565,8.862,8.224,7.019,5.234,7.864,6.507,6.987,7.448,7.08,7.166,7.46,1.056,1.373,1.988,3.166,2.382,1.29,3.166,2.639,2.489,6.016,13.49,0.0,3.166,6.75,0.955,3.166,1.119,0.955,2.015,4.879,2.094,1.119,11.294,1.851,4.798,3.49,5.207,2.754,3.113,10.459,3.113,3.833,2.377,2.874,7.345,5.989,11.091,7.104,5.525,5.845,6.078,6.619,6.623,5.642,3.072,2.549,2.593,4.148,1.635,3.963,8.754,8.068,7.019,6.09,8.42,9.676,6.33,7.293,2.873,3.113,11.589,3.113,15.176,3.113,29.686,30.697,12.145,31.094,15.683,20.683,49.031,46.166,57.457,36.521,28.853,25.792,24.799,3.113,105.353
P013,1.773,3.199,2.762,3.122,3.206,2.529,2.591,3.069,3.156,2.662,3.0,2.705,4.796,4.433,4.331,3.935,3.842,3.306,4.06,3.292,3.842,3.404,3.342,3.326,3.774,18.637,4.008,4.03,4.774,3.487,3.511,3.857,3.242,1.753,1.165,0.604,1.228,1.737,2.752,1.273,1.242,1.334,1.884,2.102,1.652,1.357,1.232,1.333,3.422,3.507,1.507,1.397,1.325,1.42,1.439,1.459,1.533,2.382,2.529,1.4,3.248,2.953,4.119,3.172,3.537,3.423,3.884,3.308,3.119,3.43,3.938,3.345,3.015,3.922,2.919,3.583,3.172,4.126,3.491,3.179,3.887,3.777,3.81,3.066,3.488,3.646,3.653,3.161,3.179,2.975,3.742,2.848,2.443,2.426,3.062,2.436,2.236,2.733,3.317,2.513,2.759,3.652,2.933,2.34,1.939,3.11,2.468,3.378,1.033,0.735,0.876,1.321,2.319,1.707,3.648,0.739,0.345,3.792,2.456,1.841,1.897,2.319,1.448,1.609,1.436,1.373,1.343,1.897,2.667,2.404,2.404,2.456,2.612,2.696,2.059,3.369,2.791,3.271,4.214,2.367,2.813,4.274,3.986,4.011,4.489,2.866,6.303,5.944,7.189,1.879,5.475,4.49,7.787,7.149,5.944,4.159,6.79,5.432,5.301,5.763,5.395,5.481,5.775,2.799,2.337,1.229,0.0,1.468,2.254,0.0,4.664,4.514,8.041,14.899,3.246,0.0,9.683,3.679,0.0,3.886,3.679,3.728,6.732,4.49,3.886,13.32,4.059,6.652,5.343,7.061,3.45,2.866,9.384,2.866,5.686,4.231,3.008,5.155,3.799,8.841,8.958,3.286,3.606,3.839,4.933,4.938,3.957,2.987,3.237,3.28,4.398,3.506,4.214,7.679,6.993,5.944,5.015,7.345,8.601,5.255,5.608,3.072,2.866,13.443,2.866,17.03,2.866,28.001,29.012,9.955,28.331,12.92,22.092,50.44,47.575,58.865,38.374,30.706,27.645,23.724,2.866,106.761
P014,8.061,7.84,7.476,7.763,8.329,8.547,7.787,8.302,8.38,7.303,7.287,7.346,7.159,8.816,5.352,7.599,7.506,6.923,7.724,6.957,7.506,6.781,7.129,6.677,6.022,12.299,6.257,7.695,8.392,7.105,6.172,7.521,6.594,9.409,8.895,9.227,8.969,10.195,9.041,8.472,8.476,8.333,9.218,8.947,8.015,8.311,8.435,9.64,8.297,8.382,9.491,9.576,8.559,8.247,8.228,8.209,8.192,7.803,7.848,8.268,8.413,8.165,7.069,7.299,7.503,7.041,6.848,6.729,7.644,7.396,6.799,7.311,8.034,6.784,8.151,7.704,7.557,6.451,6.676,7.568,6.844,7.796,8.975,7.905,8.117,8.772,8.779,7.81,7.568,7.996,7.407,8.477,9.455,9.439,8.657,9.449,9.428,8.898,8.912,8.283,9.771,12.467,11.748,11.155,10.274,10.123,11.283,11.448,9.656,8.981,9.499,9.944,11.134,10.331,12.272,9.363,9.476,10.556,9.627,9.616,10.185,9.804,9.224,9.385,9.211,9.148,9.119,10.185,10.043,9.679,9.679,9.627,9.605,10.072,10.023,10.744,9.556,7.918,9.653,7.656,8.103,8.555,8.167,9.45,9.928,7.518,13.068,12.708,13.954,7.789,12.24,11.255,14.552,13.914,12.708,10.924,13.554,12.197,12.677,13.138,12.77,12.856,13.15,7.44,7.758,8.372,9.55,8.767,7.674,9.55,8.516,8.366,5.183,10.085,6.864,9.55,0.0,8.123,9.55,6.747,8.123,6.697,9.205,6.414,6.747,10.118,6.383,9.124,7.816,9.534,8.615,8.974,16.148,8.974,7.788,7.07,8.735,13.97,12.614,15.417,11.431,11.909,12.229,12.462,12.309,12.313,11.332,9.049,8.526,8.57,9.837,7.325,9.653,14.444,13.758,12.708,11.78,14.11,15.366,12.02,12.983,8.85,8.974,15.915,8.974,19.502,8.974,35.376,36.387,18.77,35.42,20.009,17.648,45.996,43.13,54.421,40.847,33.179,30.118,30.489,8.974,102.317
P015,1.904,1.439,0.654,1.48,0.954,1.172,1.63,0.926,1.004,1.147,0.819,1.19,2.332,2.877,1.867,2.379,2.286,0.363,2.504,1.737,2.286,1.56,0.307,0.862,1.31,17.698,1.545,2.474,3.219,0.246,1.047,2.301,0.778,2.034,2.825,2.994,2.899,2.82,2.133,2.686,2.47,2.177,1.842,1.571,1.859,2.155,2.461,2.264,2.14,2.225,2.115,2.2,2.553,2.091,2.072,2.052,2.035,1.646,1.692,2.111,1.801,0.79,1.514,0.477,0.636,0.48,1.279,0.703,0.777,0.574,0.34,0.489,0.659,0.325,0.776,0.569,0.735,1.088,0.887,1.016,1.283,1.528,2.363,1.285,1.708,2.16,2.167,1.381,1.016,1.194,1.138,1.865,3.402,2.827,1.282,2.837,2.52,1.99,1.536,1.289,3.159,5.092,4.372,3.779,2.898,3.51,3.908,5.793,3.5,2.911,3.343,3.788,3.759,4.175,6.115,3.206,3.32,5.336,4.407,4.109,4.965,4.584,3.717,3.877,3.704,3.641,3.611,4.965,4.822,4.459,4.459,4.407,4.385,4.851,4.803,5.524,4.335,2.698,4.432,2.149,2.595,3.335,2.947,4.23,4.708,2.298,7.848,7.488,8.733,1.632,7.02,6.035,9.332,8.693,7.488,5.704,8.334,6.977,7.457,7.918,7.55,7.636,7.93,1.284,1.601,2.216,3.394,2.457,1.518,3.394,3.108,2.959,6.485,13.96,0.667,3.394,6.806,0.0,3.394,0.288,0.0,1.264,4.128,1.263,0.288,11.764,1.02,4.047,2.739,4.457,2.003,2.362,10.928,2.362,3.082,1.626,2.123,6.594,5.238,10.34,6.354,5.753,6.073,6.306,7.088,7.093,6.112,3.542,3.019,3.062,4.617,2.105,4.432,9.224,8.538,7.488,6.559,8.89,10.146,6.8,7.763,3.342,2.362,10.838,2.362,14.425,2.362,30.156,31.167,11.394,30.343,14.932,21.153,49.501,46.636,57.926,35.77,28.102,25.041,25.268,2.362,105.822
P016,1.773,3.199,2.762,3.122,3.206,2.529,2.591,3.069,3.156,2.662,3.0,2.705,4.796,4.433,4.331,3.935,3.842,3.306,4.06,3.292,3.842,3.404,3.342,3.326,3.774,18.637,4.008,4.03,4.774,3.487,3.511,3.857,3.242,1.753,1.165,0.604,1.228,1.737,2.752,1.273,1.242,1.334,1.884,2.102,1.652,1.357,1.232,1.333,3.422,3.507,1.507,1.397,1.325,1.42,1.439,1.459,1.533,2.382,2.529,1.4,3.248,2.953,4.119,3.172,3.537,3.423,3.884,3.308,3.119,3.43,3.938,3.345,3.015,3.922,2.919,3.583,3.172,4.126,3.491,3.179,3.887,3.777,3.81,3.066,3.488,3.646,3.653,3.161,3.179,2.975,3.742,2.848,2.443,2.426,3.062,2.436,2.236,2.733,3.317,2.513,2.759,3.652,2.933,2.34,1.939,3.11,2.468,3.378,1.033,0.735,0.876,1.321,2.319,1.707,3.648,0.739,0.345,3.792,2.456,1.841,1.897,2.319,1.448,1.609,1.436,1.373,1.343,1.897,2.667,2.404,2.404,2.456,2.612,2.696,2.059,3.369,2.791,3.271,4.214,2.367,2.813,4.274,3.986,4.011,4.489,2.866,6.303,5.944,7.189,1.879,5.475,4.49,7.787,7.149,5.944,4.159,6.79,5.432,5.301,5.763,5.395,5.481,5.775,2.799,2.337,1.229,0.0,1.468,2.254,0.0,4.664,4.514,8.041,14.899,3.246,0.0,9.683,3.679,0.0,3.886,3.679,3.728,6.732,4.49,3.886,13.32,4.059,6.652,5.343,7.061,3.45,2.866,9.384,2.866,5.686,4.231,3.008,5.155,3.799,8.841,8.958,3.286,3.606,3.839,4.933,4.938,3.957,2.987,3.237,3.28,4.398,3.506,4.214,7.679,6.993,5.944,5.015,7.345,8.601,5.255,5.608,3.072,2.866,13.443,2.866,17.03,2.866,28.001,29.012,9.955,28.331,12.92,22.092,50.44,47.575,58.865,38.374,30.706,27.645,23.724,2.866,106.761
P017,2.163,1.697,0.912,1.738,1.212,1.43,1.888,1.185,1.262,1.405,1.077,1.448,2.59,3.135,2.125,2.638,2.545,0.621,2.762,1.995,2.545,1.819,0.566,1.12,1.568,17.956,1.803,2.733,3.477,0.504,1.306,2.559,1.037,2.292,3.084,3.252,3.158,3.078,2.391,2.944,2.729,2.435,2.101,1.83,2.117,2.413,2.719,2.522,2.399,2.483,2.373,2.458,2.812,2.349,2.33,2.311,2.294,1.905,1.95,2.369,2.059,1.048,1.773,0.736,0.894,0.739,1.538,0.961,1.035,0.833,0.158,0.747,0.917,0.142,1.034,0.827,0.994,1.028,1.145,1.274,1.541,1.786,2.621,1.544,1.966,2.418,2.425,1.639,1.274,1.453,1.396,2.123,3.661,3.085,1.54,3.095,2.778,2.248,1.795,1.547,3.418,5.35,4.631,4.038,3.157,3.769,4.166,6.051,3.758,3.169,3.601,4.046,4.017,4.433,6.374,3.465,3.578,5.595,4.665,4.367,5.224,4.843,3.975,4.136,3.962,3.899,3.87,5.224,5.081,4.717,4.717,4.665,4.644,5.11,5.061,5.782,4.594,2.956,4.691,2.407,2.854,3.593,3.206,4.488,4.966,2.557,8.106,7.746,8.992,1.891,7.278,6.293,9.59,8.952,7.746,5.962,8.592,7.235,7.715,8.176,7.808,7.894,8.188,1.542,1.859,2.474,3.652,2.715,1.776,3.652,3.367,3.217,6.743,14.218,0.925,3.652,6.747,0.422,3.652,0.0,0.422,0.895,4.386,1.204,0.0,12.022,0.961,4.306,2.997,4.715,2.261,2.621,11.187,2.621,3.34,1.885,2.381,6.853,5.496,10.598,6.612,6.011,6.331,6.564,7.347,7.351,6.37,3.8,3.277,3.321,4.876,2.363,4.691,9.482,8.796,7.746,6.818,9.148,10.404,7.058,8.021,3.601,2.621,11.096,2.621,14.684,2.621,30.414,31.425,11.652,30.601,15.191,21.411,49.759,46.894,58.185,36.028,28.36,25.299,25.527,2.621,106.081
P018,1.904,1.439,0.654,1.48,0.954,1.172,1.63,0.926,1.004,1.147,0.819,1.19,2.332,2.877,1.867,2.379,2.286,0.363,2.504,1.737,2.286,1.56,0.307,0.862,1.31,17.698,1.545,2.474,3.219,0.246,1.047,2.301,0.778,2.034,2.825,2.994,2.899,2.82,2.133,2.686,2.47,2.177,1.842,1.571,1.859,2.155,2.461,2.264,2.14,2.225,2.115,2.2,2.553,2.091,2.072,2.052,2.035,1.646,1.692,2.111,1.801,0.79,1.514,0.477,0.636,0.48,1.279,0.703,0.777,0.574,0.34,0.489,0.659,0.325,0.776,0.569,0.735,1.088,0.887,1.016,1.283,1.528,2.363,1.285,1.708,2.16,2.167,1.381,1.016,1.194,1.138,1.865,3.402,2.827,1.282,2.837,2.52,1.99,1.536,1.289,3.159,5.092,4.372,3.779,2.898,3.51,3.908,5.793,3.5,2.911,3.343,3.788,3.759,4.175,6.115,3.206,3.32,5.336,4.407,4.109,4.965,4.584,3.717,3.877,3.704,3.641,3.611,4.965,4.822,4.459,4.459,4.407,4.385,4.851,4.803,5.524,4.335,2.698,4.432,2.149,2.595,3.335,2.947,4.23,4.708,2.298,7.848,7.488,8.733,1.632,7.02,6.035,9.332,8.693,7.488,5.704,8.334,6.977,7.457,7.918,7.55,7.636,7.93,1.284,1.601,2.216,3.394,2.457,1.518,3.394,3.108,2.959,6.485,13.96,0.667,3.394,6.806,0.0,3.394,0.288,0.0,1.264,4.128,1.263,0.288,11.764,1.02,4.047,2.739,4.457,2.003,2.362,10.928,2.362,3.082,1.626,2.123,6.594,5.238,10.34,6.354,5.753,6.073,6.306,7.088,7.093,6.112,3.542,3.019,3.062,4.617,2.105,4.432,9.224,8.538,7.488,6.559,8.89,10.146,6.8,7.763,3.342,2.362,10.838,2.362,14.425,2.362,30.156,31.167,11.394,30.343,14.932,21.153,49.501,46.636,57.926,35.77,28.102,25.041,25.268,2.362,105.822
P019,2.894,1.699,1.644,1.74,1.214,1.432,1.99,1.186,1.264,2.137,1.826,2.18,3.339,3.884,2.874,3.386,3.294,1.37,3.511,2.744,3.294,2.568,1.315,1.869,2.317,18.705,2.552,3.482,4.226,1.253,2.054,3.308,1.786,2.294,3.086,3.254,3.159,3.08,2.393,2.946,2.73,2.823,2.103,1.832,2.849,2.846,2.721,2.524,2.501,2.585,2.375,2.46,2.813,2.909,2.928,2.948,3.025,2.636,2.052,2.889,2.061,1.05,0.302,1.485,1.072,1.488,0.685,0.443,1.213,1.157,0.695,1.243,0.919,0.711,1.036,1.005,1.742,0.748,0.39,0.705,0.689,0.933,2.623,1.042,1.254,2.42,2.427,0.947,0.705,1.133,0.544,2.125,3.663,3.087,1.542,3.097,2.78,2.25,1.796,1.549,3.42,5.352,4.633,4.04,3.159,3.771,4.168,6.782,4.284,3.171,3.806,4.251,4.019,4.638,6.579,3.597,4.31,6.343,5.414,5.116,5.973,5.591,4.724,4.885,4.711,4.648,4.619,5.973,5.83,5.466,5.466,5.414,5.393,5.859,5.81,6.531,5.343,3.705,5.44,3.156,3.603,4.342,3.954,5.237,5.715,3.305,8.855,8.495,9.741,2.622,8.027,7.042,10.339,9.701,8.495,6.711,9.341,7.984,8.464,8.925,8.557,8.643,8.937,2.274,2.591,3.206,3.857,2.717,2.508,3.857,4.116,3.966,5.722,14.967,1.674,3.857,6.655,1.007,3.857,0.853,1.007,0.0,3.534,1.112,0.853,10.657,0.68,3.453,2.145,3.862,2.263,2.623,11.936,2.623,2.488,1.032,2.383,6.854,5.498,9.746,5.759,6.216,6.536,6.769,8.096,8.1,7.119,4.549,4.026,4.07,5.625,3.112,5.44,10.231,9.545,8.495,7.566,9.897,11.153,7.807,8.77,4.35,2.623,10.244,2.623,13.831,2.623,31.163,32.174,11.654,29.749,14.338,22.16,50.508,47.643,58.934,35.176,27.508,24.447,26.276,2.623,106.829
P020,6.03,4.835,4.78,4.876,4.35,4.568,5.127,4.323,4.4,5.273,4.962,5.316,6.475,7.02,6.01,6.523,6.43,4.506,6.647,5.88,6.43,5.704,4.451,5.005,5.453,21.841,5.688,6.618,7.362,4.389,5.191,6.444,4.922,5.43,6.222,6.39,6.295,6.216,5.062,6.082,5.867,5.959,5.239,4.968,5.985,5.982,5.857,5.66,5.637,5.722,5.511,5.596,5.95,6.045,6.064,6.084,6.162,5.773,5.189,6.025,4.434,4.186,3.804,4.621,4.208,4.624,3.368,3.772,4.349,4.293,4.484,4.379,4.055,4.468,4.172,4.141,4.879,4.59,3.955,3.589,3.372,3.817,4.996,3.926,4.138,4.793,4.8,3.831,3.589,4.017,3.427,4.498,5.476,5.46,4.678,5.47,5.449,4.919,4.933,4.304,5.792,8.488,7.769,7.176,6.295,6.143,7.304,9.919,7.42,6.307,6.943,7.387,7.155,7.774,9.715,6.733,7.446,9.48,8.55,8.252,9.109,8.728,7.86,8.021,7.848,7.784,7.755,9.109,8.966,8.602,8.602,8.55,8.529,8.995,8.946,9.667,8.479,6.841,8.576,6.292,6.739,7.478,7.091,8.373,8.851,6.442,11.991,11.632,12.877,5.759,11.163,10.178,13.475,12.837,11.632,9.847,12.478,11.12,11.6,12.061,11.693,11.779,12.073,5.41,5.727,6.342,6.993,5.853,5.644,6.993,7.252,7.102,10.629,18.103,4.81,6.993,9.225,4.143,6.993,4.431,4.143,3.554,0.0,4.954,4.431,15.908,4.523,0.57,1.833,0.329,4.636,4.995,15.072,4.995,3.582,2.522,4.756,9.991,8.634,6.212,2.226,9.352,9.672,9.905,11.232,11.236,10.255,7.685,7.162,7.206,8.761,6.248,8.576,13.367,12.681,11.632,10.703,13.033,14.289,10.943,11.906,7.486,4.995,6.71,4.995,10.297,4.995,34.299,35.31,14.79,26.215,10.804,25.297,53.644,50.779,50.895,31.642,23.974,20.913,29.412,4.995,109.966
P021,3.138,2.442,1.888,2.483,1.957,2.175,2.864,1.93,2.007,2.381,2.053,2.424,3.566,4.111,3.1,3.613,3.52,1.596,3.738,2.97,3.52,2.794,1.541,2.096,2.543,18.931,2.778,3.708,4.452,1.479,2.281,3.535,2.012,3.037,3.829,3.997,3.903,3.823,3.136,3.689,3.474,3.411,2.846,2.575,3.092,3.388,3.464,3.268,3.374,3.459,3.118,3.204,3.557,3.325,3.306,3.286,3.269,2.88,2.926,3.345,2.805,1.793,1.383,1.711,1.87,1.714,2.283,1.186,2.011,1.808,1.256,1.722,1.662,1.24,1.779,1.802,1.969,0.908,1.133,2.019,2.286,2.531,3.366,2.289,2.712,3.163,3.17,2.384,2.019,2.198,2.141,2.869,4.406,3.83,2.285,3.84,3.523,2.993,2.54,2.292,4.163,6.095,5.376,4.783,3.902,4.514,4.911,7.026,4.733,3.914,4.577,5.021,4.762,5.408,7.349,4.44,4.553,6.57,5.641,5.343,6.199,5.818,4.95,5.111,4.938,4.875,4.845,6.199,6.056,5.692,5.692,5.641,5.619,6.085,6.036,6.758,5.569,3.932,5.666,3.382,3.829,4.568,4.181,5.463,5.942,3.532,9.082,8.722,9.967,2.866,8.254,7.269,10.565,9.927,8.722,6.938,9.568,8.21,8.69,9.151,8.783,8.869,9.163,2.518,2.835,3.45,4.628,3.46,2.752,4.628,4.342,4.192,5.481,15.193,1.9,4.628,6.414,1.75,4.628,1.204,1.75,1.154,5.131,0.0,1.204,10.416,0.84,5.051,3.742,5.46,3.006,3.366,12.162,3.366,4.085,2.63,3.126,7.598,6.241,11.343,7.357,6.986,7.306,7.54,8.322,8.326,7.346,4.775,4.253,4.296,5.851,3.338,5.666,10.458,9.771,8.722,7.793,10.123,11.379,8.034,8.996,4.576,3.366,11.841,3.366,15.429,3.366,31.39,32.401,12.397,31.346,15.936,22.387,50.735,47.869,59.16,36.773,29.105,26.044,26.502,3.366,107.056
P022,2.163,1.697,0.912,1.738,1.212,1.43,1.888,1.185,1.262,1.405,1.077,1.448,2.59,3.135,2.125,2.638,2.545,0.621,2.762,1.995,2.545,1.819,0.566,1.12,1.568,17.956,1.803,2.733,3.477,0.504,1.306,2.559,1.037,2.292,3.084,3.252,3.158,3.078,2.391,2.944,2.729,2.435,2.101,1.83,2.117,2.413,2.719,2.522,2.399,2.483,2.373,2.458,2.812,2.349,2.33,2.311,2.294,1.905,1.95,2.369,2.059,1.048,1.773,0.736,0.894,0.739,1.538,0.961,1.035,0.833,0.158,0.747,0.917,0.142,1.034,0.827,0.994,1.028,1.145,1.274,1.541,1.786,2.621,1.544,1.966,2.418,2.425,1.639,1.274,1.453,1.396,2.123,3.661,3.085,1.54,3.095,2.778,2.248,1.795,1.547,3.418,5.35,4.631,4.038,3.157,3.769,4.166,6.051,3.758,3.169,3.601,4.046,4.017,4.433,6.374,3.465,3.578,5.595,4.665,4.367,5.224,4.843,3.975,4.136,3.962,3.899,3.87,5.224,5.081,4.717,4.717,4.665,4.644,5.11,5.061,5.782,4.594,2.956,4.691,2.407,2.854,3.593,3.206,4.488,4.966,2.557,8.106,7.746,8.992,1.891,7.278,6.293,9.59,8.952,7.746,5.962,8.592,7.235,7.715,8.176,7.808,7.894,8.188,1.542,1.859,2.474,3.652,2.715,1.776,3.652,3.367,3.217,6.743,14.218,0.925,3.652,6.747,0.422,3.652,0.0,0.422,0.895,4.386,1.204,0.0,12.022,0.961,4.306,2.997,4.715,2.261,2.621,11.187,2.621,3.34,1.885,2.381,6.853,5.496,10.598,6.612,6.011,6.331,6.564,7.347,7.351,6.37,3.8,3.277,3.321,4.876,2.363,4.691,9.482,8.796,7.746,6.818,9.148,10.404,7.058,8.021,3.601,2.621,11.096,2.621,14.684,2.621,30.414,31.425,11.652,30.601,15.191,21.411,49.759,46.894,58.185,36.028,28.36,25.299,25.527,2.621,106.081
P023,12.393,12.172,11.735,12.096,12.179,12.889,12.119,12.643,12.129,11.636,11.619,11.679,10.072,9.682,9.354,9.751,9.658,11.505,9.671,10.35,9.658,10.778,11.711,11.259,10.024,6.398,10.258,10.267,9.257,11.687,10.849,9.672,11.176,13.751,13.227,13.56,13.301,14.537,13.85,12.805,12.809,12.665,13.559,13.289,12.347,12.643,12.768,12.964,12.629,12.714,13.832,13.028,12.892,12.579,12.56,12.541,12.524,12.135,12.181,12.6,13.518,12.507,10.927,11.881,12.084,11.622,12.996,10.731,12.225,11.978,12.137,11.892,12.376,12.122,12.493,12.286,11.792,10.453,10.678,12.733,13.0,13.245,14.08,13.002,13.425,13.877,13.884,13.098,12.733,12.912,12.855,13.582,15.119,14.544,12.999,14.554,14.237,13.707,13.253,13.006,14.877,16.809,16.09,15.496,14.616,15.228,15.625,14.961,13.988,13.313,13.832,14.276,15.476,14.663,16.604,13.695,13.197,14.07,13.14,13.13,13.699,13.318,12.738,12.898,12.725,12.662,12.632,13.699,13.556,13.192,13.192,13.14,13.119,13.585,13.536,14.257,13.069,11.431,13.166,11.169,11.616,12.068,11.681,12.963,13.441,11.032,16.581,16.222,17.467,12.121,15.753,14.768,18.065,17.427,16.222,14.437,17.068,15.71,16.19,16.651,16.283,16.369,16.663,11.772,12.09,12.705,13.322,13.099,12.006,13.322,9.381,9.232,5.279,10.95,11.445,13.322,10.118,11.921,13.322,12.085,11.921,10.699,15.845,10.416,12.085,0.0,10.385,15.764,14.456,16.174,13.72,14.079,19.662,14.079,13.981,13.343,13.84,18.311,16.955,22.057,18.071,16.241,16.561,16.08,15.822,15.826,14.845,12.562,12.04,12.083,13.351,10.879,13.166,17.957,17.271,16.222,15.293,17.623,18.879,15.533,16.496,12.363,14.079,22.555,14.079,26.142,14.079,38.889,39.901,23.111,42.06,26.649,16.62,44.968,42.102,53.393,47.698,39.819,36.758,34.002,14.079,101.289
P024,2.895,2.01,1.645,2.051,1.525,1.744,2.302,1.498,1.576,2.138,1.81,2.18,3.322,3.868,2.857,3.37,3.277,1.353,3.494,2.727,3.277,2.551,1.298,1.852,2.3,18.688,2.535,3.465,4.209,1.236,2.038,3.292,1.769,2.606,3.397,3.565,3.471,3.391,2.704,3.258,3.042,3.135,2.414,2.143,2.849,3.157,3.033,2.836,2.812,2.897,2.687,2.772,3.125,3.221,3.24,3.043,3.026,2.637,2.364,3.2,2.373,1.361,0.951,1.468,1.383,1.471,1.851,0.755,1.524,1.469,0.749,1.554,1.231,0.765,1.347,1.316,1.726,0.335,0.702,1.587,1.855,2.099,2.934,1.857,2.28,2.732,2.739,1.952,1.587,1.766,1.709,2.437,3.974,3.398,1.853,3.408,3.092,2.561,2.108,1.861,3.731,5.663,4.944,4.351,3.47,4.082,4.479,6.783,4.596,3.482,4.118,4.562,4.33,4.949,6.89,3.909,4.31,6.327,5.397,5.099,5.956,5.575,4.707,4.868,4.695,4.631,4.602,5.956,5.813,5.449,5.449,5.397,5.376,5.842,5.793,6.514,5.326,3.688,5.423,3.139,3.586,4.325,3.938,5.22,5.698,3.289,8.838,8.479,9.724,2.623,8.01,7.025,10.322,9.684,8.479,6.694,9.325,7.967,8.447,8.908,8.54,8.626,8.92,2.274,2.592,3.207,4.169,3.028,2.508,4.169,4.099,3.949,5.45,14.95,1.657,4.169,6.383,1.319,4.169,0.961,1.319,0.722,4.7,0.84,0.961,10.385,0.0,4.619,3.311,5.028,2.574,2.934,11.919,2.934,3.654,2.198,2.694,7.166,5.81,10.912,6.925,6.528,6.848,7.081,8.079,8.083,7.102,4.532,4.01,4.053,5.608,3.095,5.423,10.214,9.528,8.479,7.55,9.88,11.136,7.79,8.753,4.333,2.934,11.41,2.934,14.997,2.934,31.146,32.157,11.966,30.915,15.504,22.144,50.492,47.626,58.917,36.342,28.674,25.613,26.259,2.934,106.813
P025,5.95,4.754,4.7,4.795,4.269,4.488,5.046,4.242,4.32,5.193,4.882,5.236,6.394,6.94,5.93,6.442,6.349,4.425,6.567,5.799,6.349,5.623,4.37,4.925,5.372,21.76,5.607,6.537,7.281,4.309,5.11,6.364,4.841,5.35,6.141,6.309,6.215,6.135,4.981,6.002,5.786,5.879,5.158,4.887,5.904,5.901,5.777,5.58,5.556,5.641,5.431,5.516,5.869,5.965,5.984,6.003,6.081,5.692,5.108,5.944,4.353,4.106,3.723,4.54,4.128,4.543,3.288,3.691,4.268,4.213,4.403,4.298,3.975,4.387,4.091,4.06,4.798,4.51,3.875,3.508,3.291,3.736,4.915,3.845,4.057,4.712,4.719,3.75,3.508,3.936,3.347,4.417,5.396,5.379,4.598,5.389,5.369,4.838,4.852,4.224,5.712,8.407,7.688,7.095,6.214,6.063,7.223,9.838,7.34,6.226,6.862,7.306,7.074,7.693,9.634,6.652,7.365,9.399,8.47,8.172,9.028,8.647,7.779,7.94,7.767,7.704,7.674,9.028,8.885,8.521,8.521,8.47,8.448,8.914,8.866,9.587,8.398,6.761,8.495,6.212,6.658,7.397,7.01,8.293,8.771,6.361,11.911,11.551,12.796,5.678,11.083,10.098,13.394,12.756,11.551,9.767,12.397,11.04,11.519,11.98,11.612,11.698,11.992,5.329,5.647,6.262,6.913,5.772,5.563,6.913,7.171,7.021,10.548,18.022,4.729,6.913,9.144,4.063,6.913,4.351,4.063,3.473,0.57,4.874,4.351,15.827,4.442,0.0,1.752,0.899,4.555,4.915,14.991,4.915,3.502,2.441,4.675,9.91,8.554,6.782,2.796,9.272,9.592,9.825,11.151,11.155,10.175,7.604,7.082,7.125,8.68,6.167,8.495,13.287,12.601,11.551,10.622,12.952,14.209,10.863,11.825,7.405,4.915,7.28,4.915,10.867,4.915,34.219,35.23,14.71,26.785,11.374,25.216,53.564,50.698,51.465,32.212,24.544,21.483,29.331,4.915,109.885
P026,4.641,3.446,3.391,3.487,2.961,3.179,3.738,2.934,3.011,3.884,3.573,3.927,5.086,5.631,4.621,5.134,5.041,3.117,5.258,4.491,5.041,4.315,3.062,3.616,4.064,20.452,4.299,5.229,5.973,3.0,3.802,5.055,3.533,4.041,4.833,5.001,4.907,4.827,3.673,4.693,4.478,4.57,3.85,3.579,4.596,4.593,4.468,4.271,4.248,4.333,4.122,4.207,4.561,4.656,4.675,4.695,4.773,4.384,3.8,4.636,3.045,2.797,2.415,3.232,2.819,3.235,1.979,2.382,2.96,2.905,3.095,2.99,2.666,3.079,2.783,2.752,3.49,3.201,2.567,2.2,1.983,2.428,3.607,2.537,2.749,3.404,3.411,2.442,2.2,2.628,2.038,3.109,4.087,4.071,3.289,4.08,4.06,3.53,3.544,2.915,4.403,7.099,6.38,5.787,4.906,4.754,5.915,8.53,6.032,4.918,5.554,5.998,5.766,6.385,8.326,5.344,6.057,8.091,7.162,6.863,7.72,7.339,6.471,6.632,6.458,6.395,6.366,7.72,7.577,7.213,7.213,7.162,7.14,7.606,7.557,8.278,7.09,5.452,7.187,4.903,5.35,6.089,5.702,6.984,7.462,5.053,10.602,10.242,11.488,4.37,9.774,8.789,12.086,11.448,10.242,8.458,11.088,9.731,10.211,10.672,10.304,10.39,10.684,4.021,4.338,4.953,5.604,4.464,4.255,5.604,5.863,5.713,9.239,16.714,3.421,5.604,7.836,2.754,5.604,3.042,2.754,2.165,1.833,3.565,3.042,14.518,3.134,1.752,0.0,2.161,3.247,3.606,13.683,3.606,2.193,1.133,3.367,8.602,7.245,8.045,4.058,7.963,8.283,8.516,9.843,9.847,8.866,6.296,5.774,5.817,7.372,4.859,7.187,11.978,11.292,10.242,9.314,11.644,12.9,9.554,10.517,6.097,3.606,8.543,3.606,12.13,3.606,32.91,33.921,13.401,28.048,12.637,23.907,52.255,49.39,52.728,33.475,25.807,22.746,28.023,3.606,108.577
P027,6.359,5.164,5.109,5.205,4.679,4.897,5.455,4.651,4.729,5.602,5.291,5.645,6.804,7.349,6.339,6.851,6.758,4.835,6.976,6.209,6.758,6.032,4.779,5.334,5.782,22.17,6.017,6.947,7.691,4.718,5.519,6.773,5.251,5.759,6.55,6.719,6.624,6.545,5.391,6.411,6.195,6.288,5.567,5.297,6.314,6.31,6.186,5.989,5.965,6.05,5.84,5.925,6.278,6.374,6.393,6.412,6.49,6.101,5.517,6.354,4.763,4.515,4.133,4.949,4.537,4.952,3.697,4.1,4.678,4.622,4.812,4.708,4.384,4.797,4.501,4.47,5.207,4.919,4.284,3.917,3.701,4.146,5.324,4.255,4.466,5.122,5.129,4.159,3.917,4.346,3.756,4.827,5.805,5.788,5.007,5.798,5.778,5.248,5.261,4.633,6.121,8.817,8.098,7.504,6.623,6.472,7.633,10.247,7.749,6.636,7.271,7.716,7.484,8.103,10.043,7.062,7.775,9.808,8.879,8.581,9.437,9.056,8.189,8.349,8.176,8.113,8.084,9.437,9.294,8.931,8.931,8.879,8.857,9.324,9.275,9.996,8.807,7.17,8.905,6.621,7.067,7.807,7.419,8.702,9.18,6.77,12.32,11.96,13.205,6.087,11.492,10.507,13.804,13.165,11.96,10.176,12.806,11.449,11.929,12.39,12.022,12.108,12.402,5.739,6.056,6.671,7.322,6.182,5.973,7.322,7.58,7.431,10.957,18.432,5.139,7.322,9.553,4.472,7.322,4.76,4.472,3.882,0.329,5.283,4.76,16.236,4.851,0.899,2.161,0.0,4.964,5.324,15.4,5.324,3.911,2.85,5.084,10.319,8.963,5.883,1.897,9.681,10.001,10.234,11.561,11.565,10.584,8.014,7.491,7.535,9.089,6.577,8.905,13.696,13.01,11.96,11.031,13.362,14.618,11.272,12.235,7.814,5.324,6.381,5.324,9.969,5.324,34.628,35.639,14.627,25.887,10.476,25.625,53.973,51.108,50.566,31.313,23.645,20.584,29.741,5.324,110.294
P028,2.876,1.548,1.625,1.589,1.195,1.281,1.839,1.398,1.246,2.118,2.074,1.696,4.003,4.43,3.538,3.932,3.839,2.034,4.057,3.289,3.839,2.889,1.741,2.533,2.981,19.369,3.216,4.027,4.771,1.917,2.718,3.854,2.45,2.143,2.934,3.049,3.008,1.841,1.205,2.795,2.579,2.672,1.951,1.681,2.83,2.695,2.57,2.373,2.349,2.434,2.224,2.309,2.663,2.758,2.777,2.797,2.871,2.618,1.901,2.738,0.202,1.282,2.448,1.732,1.822,2.151,2.212,1.636,1.448,1.715,2.348,1.63,1.344,2.333,1.247,1.868,1.99,2.455,1.82,1.508,2.216,1.374,0.36,1.039,1.148,0.49,0.497,0.841,1.508,0.948,1.161,0.602,0.874,1.564,0.781,1.573,1.39,1.71,0.799,1.096,1.896,3.857,3.138,2.545,1.511,2.248,2.673,6.764,2.789,3.02,3.394,3.839,2.524,4.226,5.087,2.774,3.79,7.007,6.078,5.226,5.282,5.339,4.834,4.995,4.821,4.758,4.729,5.282,5.577,5.314,5.314,6.078,6.056,5.606,5.445,6.278,6.006,4.369,6.103,3.351,3.798,5.006,4.618,5.901,6.379,3.969,9.519,9.159,10.404,2.604,8.691,7.706,11.002,10.364,9.159,7.375,10.005,8.648,8.211,8.672,8.304,8.39,8.684,2.255,2.572,3.187,3.445,2.566,2.489,3.445,4.661,4.511,8.038,15.631,2.338,3.445,9.63,2.008,3.445,2.296,2.008,2.057,5.061,2.819,2.296,13.317,2.387,4.981,3.672,5.39,0.0,1.099,12.599,1.099,4.015,2.56,0.86,5.359,4.003,9.045,7.287,4.724,5.044,5.277,7.843,7.847,6.866,4.744,4.221,4.265,6.288,3.776,6.103,10.895,10.209,9.159,8.23,10.561,11.817,8.471,8.517,4.545,1.099,11.771,1.099,15.359,1.099,30.91,31.921,10.159,28.536,13.125,22.824,51.172,48.306,59.597,36.703,29.035,25.974,26.939,1.099,107.493
P029,2.743,1.907,1.985,1.949,1.555,1.641,2.199,1.758,1.605,2.478,2.433,2.056,4.362,4.79,3.897,4.292,4.199,2.393,4.417,3.649,4.199,3.248,2.1,2.893,3.34,19.728,3.575,4.387,5.131,2.276,3.078,4.213,2.809,1.879,2.566,2.466,2.64,1.258,0.132,2.427,2.211,2.304,2.009,2.04,2.622,2.326,2.202,2.005,2.709,2.794,1.856,1.941,2.294,2.39,2.409,2.428,2.502,2.977,2.261,2.369,0.898,1.642,2.807,2.092,2.182,2.511,2.572,1.996,1.807,2.075,2.708,1.99,1.703,2.692,1.607,2.228,2.349,2.815,2.18,1.868,2.576,1.733,1.46,1.399,1.508,1.295,1.302,1.201,1.868,1.308,1.521,0.497,0.997,0.98,1.141,0.99,0.806,1.337,0.746,1.455,1.313,3.273,2.554,1.961,0.927,1.664,2.089,6.239,2.205,2.597,2.81,3.255,1.94,3.642,4.503,2.19,3.206,6.652,5.317,4.702,4.758,5.18,4.309,4.47,4.297,4.234,4.204,4.758,5.528,5.265,5.265,5.317,5.473,5.557,4.92,6.23,5.652,4.729,6.463,3.711,4.157,5.365,4.978,6.261,6.739,4.329,9.164,8.805,10.05,2.963,8.336,7.351,10.648,10.01,8.805,7.02,9.65,8.293,8.162,8.623,8.256,8.342,8.636,2.615,2.932,3.547,2.861,2.197,2.849,2.861,5.021,4.871,8.398,15.99,2.697,2.861,9.989,2.368,2.861,2.656,2.368,2.417,5.421,3.179,2.656,13.677,2.747,5.34,4.032,5.75,1.099,0.0,12.245,0.0,4.375,2.919,0.658,4.776,3.419,8.461,7.647,4.14,4.46,4.694,7.795,7.799,6.818,5.104,4.581,4.624,6.648,4.135,6.463,10.54,9.854,8.805,7.876,10.206,11.462,8.116,8.469,4.904,0.0,12.131,0.0,15.718,0.0,30.862,31.873,9.575,27.952,12.541,23.184,51.532,48.666,59.957,37.063,29.395,26.334,26.585,0.0,107.853
P030,11.56,11.339,10.902,11.262,11.346,12.056,11.285,11.81,11.296,10.802,10.786,10.845,11.3,10.87,10.835,10.372,10.28,10.672,10.497,9.73,10.28,9.945,10.877,10.426,10.278,22.753,10.513,10.468,11.212,10.853,10.016,10.294,10.342,11.209,10.621,10.06,10.684,11.193,13.017,10.729,10.697,10.79,12.726,12.455,11.514,10.812,10.688,10.789,11.796,11.88,10.962,10.853,10.78,10.876,10.895,10.914,11.691,11.302,11.347,10.856,12.685,11.674,12.398,11.047,11.251,10.789,12.163,11.587,11.392,11.144,11.304,11.059,11.543,11.289,11.659,11.453,10.959,12.052,11.771,11.9,12.167,12.411,13.247,12.169,12.592,13.044,13.051,12.264,11.9,12.078,12.022,12.749,11.899,11.882,12.166,11.892,11.692,12.873,12.42,12.173,12.215,13.108,12.389,11.796,11.395,12.566,11.924,11.095,10.488,10.191,10.332,10.776,11.775,11.163,12.893,10.195,9.33,5.643,6.979,7.971,7.537,7.156,7.985,7.898,7.998,8.061,8.091,7.537,7.394,7.03,7.03,6.979,6.957,7.423,7.375,8.095,6.644,8.465,8.33,9.048,9.152,8.39,8.103,8.127,8.605,8.671,3.131,3.964,3.11,11.288,3.959,4.944,1.597,3.07,3.964,5.33,2.594,4.324,8.749,7.768,8.842,8.928,7.908,10.939,11.256,9.654,9.456,10.924,11.173,9.456,11.101,10.952,14.478,19.015,10.612,9.456,16.188,11.088,9.456,11.252,11.088,12.148,15.012,12.227,11.252,19.757,11.984,14.931,13.623,15.34,12.886,13.246,0.0,13.246,13.966,12.51,13.007,14.611,13.254,18.296,17.238,12.741,12.446,12.213,7.48,7.484,6.912,7.714,8.441,8.148,8.515,9.088,8.33,1.704,2.914,3.964,5.733,3.266,2.244,4.179,7.099,7.799,13.246,21.722,13.246,25.309,13.246,28.085,29.096,19.41,37.787,22.376,26.209,54.556,51.691,62.982,46.654,38.986,35.925,14.508,13.246,110.878
P031,2.743,1.907,1.985,1.949,1.555,1.641,2.199,1.758,1.605,2.478,2.433,2.056,4.362,4.79,3.897,4.292,4.199,2.393,4.417,3.649,4.199,3.248,2.1,2.893,3.34,19.728,3.575,4.387,5.131,2.276,3.078,4.213,2.809,1.879,2.566,2.466,2.64,1.258,0.132,2.427,2.211,2.304,2.009,2.04,2.622,2.326,2.202,2.005,2.709,2.794,1.856,1.941,2.294,2.39,2.409,2.428,2.502,2.977,2.261,2.369,0.898,1.642,2.807,2.092,2.182,2.511,2.572,1.996,1.807,2.075,2.708,1.99,1.703,2.692,1.607,2.228,2.349,2.815,2.18,1.868,2.576,1.733,1.46,1.399,1.508,1.295,1.302,1.201,1.868,1.308,1.521,0.497,0.997,0.98,1.141,0.99,0.806,1.337,0.746,1.455,1.313,3.273,2.554,1.961,0.927,1.664,2.089,6.239,2.205,2.597,2.81,3.255,1.94,3.642,4.503,2.19,3.206,6.652,5.317,4.702,4.758,5.18,4.309,4.47,4.297,4.234,4.204,4.758,5.528,5.265,5.265,5.317,5.473,5.557,4.92,6.23,5.652,4.729,6.463,3.711,4.157,5.365,4.978,6.261,6.739,4.329,9.164,8.805,10.05,2.963,8.336,7.351,10.648,10.01,8.805,7.02,9.65,8.293,8.162,8.623,8.256,8.342,8.636,2.615,2.932,3.547,2.861,2.197,2.849,2.861,5.021,4.871,8.398,15.99,2.697,2.861,9.989,2.368,2.861,2.656,2.368,2.417,5.421,3.179,2.656,13.677,2.747,5.34,4.032,5.75,1.099,0.0,12.245,0.0,4.375,2.919,0.658,4.776,3.419,8.461,7.647,4.14,4.46,4.694,7.795,7.799,6.818,5.104,4.581,4.624,6.648,4.135,6.463,10.54,9.854,8.805,7.876,10.206,11.462,8.116,8.469,4.904,0.0,12.131,0.0,15.718,0.0,30.862,31.873,9.575,27.952,12.541,23.184,51.532,48.666,59.957,37.063,29.395,26.334,26.585,0.0,107.853
P032,4.965,3.769,3.715,3.81,3.284,3.502,4.061,3.257,3.334,4.207,3.897,4.25,5.409,5.955,4.944,5.457,5.364,3.44,5.581,4.814,5.364,4.638,3.385,3.939,4.387,20.775,4.622,5.552,6.296,3.323,4.125,5.378,3.856,4.364,5.156,5.324,5.23,5.15,3.996,5.016,4.801,4.894,4.173,3.902,4.919,4.916,4.791,4.595,4.571,4.656,4.445,4.53,4.884,4.979,4.998,5.018,5.096,4.707,4.123,4.959,3.368,3.12,2.738,3.555,3.142,3.558,2.302,2.706,3.283,3.228,3.418,3.313,2.989,3.402,3.106,3.075,3.813,3.525,2.89,2.523,2.306,2.751,3.93,2.86,3.072,3.727,3.734,2.765,2.523,2.951,2.361,3.432,4.41,4.394,3.612,4.404,4.383,3.853,3.867,3.238,4.726,7.422,6.703,6.11,5.229,5.077,6.238,8.853,6.355,5.241,5.877,6.321,6.089,6.708,8.649,5.667,6.38,8.414,7.484,7.186,8.043,7.662,6.794,6.955,6.782,6.718,6.689,8.043,7.9,7.536,7.536,7.484,7.463,7.929,7.88,8.601,7.413,5.775,7.51,5.226,5.673,6.412,6.025,7.307,7.785,5.376,10.925,10.566,11.811,4.693,10.097,9.112,12.409,11.771,10.566,8.781,11.412,10.054,10.534,10.995,10.627,10.713,11.007,4.344,4.661,5.276,5.927,4.787,4.578,5.927,6.186,6.036,9.046,17.037,3.744,5.927,7.788,3.078,5.927,3.365,3.078,2.488,3.612,3.889,3.365,13.981,3.457,3.531,2.223,3.941,3.57,3.929,14.006,3.929,0.0,1.456,3.69,8.925,7.568,9.824,5.838,8.286,8.606,8.839,10.166,10.17,9.189,6.619,6.096,6.14,7.695,5.182,7.51,12.302,11.615,10.566,9.637,11.967,13.223,9.877,10.84,6.42,3.929,10.322,3.929,13.91,3.929,33.233,34.245,13.724,29.827,14.416,24.231,52.578,49.713,54.507,35.254,27.586,24.525,28.346,3.929,108.9
P033,3.509,2.313,2.259,2.355,1.829,2.047,2.605,1.801,1.879,2.752,2.441,2.795,3.954,4.499,3.489,4.001,3.908,1.985,4.126,3.358,3.908,3.182,1.929,2.484,2.932,19.32,3.167,4.096,4.841,1.868,2.669,3.923,2.4,2.909,3.7,3.868,3.774,3.694,2.541,3.561,3.345,3.438,2.717,2.446,3.464,3.46,3.336,3.139,3.115,3.2,2.99,3.075,3.428,3.524,3.543,3.562,3.64,3.251,2.667,3.504,1.913,1.665,1.282,2.099,1.687,2.102,0.847,1.25,1.828,1.772,1.962,1.857,1.534,1.946,1.65,1.619,2.357,2.069,1.434,1.067,0.85,1.296,2.474,1.405,1.616,2.271,2.278,1.309,1.067,1.496,0.906,1.977,2.955,2.938,2.157,2.948,2.928,2.397,2.411,1.783,3.271,5.966,5.247,4.654,3.773,3.622,4.782,7.397,4.899,3.786,4.421,4.866,4.634,5.253,7.193,4.212,4.925,6.958,6.029,5.731,6.587,6.206,5.339,5.499,5.326,5.263,5.233,6.587,6.444,6.08,6.08,6.029,6.007,6.473,6.425,7.146,5.957,4.32,6.054,3.771,4.217,4.957,4.569,5.852,6.33,3.92,9.47,9.11,10.355,3.237,8.642,7.657,10.953,10.315,9.11,7.326,9.956,8.599,9.079,9.54,9.172,9.258,9.552,2.889,3.206,3.821,4.472,3.332,3.123,4.472,4.73,4.581,8.107,15.582,2.289,4.472,7.07,1.622,4.472,1.91,1.622,1.032,2.502,2.433,1.91,13.386,2.001,2.421,1.113,2.83,2.114,2.474,12.55,2.474,1.456,0.0,2.234,7.469,6.113,8.714,4.727,6.831,7.151,7.384,8.71,8.715,7.734,5.163,4.641,4.684,6.239,3.727,6.054,10.846,10.16,9.11,8.181,10.512,11.768,8.422,9.385,4.964,2.474,9.212,2.474,12.799,2.474,31.778,32.789,12.269,28.717,13.306,22.775,51.123,48.257,53.397,34.144,26.476,23.415,26.89,2.474,107.444
P034,2.996,1.668,1.746,1.709,1.315,1.401,1.96,1.518,1.366,2.239,2.194,1.816,4.123,4.55,3.658,4.052,3.959,2.154,4.177,3.409,3.959,3.009,1.861,2.653,3.101,19.489,3.336,4.147,4.892,2.037,2.838,3.974,2.57,2.021,2.708,2.608,2.782,1.4,0.764,2.569,2.353,2.446,2.072,1.801,2.95,2.469,2.344,2.147,2.47,2.554,1.998,2.083,2.436,2.532,2.551,2.571,2.644,2.738,2.021,2.512,0.658,1.402,2.568,1.852,1.942,2.271,2.333,1.756,1.568,1.835,2.469,1.75,1.464,2.453,1.367,1.988,2.11,2.575,1.94,1.628,2.336,1.494,1.22,1.159,1.268,1.056,1.063,0.961,1.628,1.068,1.281,0.258,1.139,1.122,0.902,1.132,0.949,1.479,0.919,1.216,1.455,3.415,2.696,2.103,1.069,1.806,2.231,6.381,2.348,2.739,2.953,3.397,2.082,3.784,4.645,2.332,3.349,7.127,6.198,4.844,4.9,5.323,4.452,4.612,4.439,4.376,4.346,4.9,5.697,5.434,5.434,6.198,6.176,5.726,5.063,6.398,6.126,4.489,6.224,3.471,3.918,5.126,4.738,6.021,6.499,4.089,9.639,9.279,10.524,2.724,8.811,7.826,11.123,10.485,9.279,7.495,10.125,8.768,8.331,8.792,8.424,8.51,8.804,2.375,2.693,3.308,3.003,2.34,2.609,3.003,4.781,4.632,8.158,15.751,2.458,3.003,9.75,2.128,3.003,2.416,2.128,2.177,5.181,2.939,2.416,13.437,2.507,5.101,3.792,5.51,0.86,0.658,12.72,0.658,4.135,2.68,0.0,4.918,3.562,8.604,7.407,4.283,4.603,4.836,7.963,7.967,6.986,4.864,4.341,4.385,6.408,3.896,6.224,11.015,10.329,9.279,8.35,10.681,11.937,8.591,8.637,4.665,0.658,11.892,0.658,15.479,0.658,31.03,32.042,9.718,28.094,12.683,22.944,51.292,48.427,59.718,36.823,29.155,26.094,27.06,0.658,107.613
P035,5.548,6.279,6.228,5.531,5.798,5.46,6.143,6.001,5.848,6.721,6.676,6.764,8.605,9.033,8.141,8.535,8.442,6.636,8.659,7.892,8.442,7.491,6.343,7.136,7.583,23.802,7.818,8.63,9.374,6.519,7.321,8.457,7.052,4.685,5.33,4.769,5.394,3.791,4.639,5.232,5.017,5.109,4.815,5.034,5.428,5.132,5.007,4.811,6.973,7.058,4.662,4.747,5.1,5.196,5.215,5.234,5.308,5.934,6.081,5.175,5.136,5.885,7.05,6.335,6.425,6.754,6.815,6.239,6.05,6.318,6.951,6.232,5.946,6.935,5.85,6.471,6.593,7.058,6.423,6.111,6.819,6.708,5.697,5.997,6.42,5.533,5.54,6.093,6.111,5.906,6.674,4.735,4.33,3.697,5.379,3.707,4.124,4.62,5.397,5.445,3.03,1.498,2.263,2.81,3.826,2.679,2.682,5.404,4.509,4.901,5.114,5.429,3.022,4.432,3.914,4.494,5.51,8.956,7.62,7.005,7.061,7.484,6.613,6.774,6.601,6.537,6.508,7.061,7.832,7.569,7.569,7.62,7.777,7.861,7.224,8.534,7.955,8.972,9.378,7.532,7.978,9.438,9.151,9.176,9.654,8.572,11.468,11.108,12.354,5.654,10.64,9.655,12.952,12.314,11.108,9.324,11.954,10.597,10.466,10.927,10.559,10.645,10.939,6.858,5.888,6.394,5.165,5.003,5.805,5.165,9.264,9.114,12.641,20.064,6.941,5.165,14.232,6.611,5.165,6.899,6.611,6.66,9.664,7.422,6.899,17.92,6.99,9.583,8.275,9.993,5.337,4.753,14.549,4.753,8.618,7.162,4.896,0.0,1.399,4.582,8.197,3.551,3.871,4.104,10.098,10.102,9.122,8.152,8.402,8.445,9.563,8.378,9.378,12.844,12.158,11.108,10.18,12.51,13.766,10.42,10.772,8.237,4.753,15.107,4.753,18.694,4.753,33.166,34.177,5.696,24.072,8.662,27.257,55.605,52.739,64.03,40.039,32.371,29.31,28.889,4.753,111.926
P036,4.149,4.88,4.829,4.131,4.399,4.061,4.743,4.601,4.449,5.322,5.277,5.365,7.206,7.633,6.741,7.135,7.043,5.237,7.26,6.493,7.043,6.092,4.944,5.736,6.184,22.402,6.419,7.231,7.975,5.12,5.922,7.057,5.653,3.285,3.931,3.37,3.994,2.391,3.24,3.833,3.617,3.71,3.416,3.635,4.028,3.733,3.608,3.411,5.574,5.659,3.262,3.347,3.7,3.796,3.815,3.835,3.909,4.534,4.681,3.776,3.736,4.486,5.651,4.935,5.025,5.355,5.416,4.84,4.651,4.919,5.552,4.833,4.547,5.536,4.451,5.071,5.193,5.659,5.024,4.712,5.42,5.309,4.298,4.598,5.021,4.134,4.141,4.693,4.712,4.507,5.274,3.336,2.931,2.915,3.98,2.924,2.724,3.221,3.998,4.046,1.696,0.099,0.863,1.411,2.427,1.345,1.283,4.004,3.11,3.501,3.715,4.03,1.623,3.033,2.514,3.094,4.111,7.557,6.221,5.606,5.662,6.085,5.214,5.374,5.201,5.138,5.109,5.662,6.433,6.17,6.17,6.221,6.377,6.462,5.825,7.134,6.556,7.572,7.979,6.132,6.579,8.039,7.752,7.776,8.255,7.173,10.069,9.709,10.954,4.255,9.241,8.256,11.552,10.914,9.709,7.925,10.555,9.198,9.067,9.528,9.16,9.246,9.54,5.459,4.489,4.995,3.765,3.604,4.406,3.765,7.865,7.715,11.241,18.664,5.541,3.765,12.833,5.212,3.765,5.499,5.212,5.26,8.265,6.023,5.499,16.52,5.591,8.184,6.876,8.593,3.938,3.354,13.149,3.354,7.218,5.763,3.496,1.421,0.0,5.107,8.722,2.152,2.472,2.705,8.699,8.703,7.722,6.752,7.003,7.046,8.164,6.979,7.979,11.445,10.759,9.709,8.78,11.111,12.367,9.021,9.373,6.838,3.354,14.975,3.354,18.562,3.354,31.766,32.777,6.221,24.598,9.187,25.858,54.206,51.34,62.631,39.907,32.239,29.178,27.489,3.354,110.527
P037,9.234,9.965,9.914,9.216,9.484,9.146,9.828,9.687,9.534,10.407,10.362,10.45,12.687,13.232,12.222,12.735,12.642,10.718,12.859,12.092,12.642,11.177,10.663,11.217,11.665,28.053,11.9,12.83,13.574,10.601,11.403,12.656,11.134,8.371,9.016,8.455,9.079,7.476,8.325,8.918,8.703,8.795,8.501,8.72,9.113,8.818,8.693,8.496,10.659,10.744,8.347,8.432,8.786,8.881,8.9,8.92,8.994,9.62,9.767,8.861,8.821,9.571,10.016,10.021,10.42,10.836,9.58,9.983,10.561,10.505,10.696,9.918,9.632,10.68,9.536,10.353,10.278,10.803,10.168,9.801,9.584,10.029,9.383,9.683,10.35,9.219,9.226,10.043,9.801,9.592,9.639,8.421,8.016,7.383,9.065,7.393,7.809,8.306,9.083,9.131,6.716,5.184,5.948,6.496,7.512,6.365,6.368,9.089,8.195,8.586,8.8,9.115,6.708,8.118,7.599,8.18,9.196,12.642,11.306,10.691,10.747,11.17,10.299,10.46,10.286,10.223,10.194,10.747,11.518,11.255,11.255,11.306,11.463,11.547,10.91,12.219,11.641,13.053,13.064,11.217,11.664,13.69,13.303,12.862,13.34,12.654,15.154,14.794,16.039,9.34,14.326,13.341,16.637,15.999,14.794,13.01,15.64,14.283,14.152,14.613,14.245,14.331,14.625,10.544,9.574,10.08,8.851,8.689,9.491,8.851,13.464,13.314,16.84,24.315,11.022,8.851,15.437,10.355,8.851,10.643,10.355,9.766,6.212,11.166,10.643,22.119,10.735,6.782,8.045,5.883,9.023,8.439,18.234,8.439,9.794,8.733,8.581,4.582,5.085,0.0,3.986,7.237,7.557,7.79,13.784,13.788,12.807,11.837,12.088,12.131,13.249,12.46,13.064,16.53,15.844,14.794,13.865,16.196,17.452,14.106,14.458,11.923,8.439,10.896,8.439,14.484,8.439,36.851,37.862,9.115,20.374,4.964,31.509,46.794,56.991,55.081,35.828,28.16,25.099,32.575,8.439,116.178
P038,8.256,7.061,7.006,7.102,6.576,6.794,7.352,6.548,6.626,7.499,7.188,7.542,8.701,9.246,8.236,8.748,8.655,6.732,8.873,8.106,8.655,7.929,6.676,7.231,7.679,24.067,7.914,8.844,9.588,6.615,7.416,8.67,7.148,7.656,8.447,8.616,8.521,8.441,7.288,8.308,8.092,8.185,7.464,7.194,8.211,8.207,8.083,7.886,7.862,7.947,7.737,7.822,8.175,8.271,8.29,8.309,8.387,7.998,7.414,8.251,6.66,6.412,6.03,6.846,6.434,6.849,5.594,5.997,6.575,6.519,6.709,6.605,6.281,6.694,6.398,6.367,7.104,6.816,6.181,5.814,5.598,6.043,7.221,6.152,6.364,7.019,7.026,6.056,5.814,6.243,5.653,6.724,7.702,7.685,6.904,7.695,7.675,7.145,7.158,6.53,8.018,8.799,9.995,9.401,8.52,8.369,9.53,12.144,9.646,8.533,9.168,9.613,9.381,10.0,11.215,8.959,9.672,11.705,10.776,10.478,11.334,10.953,10.086,10.246,10.073,10.01,9.981,11.334,11.191,10.828,10.828,10.776,10.754,11.221,11.172,11.893,10.704,9.067,10.802,8.518,8.964,9.704,9.316,10.599,11.077,8.667,14.217,13.857,15.102,7.984,13.389,12.404,15.701,15.062,13.857,12.073,14.703,13.346,13.826,14.287,13.919,14.005,14.299,7.636,7.953,8.568,9.219,8.079,7.87,9.219,9.477,9.328,12.854,20.329,7.036,9.219,11.45,6.369,9.219,6.657,6.369,5.779,2.226,7.18,6.657,18.133,6.748,2.796,4.058,1.897,6.861,7.221,17.297,7.221,5.808,4.747,6.981,8.197,8.7,3.986,0.0,10.852,11.172,11.405,13.458,13.462,12.481,9.911,9.388,9.431,10.986,8.474,10.802,15.593,14.907,13.857,12.928,15.259,16.515,13.169,14.132,9.711,7.221,6.91,7.221,10.497,7.221,36.525,37.536,12.73,23.989,8.579,27.522,42.807,53.005,51.095,31.842,24.174,21.113,31.638,7.221,112.191
P039,4.112,5.538,5.101,5.462,5.545,4.868,4.931,5.409,5.495,5.002,5.339,5.045,7.135,7.433,6.67,6.935,6.843,5.645,7.06,6.293,6.843,5.892,5.681,5.665,6.113,21.974,6.348,7.031,7.775,5.827,5.851,6.857,5.582,4.093,3.504,2.943,3.567,3.16,4.008,3.613,3.581,3.674,4.223,4.442,3.992,3.696,3.571,3.673,5.761,5.846,3.846,3.737,3.664,3.76,3.779,3.798,3.872,4.722,4.869,3.739,4.505,5.293,6.458,5.511,5.876,5.763,6.223,5.647,5.458,5.769,6.278,5.684,5.354,6.262,5.258,5.922,5.512,6.466,5.831,5.519,6.227,6.116,5.067,5.405,5.828,4.902,4.91,5.5,5.519,5.314,6.082,4.104,3.7,3.683,4.748,3.693,3.493,3.99,4.766,4.853,3.785,2.253,3.017,2.412,3.196,3.434,2.54,1.853,2.672,3.075,2.575,2.685,2.2,1.688,0.363,3.079,3.653,7.129,5.793,5.178,5.234,5.657,4.786,4.946,4.773,4.71,4.681,5.234,6.005,5.742,5.742,5.793,5.949,6.034,5.397,6.706,6.128,6.608,7.551,5.704,6.151,7.611,7.324,7.348,7.827,6.204,9.641,9.281,10.526,4.218,8.813,7.828,11.124,10.486,9.281,7.497,10.127,8.77,8.639,9.1,8.732,8.818,9.112,5.138,4.676,4.537,3.308,3.807,4.593,3.308,7.665,7.515,11.041,18.236,5.586,3.308,12.023,6.019,3.308,6.225,6.019,6.067,9.072,6.83,6.225,16.32,6.398,8.991,7.683,9.4,4.707,4.123,12.721,4.123,8.026,6.57,4.265,3.51,2.154,7.196,10.811,0.0,0.32,0.553,8.271,8.275,7.294,6.324,6.575,6.618,7.736,6.661,7.551,11.017,10.331,9.281,8.352,10.682,11.939,8.593,8.945,6.41,4.123,15.782,4.123,19.369,4.123,31.338,32.349,8.31,26.686,11.276,25.43,53.778,50.912,62.203,40.714,33.046,29.985,27.061,4.123,110.099
P040,4.432,5.858,5.421,5.782,5.865,5.188,5.25,5.729,5.815,5.322,5.659,5.365,7.455,7.45,6.99,6.952,6.859,5.965,7.077,6.31,6.859,6.212,6.001,5.985,6.433,21.654,6.668,7.048,7.792,6.147,6.171,6.874,5.902,4.413,3.825,3.263,3.887,3.48,4.328,3.933,3.901,3.994,4.543,4.762,4.312,4.016,3.892,3.993,6.081,6.166,4.166,4.057,3.984,4.08,4.099,4.118,4.192,5.042,5.189,4.059,4.825,5.613,6.778,5.831,6.196,6.082,6.543,5.967,5.778,6.089,6.598,6.004,5.674,6.582,5.578,6.242,5.832,6.786,6.151,5.839,6.547,6.436,5.387,5.725,6.148,5.223,5.23,5.82,5.839,5.634,6.402,4.424,4.02,4.003,5.068,4.013,3.813,4.31,5.086,5.173,4.105,2.573,3.337,2.732,3.516,3.754,2.86,1.532,2.992,3.394,2.895,3.005,2.52,2.008,0.447,3.399,3.973,6.809,5.473,4.858,4.914,5.337,4.466,4.626,4.453,4.39,4.361,4.914,5.685,5.422,5.422,5.473,5.629,5.714,5.077,6.386,5.808,6.288,7.231,5.384,5.831,7.291,7.004,7.028,7.507,5.883,9.321,8.961,10.206,4.538,8.493,7.508,10.804,10.166,8.961,7.177,9.807,8.45,8.319,8.78,8.412,8.498,8.792,5.458,4.997,4.887,3.628,4.127,4.913,3.628,7.681,7.532,11.058,17.916,5.906,3.628,12.343,6.339,3.628,6.545,6.339,6.388,9.392,7.15,6.545,16.337,6.718,9.311,8.003,9.72,5.027,4.443,12.401,4.443,8.346,6.89,4.585,3.83,2.474,7.516,11.131,0.32,0.0,0.233,7.951,7.955,6.974,6.004,6.255,6.298,7.416,6.523,7.231,10.697,10.011,8.961,8.032,10.363,11.619,8.273,8.625,6.09,4.443,16.102,4.443,19.689,4.443,31.018,32.029,8.63,27.006,11.596,25.11,53.458,50.592,61.883,41.034,33.366,30.305,26.741,4.443,109.779
P041,4.665,6.091,5.654,6.015,6.099,5.421,5.484,5.962,6.048,5.555,5.892,5.598,7.647,7.217,7.182,6.719,6.626,6.198,6.844,6.077,6.626,6.189,6.234,6.218,6.625,21.421,6.86,6.814,7.559,6.38,6.363,6.641,6.135,4.646,4.058,3.497,4.121,3.713,4.562,4.166,4.134,4.227,4.776,4.995,4.545,4.249,4.125,4.226,6.315,6.399,4.399,4.29,4.217,4.313,4.332,4.351,4.425,5.275,5.422,4.293,5.058,5.846,7.011,6.064,6.429,6.316,6.776,6.2,6.011,6.322,6.831,6.237,5.907,6.815,5.811,6.475,6.065,7.019,6.384,6.072,6.78,6.669,5.62,5.958,6.381,5.456,5.463,6.053,6.072,5.867,6.635,4.657,4.253,4.236,5.302,4.246,4.046,4.543,5.319,5.406,4.338,2.806,3.57,2.965,3.749,3.987,3.093,1.299,3.225,3.628,3.128,3.238,2.753,2.241,0.68,3.632,4.206,6.576,5.24,4.625,4.681,5.104,4.233,4.393,4.22,4.157,4.127,4.681,5.452,5.189,5.189,5.24,5.396,5.481,4.843,6.153,5.575,6.055,6.998,5.151,5.598,7.058,6.771,6.795,7.273,5.65,9.088,8.728,9.973,4.771,8.259,7.274,10.571,9.933,8.728,6.944,9.574,8.216,8.086,8.547,8.179,8.265,8.559,5.692,5.23,4.654,3.861,4.36,5.146,3.861,7.448,7.299,10.825,17.683,6.139,3.861,12.535,6.572,3.861,6.778,6.572,6.621,9.625,7.383,6.778,16.104,6.951,9.544,8.236,9.954,5.26,4.676,12.168,4.676,8.579,7.123,4.818,4.064,2.707,7.749,11.364,0.553,0.233,0.0,7.718,7.722,6.741,5.771,6.021,6.065,7.183,6.29,6.998,10.464,9.777,8.728,7.799,10.129,11.385,8.039,8.392,5.857,4.676,16.335,4.676,19.922,4.676,30.785,31.796,8.863,27.24,11.829,24.877,53.224,50.359,61.65,41.267,33.599,30.538,26.508,4.676,109.546
P042,6.607,6.639,6.202,6.562,6.646,7.011,6.558,7.92,6.596,6.102,6.086,6.145,7.41,6.98,6.945,6.482,6.389,6.781,6.607,5.839,6.389,6.054,6.987,6.535,6.388,18.863,6.623,6.577,7.321,6.963,6.125,6.404,6.452,6.708,6.12,5.559,6.183,6.692,7.706,6.228,6.196,6.289,6.838,7.411,6.561,6.311,6.187,6.288,7.096,7.181,6.461,6.352,6.279,6.375,6.394,6.413,6.487,6.349,6.496,6.354,7.64,7.783,8.508,6.258,7.361,6.899,8.273,7.696,7.501,7.254,7.414,7.168,7.652,7.398,7.769,7.562,6.258,8.161,7.88,8.009,8.276,8.521,8.202,7.125,7.547,7.999,8.006,7.22,8.009,7.034,8.131,7.704,7.397,7.381,7.121,7.391,7.191,7.829,7.375,7.128,7.714,8.607,7.888,7.295,6.894,8.065,7.423,6.593,5.987,5.69,5.83,6.275,7.274,6.662,8.392,5.694,4.829,2.97,2.682,3.47,3.036,2.655,3.484,3.397,3.497,3.56,3.59,3.036,2.409,2.63,2.63,2.682,2.838,2.237,2.873,1.565,3.016,4.574,4.439,4.484,4.544,4.499,4.212,4.237,4.715,4.781,4.349,3.989,5.234,6.335,3.521,2.536,5.832,5.194,3.989,2.658,4.835,3.478,1.269,1.73,1.362,1.448,1.742,6.239,6.303,5.153,4.955,6.423,6.22,4.955,7.211,7.061,10.588,15.124,6.722,4.955,12.297,7.197,4.955,7.361,7.197,8.257,11.121,8.337,7.361,15.867,8.093,11.04,9.732,11.45,7.842,7.82,7.429,7.82,10.075,8.62,7.962,10.11,8.753,13.795,13.347,8.24,7.945,7.712,0.0,0.004,0.977,3.213,3.94,3.647,4.624,5.197,4.439,5.725,5.039,3.989,1.747,5.391,6.647,3.301,1.575,3.298,7.82,17.831,7.82,21.419,7.82,23.968,24.979,14.909,33.286,17.875,22.318,50.666,47.8,59.091,42.763,35.095,32.034,21.769,7.82,106.987
P043,6.611,6.643,6.206,6.567,6.65,7.015,6.562,7.924,6.6,6.107,6.09,6.149,7.414,6.984,6.949,6.486,6.393,6.785,6.611,5.843,6.393,6.058,6.991,6.539,6.392,18.867,6.627,6.581,7.325,6.967,6.13,6.408,6.456,6.712,6.124,5.563,6.187,6.696,7.71,6.232,6.2,6.293,6.842,7.415,6.565,6.315,6.191,6.292,7.1,7.185,6.465,6.356,6.283,6.379,6.398,6.417,6.491,6.353,6.5,6.359,7.644,7.787,8.512,6.262,7.365,6.903,8.277,7.7,7.506,7.258,7.418,7.173,7.657,7.402,7.773,7.566,6.263,8.165,7.884,8.013,8.28,8.525,8.206,7.129,7.551,8.003,8.01,7.224,8.013,7.038,8.135,7.708,7.402,7.385,7.125,7.395,7.195,7.833,7.38,7.132,7.718,8.611,7.892,7.299,6.898,8.069,7.427,6.598,5.991,5.694,5.835,6.279,7.278,6.666,8.396,5.698,4.833,2.975,2.686,3.474,3.04,2.659,3.488,3.401,3.501,3.564,3.594,3.04,2.414,2.634,2.634,2.686,2.842,2.241,2.878,1.569,3.021,4.579,4.444,4.488,4.548,4.504,4.216,4.241,4.719,4.785,4.353,3.993,5.239,6.339,3.525,2.54,5.837,5.199,3.993,2.662,4.839,3.482,1.265,1.726,1.358,1.444,1.738,6.243,6.308,5.157,4.959,6.427,6.224,4.959,7.215,7.066,10.592,15.129,6.726,4.959,12.302,7.202,4.959,7.365,7.202,8.261,11.125,8.341,7.365,15.871,8.098,11.045,9.736,11.454,7.846,7.824,7.434,7.824,10.079,8.624,7.966,10.114,8.757,13.799,13.351,8.244,7.949,7.716,0.004,0.0,0.981,3.217,3.944,3.651,4.628,5.201,4.444,5.729,5.043,3.993,1.752,5.395,6.651,3.305,1.571,3.303,7.824,17.835,7.824,21.423,7.824,23.964,24.975,14.913,33.29,17.879,22.322,50.67,47.805,59.095,42.767,35.099,32.038,21.774,7.824,106.991
P044,5.63,5.662,5.225,5.586,5.67,6.035,5.581,6.943,5.619,5.126,5.109,5.169,6.433,6.003,5.968,5.505,5.412,5.804,5.63,4.862,5.412,5.077,6.01,5.559,5.411,17.886,5.646,5.6,6.345,5.986,5.149,5.427,5.475,5.731,5.143,4.582,5.206,5.715,6.729,5.251,5.219,5.312,5.861,6.434,5.585,5.335,5.21,5.311,6.119,6.204,5.484,5.375,5.302,5.398,5.417,5.437,5.511,5.372,5.519,5.378,6.664,6.806,7.531,5.281,6.384,5.922,7.296,6.72,6.525,6.277,6.437,6.192,6.676,6.421,6.792,6.585,5.282,7.185,6.904,7.032,7.3,7.544,7.225,6.148,6.571,7.022,7.029,6.243,7.032,6.057,7.154,6.728,6.421,6.404,6.144,6.414,6.214,6.852,6.399,6.151,6.737,7.63,6.911,6.318,5.917,7.088,6.446,5.617,5.01,4.713,4.854,5.298,6.297,5.685,7.415,4.717,3.853,3.041,1.705,2.493,2.059,1.678,2.508,2.42,2.52,2.583,2.613,2.059,1.433,1.653,1.653,1.705,1.861,1.26,1.897,0.588,2.04,3.598,3.463,3.507,3.567,3.523,3.236,3.26,3.738,3.804,3.781,3.421,4.667,5.358,2.953,1.968,5.265,4.627,3.421,2.09,4.268,2.91,2.246,2.707,2.339,2.425,2.719,5.263,5.327,4.176,3.978,5.446,5.243,3.978,6.234,6.085,9.611,14.148,5.745,3.978,11.321,6.221,3.978,6.385,6.221,7.281,10.145,7.36,6.385,14.89,7.117,10.064,8.755,10.473,6.865,6.844,6.862,6.844,9.098,7.643,6.985,9.133,7.777,12.819,12.37,7.263,6.968,6.735,0.977,0.981,0.0,2.236,2.963,2.67,3.647,4.22,3.463,5.157,4.471,3.421,1.18,4.823,6.079,2.733,2.552,2.322,6.844,16.855,6.844,20.442,6.844,24.945,25.956,13.932,32.309,16.898,21.341,49.689,46.824,58.115,41.787,34.119,31.058,21.202,6.844,106.01
P045,3.76,3.54,3.103,3.463,3.547,3.912,3.486,3.897,3.497,3.003,2.986,3.046,4.157,3.726,3.692,3.229,3.136,3.22,3.353,2.586,3.136,2.698,3.426,2.974,3.134,16.916,3.369,3.324,4.068,3.401,2.872,3.15,2.891,4.774,4.173,3.612,4.236,4.745,4.873,4.172,4.176,4.033,4.582,4.311,3.715,4.011,4.135,4.341,3.996,4.081,4.855,4.405,4.259,3.947,3.928,3.909,3.892,3.502,3.548,3.967,4.541,3.781,4.946,3.159,3.524,3.337,4.711,4.135,3.664,3.417,3.852,3.332,3.842,3.837,3.746,3.57,3.159,4.6,4.319,4.007,4.715,4.96,5.103,4.025,4.448,4.9,4.907,4.121,4.007,3.934,4.57,4.605,5.451,5.434,4.022,5.444,5.244,4.73,4.276,4.029,5.767,6.66,5.941,5.348,4.947,6.118,5.476,4.647,4.04,3.743,3.884,4.328,5.327,4.715,6.445,3.747,2.883,2.071,0.735,1.523,1.089,0.708,1.538,1.45,1.55,1.613,1.643,1.089,0.946,0.683,0.683,0.735,0.891,0.976,0.927,1.648,1.07,2.628,2.493,1.385,1.445,2.553,2.266,2.29,2.768,1.551,4.582,4.223,5.468,3.489,3.754,2.769,6.066,5.428,4.223,2.438,5.069,3.711,3.581,4.042,3.674,3.76,4.054,3.14,3.457,3.206,3.008,4.476,3.374,3.008,3.958,3.808,7.335,13.178,3.16,3.008,9.044,3.636,3.008,3.8,3.636,4.696,7.56,4.775,3.8,12.614,4.532,7.479,6.171,7.889,4.743,5.102,7.663,5.102,6.514,5.058,4.863,8.163,6.807,11.849,9.786,6.293,5.998,5.765,3.213,3.217,2.236,0.0,0.841,0.548,2.678,3.25,2.493,5.959,5.272,4.223,3.294,5.624,6.88,3.534,3.887,0.199,5.102,14.27,5.102,17.857,5.102,26.28,27.291,12.963,31.339,15.928,20.371,48.719,45.854,57.145,39.202,31.534,28.473,22.003,5.102,105.04
P046,3.238,3.018,2.58,2.941,3.025,3.389,2.964,3.374,2.974,2.481,2.464,2.524,3.634,3.204,3.169,2.706,2.613,2.697,2.831,2.063,2.613,2.176,2.903,2.452,2.612,16.351,2.847,2.801,3.546,2.879,2.35,2.628,2.368,4.252,4.073,3.895,4.146,5.037,4.35,3.65,3.654,3.511,4.06,3.789,3.192,3.488,3.613,3.809,3.474,3.559,4.332,3.874,3.737,3.425,3.406,3.386,3.369,2.98,3.026,3.445,4.019,3.258,4.424,2.636,3.001,2.815,4.189,3.613,3.142,2.894,3.33,2.809,3.32,3.314,3.224,3.047,2.637,4.078,3.797,3.484,4.193,4.437,4.58,3.503,3.926,4.377,4.385,3.598,3.484,3.412,4.047,4.083,5.62,5.044,3.499,5.054,4.737,4.207,3.754,3.506,5.377,6.943,6.224,5.631,5.116,5.728,5.759,4.93,4.324,4.026,4.167,4.612,5.611,4.998,6.728,4.03,3.166,2.798,1.462,1.483,1.817,1.436,1.339,1.178,1.352,1.415,1.444,1.817,1.674,1.411,1.411,1.462,1.619,1.703,1.654,2.375,1.797,1.433,3.22,0.862,0.922,1.988,1.7,3.018,3.496,1.029,5.31,4.95,6.195,2.966,4.482,3.497,6.794,6.155,4.95,3.166,5.796,4.439,4.308,4.769,4.401,4.487,4.781,2.618,2.935,3.55,3.291,3.944,2.852,3.291,3.435,3.286,6.812,12.613,2.638,3.291,8.522,3.114,3.291,3.278,3.114,4.174,7.037,4.253,3.278,12.091,4.01,6.957,5.649,7.366,4.22,4.58,8.39,4.58,5.992,4.536,4.34,8.446,7.09,12.132,9.263,6.577,6.281,6.048,3.94,3.944,2.963,0.841,0.0,0.383,3.405,1.644,3.22,6.686,6.0,4.95,4.021,6.352,7.608,4.262,4.614,0.642,4.58,13.748,4.58,17.335,4.58,27.008,28.019,13.246,31.622,16.211,19.806,48.154,45.289,56.58,38.68,31.012,27.951,22.731,4.58,104.475
P047,3.281,3.061,2.624,2.984,3.068,3.433,3.007,3.417,3.018,2.524,2.507,2.567,3.678,3.247,3.213,2.749,2.657,2.741,2.874,2.107,2.657,2.219,2.946,2.495,2.655,16.394,2.89,2.845,3.589,2.922,2.393,2.671,2.412,4.295,4.116,3.938,4.19,5.08,4.394,3.693,3.697,3.554,4.103,3.832,3.236,3.532,3.656,3.853,3.517,3.602,4.376,3.917,3.78,3.468,3.449,3.429,3.413,3.023,3.069,3.488,4.062,3.302,4.467,2.68,3.045,2.858,4.232,3.656,3.186,2.938,3.373,2.853,3.363,3.358,3.267,3.091,2.68,4.121,3.84,3.528,4.236,4.48,4.624,3.546,3.969,4.421,4.428,3.642,3.528,3.455,4.091,4.126,5.663,5.088,3.543,5.098,4.781,4.25,3.797,3.55,5.42,6.987,6.268,5.674,5.159,5.771,5.803,4.973,4.367,4.07,4.21,4.655,5.654,5.042,6.771,4.074,3.209,2.505,1.169,1.957,1.524,1.143,1.972,1.885,1.985,2.048,2.077,1.524,1.381,1.118,1.118,1.169,1.325,1.41,1.361,2.082,1.504,1.477,2.927,0.905,0.966,2.031,1.744,2.724,3.203,1.072,5.017,4.657,5.902,3.01,4.189,3.204,6.5,5.862,4.657,2.873,5.503,4.146,4.015,4.476,4.108,4.194,4.488,2.661,2.978,3.593,3.334,3.987,2.895,3.334,3.479,3.329,6.855,12.656,2.681,3.334,8.565,3.157,3.334,3.321,3.157,4.217,7.081,4.296,3.321,12.134,4.053,7.0,5.692,7.41,4.263,4.623,8.097,4.623,6.035,4.579,4.384,8.489,7.133,12.175,9.307,6.62,6.325,6.092,3.647,3.651,2.67,0.548,0.383,0.0,3.112,1.688,2.927,6.393,5.707,4.657,3.728,6.059,7.315,3.969,4.321,0.349,4.623,13.791,4.623,17.378,4.623,26.714,27.726,13.289,31.666,16.255,19.85,48.197,45.332,56.623,38.723,31.055,27.994,22.437,4.623,104.519
P048,5.198,4.977,4.54,4.901,4.984,5.694,4.924,5.448,4.934,4.441,4.424,4.483,4.939,4.508,4.474,4.011,3.918,4.31,4.135,3.368,3.918,3.583,4.516,4.064,3.916,16.391,4.151,4.106,4.85,4.492,3.654,3.932,3.981,6.556,5.585,5.024,5.648,6.157,6.655,5.609,5.614,5.47,6.364,6.093,5.152,5.448,5.572,5.753,5.434,5.519,6.637,5.817,5.697,5.384,5.365,5.346,5.329,4.94,4.986,5.405,6.323,5.312,6.036,4.686,4.889,4.427,5.801,5.225,5.03,4.782,4.942,4.697,5.181,4.927,5.298,5.091,4.597,5.69,5.409,5.538,5.805,6.049,6.885,5.807,6.23,6.682,6.689,5.903,5.538,5.716,5.66,6.387,6.862,6.846,5.804,6.856,7.042,6.512,6.058,5.811,7.179,8.072,7.353,6.76,6.359,7.53,6.888,6.059,5.452,5.155,5.295,5.74,6.739,6.127,7.856,5.159,4.294,2.872,1.943,2.934,2.501,2.12,2.949,2.862,2.962,3.025,3.054,2.501,2.358,1.994,1.994,1.943,1.921,2.387,2.338,3.059,1.871,2.103,1.923,2.687,2.791,2.028,1.741,1.721,2.199,2.309,5.384,5.024,6.269,4.926,4.556,3.571,6.867,6.229,5.024,3.24,5.87,4.512,4.992,5.453,5.085,5.171,5.465,4.577,4.895,4.618,4.42,5.888,4.811,4.42,4.74,4.59,8.116,12.653,4.25,4.42,9.826,4.726,4.42,4.89,4.726,5.786,8.65,5.865,4.89,13.395,5.622,8.569,7.261,8.979,6.525,6.884,8.464,6.884,7.604,6.148,6.645,9.575,8.218,13.26,10.876,7.705,7.41,7.177,4.624,4.628,3.647,2.678,3.405,3.112,0.0,2.726,1.923,6.76,6.074,5.024,4.095,6.425,7.681,4.335,5.298,2.763,6.884,15.36,6.884,18.947,6.884,27.692,28.703,14.374,32.751,17.34,19.847,48.195,45.329,56.62,40.292,32.624,29.563,22.804,6.884,104.516
P049,2.732,2.512,2.075,2.435,2.519,3.228,2.458,2.983,2.469,1.975,1.958,2.018,2.473,2.043,2.008,1.545,1.452,1.844,1.67,0.902,1.452,1.117,2.05,1.599,1.451,15.821,1.686,1.64,2.385,2.026,1.189,1.467,1.515,4.09,3.567,3.899,3.641,4.876,4.189,3.144,3.148,3.005,3.899,3.628,2.687,2.982,3.107,3.304,2.968,3.053,4.171,4.257,3.231,2.919,2.9,2.88,2.863,2.474,2.52,2.939,3.858,2.846,3.571,2.22,2.424,1.962,3.336,2.76,2.565,2.317,2.477,2.232,2.716,2.461,2.832,2.625,2.131,3.224,2.943,3.072,3.34,3.584,4.419,3.342,3.765,4.216,4.223,3.437,3.072,3.251,3.194,3.922,5.459,4.883,3.338,4.893,4.577,4.046,3.593,3.345,5.216,7.148,6.429,5.836,4.955,5.567,5.964,5.239,4.328,3.652,4.171,4.616,5.815,5.002,6.943,4.034,3.475,3.459,2.53,3.522,3.088,2.707,3.537,3.449,3.55,3.613,3.642,3.088,2.946,2.582,2.582,2.53,2.509,2.975,2.926,3.647,2.458,0.821,2.556,1.447,1.222,1.458,1.071,2.353,2.831,0.615,5.971,5.611,6.857,2.46,5.143,4.158,7.455,6.817,5.611,3.827,6.457,5.1,5.58,6.041,5.673,5.759,6.053,2.112,2.429,3.044,3.6,3.438,2.346,3.6,2.274,2.125,5.651,12.083,1.785,3.6,7.361,2.26,3.6,2.425,2.26,3.321,6.184,3.4,2.425,10.93,3.157,6.104,4.795,6.513,4.059,4.419,9.052,4.419,5.138,3.683,4.179,8.651,7.295,12.396,8.41,6.581,6.901,6.358,5.212,5.216,4.235,3.265,1.646,1.689,2.74,0.0,2.556,7.347,6.661,5.611,4.683,7.013,8.269,4.923,5.886,1.969,4.419,12.895,4.419,16.482,4.419,28.279,29.29,13.45,32.4,16.989,19.276,47.624,44.759,56.05,37.827,30.159,27.098,23.392,4.419,103.945
P050,5.013,4.792,4.355,4.716,4.8,5.509,4.739,5.263,4.749,4.256,4.239,4.299,4.754,4.324,4.289,3.826,3.733,4.125,3.95,3.183,3.733,3.398,4.331,3.879,3.732,16.206,3.966,3.921,4.665,4.307,3.469,3.748,3.796,6.371,5.4,4.839,5.463,5.972,6.47,5.425,5.429,5.285,6.179,5.909,4.967,5.263,5.388,5.568,5.249,5.334,6.452,5.632,5.512,5.199,5.181,5.161,5.144,4.755,4.801,5.22,6.138,5.127,5.851,4.501,4.705,4.242,5.616,5.04,4.845,4.598,4.758,4.512,4.996,4.742,5.113,4.906,4.412,5.505,5.224,5.353,5.62,5.865,6.7,5.622,6.045,6.497,6.504,5.718,5.353,5.532,5.475,6.202,6.678,6.661,5.619,6.671,6.857,6.327,5.873,5.626,6.994,7.887,7.168,6.575,6.174,7.345,6.703,5.874,5.267,4.97,5.111,5.555,6.554,5.942,7.672,4.974,4.109,2.687,1.758,2.75,2.316,1.935,2.764,2.677,2.777,2.84,2.87,2.316,2.173,1.809,1.809,1.758,1.736,2.202,2.154,2.875,1.686,1.918,0.0,2.502,2.606,1.843,1.556,0.203,0.276,2.124,5.199,4.839,6.084,4.741,4.371,3.386,6.682,6.044,4.839,3.055,5.685,4.328,4.808,5.268,4.901,4.987,5.281,4.393,4.71,4.433,4.235,5.703,4.626,4.235,4.555,4.405,7.932,12.468,4.066,4.235,9.641,4.541,4.235,4.705,4.541,5.601,8.465,5.681,4.705,13.211,5.437,8.384,7.076,8.794,6.34,6.699,8.279,6.699,7.419,5.963,6.46,9.39,8.033,13.075,10.691,7.52,7.225,6.992,4.439,4.444,3.463,2.493,3.22,2.927,1.923,2.541,0.0,6.575,5.889,4.839,3.91,6.24,7.497,4.151,5.114,2.579,6.699,15.175,6.699,18.763,6.699,27.507,28.518,14.189,32.566,17.155,19.662,48.01,45.144,56.435,40.107,32.439,29.378,22.619,6.699,104.331
P051,9.855,9.635,9.198,9.558,9.642,10.352,9.581,10.106,9.591,9.098,9.081,9.141,9.596,9.166,9.131,8.668,8.575,8.967,8.793,8.025,8.575,8.24,9.173,8.722,8.574,21.049,8.809,8.763,9.508,9.149,8.312,8.59,8.638,9.505,8.916,8.355,8.979,9.489,11.312,9.025,8.993,9.086,11.022,10.751,9.81,9.108,8.983,9.085,10.091,10.176,9.258,9.149,9.076,9.172,9.191,9.21,9.986,9.597,9.643,9.151,10.981,9.969,10.694,9.343,9.547,9.085,10.459,9.883,9.688,9.44,9.6,9.355,9.839,9.584,9.955,9.748,9.254,10.348,10.066,10.195,10.463,10.707,11.542,10.465,10.888,11.339,11.347,10.56,10.195,10.374,10.317,11.045,10.194,10.178,10.461,10.188,9.987,11.169,10.716,10.468,10.51,11.403,10.684,10.091,9.69,10.861,10.219,9.39,8.784,8.486,8.627,9.072,10.071,9.459,11.188,8.491,7.626,3.939,5.274,6.266,5.833,5.452,6.281,6.194,6.294,6.357,6.386,5.833,5.69,5.326,5.326,5.274,5.253,5.719,5.67,6.391,4.939,6.761,6.626,7.344,7.448,6.686,6.399,6.423,6.901,6.967,1.427,2.259,1.406,9.583,2.255,3.24,0.107,1.366,2.259,3.626,0.89,2.62,7.045,6.064,7.138,7.224,6.204,9.235,9.552,7.949,7.751,9.219,9.469,7.751,9.397,9.248,12.774,17.311,8.908,7.751,14.484,9.383,7.751,9.547,9.383,10.444,13.307,10.523,9.547,18.053,10.28,13.227,11.918,13.636,11.182,11.542,1.704,11.542,12.261,10.806,11.302,12.906,11.55,16.592,15.533,11.037,10.742,10.508,5.776,5.78,5.208,6.009,6.737,6.444,6.811,7.383,6.626,0.0,1.21,2.259,4.029,1.562,0.922,2.475,5.395,6.095,11.542,20.018,11.542,23.605,11.542,26.381,27.392,17.706,36.082,20.672,24.504,52.852,49.987,61.278,44.95,37.282,34.221,16.044,11.542,109.173
P052,9.073,8.853,8.416,8.776,8.86,9.57,8.799,9.324,8.81,8.316,8.3,8.359,8.814,8.384,8.349,7.886,7.793,8.185,8.011,7.244,7.793,7.459,8.391,7.94,7.792,20.267,8.027,7.982,8.726,8.367,7.53,7.808,7.856,8.723,8.135,7.574,8.198,8.707,10.531,8.243,8.211,8.304,10.24,9.969,9.028,8.326,8.202,8.303,9.309,9.394,8.476,8.367,8.294,8.39,8.409,8.428,9.205,8.816,8.861,8.37,10.199,9.188,9.912,8.562,8.765,8.303,9.677,9.101,8.906,8.658,8.818,8.573,9.057,8.802,9.173,8.967,8.473,9.566,9.285,9.414,9.681,9.925,10.761,9.683,10.106,10.558,10.565,9.778,9.414,9.592,9.536,10.263,9.412,9.396,9.68,9.406,9.206,10.387,9.934,9.687,9.729,10.622,9.903,9.31,8.909,10.08,9.438,8.608,8.002,7.705,7.846,8.29,9.289,8.677,10.406,7.709,6.844,3.157,4.493,5.484,5.051,4.67,5.499,5.412,5.512,5.575,5.605,5.051,4.908,4.544,4.544,4.493,4.471,4.937,4.888,5.609,4.158,5.979,5.844,6.562,6.666,5.904,5.617,5.641,6.119,6.185,0.645,1.478,0.624,8.802,1.473,2.458,1.376,0.584,1.478,2.844,0.378,1.838,6.263,4.853,6.356,6.442,4.994,8.453,8.77,7.168,6.97,8.438,8.687,6.97,8.616,8.466,11.992,16.529,8.126,6.97,13.702,8.602,6.97,8.766,8.602,9.662,12.526,9.741,8.766,17.271,9.498,12.445,11.137,12.854,10.4,10.76,2.973,10.76,11.48,10.024,10.521,12.124,10.768,15.81,14.751,10.255,9.96,9.727,4.994,4.998,4.426,5.228,5.955,5.662,6.029,6.602,5.844,1.268,0.0,1.478,3.247,0.352,2.19,1.693,4.185,5.313,10.76,19.236,10.76,22.823,10.76,25.171,26.182,16.924,35.301,19.89,23.723,52.07,49.205,60.496,44.168,36.5,33.439,17.313,10.76,108.392
P053,8.069,7.848,7.411,7.771,7.855,8.565,7.794,8.319,7.805,7.311,7.295,7.354,7.809,7.379,7.344,6.881,6.788,7.181,7.006,6.239,6.788,6.454,7.386,6.935,6.787,19.262,7.022,6.977,7.721,7.362,6.525,6.803,6.851,7.718,7.13,6.569,7.193,7.702,9.526,7.238,7.206,7.299,9.235,8.964,8.023,7.321,7.197,7.298,8.305,8.389,7.471,7.362,7.289,7.385,7.404,7.423,8.2,7.811,7.856,7.364,9.194,8.183,8.907,7.556,7.76,7.298,8.672,8.096,7.901,7.653,7.813,7.568,8.052,7.798,8.168,7.962,7.468,8.561,8.28,8.409,8.676,8.92,9.756,8.678,9.101,9.553,9.56,8.774,8.409,8.587,8.531,9.258,8.408,8.391,8.675,8.401,8.201,9.383,8.929,8.682,8.724,9.617,8.898,8.305,7.904,9.075,8.433,7.604,6.997,6.7,6.841,7.285,8.284,7.672,9.402,6.704,5.839,2.152,3.488,4.479,4.046,3.665,4.494,4.407,4.507,4.57,4.6,4.046,3.903,3.539,3.539,3.488,3.466,3.932,3.883,4.604,3.153,4.974,4.839,5.557,5.661,4.899,4.612,4.636,5.114,5.18,0.832,0.0,1.718,7.797,0.811,1.453,2.316,1.678,0.0,1.839,1.319,0.833,5.258,5.719,5.351,5.437,5.731,7.448,7.765,6.163,5.965,7.433,7.682,5.965,7.611,7.461,10.987,15.524,7.121,5.965,12.697,7.597,5.965,7.761,7.597,8.657,11.521,8.736,7.761,16.266,8.493,11.44,10.132,11.849,9.396,9.755,3.913,9.755,10.475,9.019,9.516,11.12,9.763,14.805,13.746,9.25,8.955,8.722,3.989,3.993,3.421,4.223,4.95,4.657,5.024,5.597,4.839,2.208,1.522,0.0,2.242,1.874,3.13,0.688,5.564,4.308,9.755,18.231,9.755,21.818,9.755,26.693,27.704,15.919,34.296,18.885,22.718,51.066,48.2,59.491,43.163,35.495,32.434,18.253,9.755,107.387
P054,7.14,6.919,6.482,6.843,6.926,7.636,6.866,7.39,6.876,6.383,6.366,6.426,6.881,6.45,6.416,5.952,5.86,6.252,6.077,5.31,5.86,5.525,6.458,6.006,5.858,18.333,6.093,6.048,6.792,6.434,5.596,5.874,5.923,6.789,6.201,5.64,6.264,6.773,8.597,6.309,6.277,6.37,8.306,8.036,7.094,6.392,6.268,6.369,7.376,7.461,6.542,6.433,6.36,6.456,6.475,6.495,7.271,6.882,6.928,6.436,8.265,7.254,7.978,6.628,6.831,6.369,7.743,7.167,6.972,6.725,6.884,6.639,7.123,6.869,7.24,7.033,6.539,7.632,7.351,7.48,7.747,7.992,8.827,7.749,8.172,8.624,8.631,7.845,7.48,7.658,7.602,8.329,7.479,7.462,7.746,7.472,7.272,8.454,8.0,7.753,7.795,8.688,7.969,7.376,6.975,8.146,7.504,6.675,6.068,5.771,5.912,6.356,7.355,6.743,8.473,5.775,4.91,1.223,2.559,3.551,3.117,2.736,3.566,3.478,3.578,3.641,3.671,3.117,2.974,2.611,2.611,2.559,2.537,3.003,2.955,1.768,2.224,4.045,3.91,4.629,4.733,3.97,3.683,3.708,4.186,4.251,2.602,2.242,3.487,6.868,1.774,0.788,4.085,3.447,2.242,0.91,3.088,1.73,3.016,3.477,3.109,3.195,3.489,6.519,6.837,5.234,5.036,6.504,6.753,5.036,6.682,6.532,10.059,14.595,6.192,5.036,11.768,6.668,5.036,6.832,6.668,7.728,10.592,7.807,6.832,15.338,7.564,10.511,9.203,10.921,8.467,8.826,5.682,8.826,9.546,8.09,8.587,10.191,8.834,13.877,12.818,8.321,8.026,7.793,1.747,1.752,1.18,3.294,4.021,3.728,4.095,4.668,3.91,3.978,3.292,2.242,0.0,3.643,4.899,1.553,3.322,3.38,8.826,17.302,8.826,20.889,8.826,25.715,26.727,14.99,33.367,17.956,21.789,50.137,47.271,58.562,42.234,34.566,31.505,20.022,8.826,106.458
P055,9.425,9.205,8.768,9.128,9.212,9.922,9.151,9.676,9.162,8.668,8.652,8.711,9.166,8.736,8.701,8.238,8.145,8.537,8.363,7.596,8.145,7.81,8.743,8.292,8.144,20.619,8.379,8.333,9.078,8.719,7.882,8.16,8.208,9.075,8.486,7.925,8.55,9.059,10.883,8.595,8.563,8.656,10.592,10.321,9.38,8.678,8.554,8.655,9.661,9.746,8.828,8.719,8.646,8.742,8.761,8.78,9.556,9.168,9.213,8.721,10.551,9.54,10.264,8.913,9.117,8.655,10.029,9.453,9.258,9.01,9.17,8.925,9.409,9.154,9.525,9.318,8.824,9.918,9.637,9.765,10.033,10.277,11.113,10.035,10.458,10.91,10.917,10.13,9.765,9.944,9.887,10.615,9.764,9.748,10.031,9.758,9.557,10.739,10.286,10.039,10.08,10.974,10.255,9.661,9.26,10.431,9.79,8.96,8.354,8.056,8.197,8.642,9.641,9.029,10.758,8.061,7.196,3.509,4.845,5.836,5.403,5.022,5.851,5.764,5.864,5.927,5.956,5.403,5.26,4.896,4.896,4.845,4.823,5.289,5.24,5.961,4.51,6.331,6.196,6.914,7.018,6.256,5.969,5.993,6.471,6.537,0.997,1.829,0.976,9.153,1.825,2.81,1.728,0.936,1.829,3.196,0.73,2.19,6.615,4.501,4.869,4.872,4.642,8.805,9.122,7.52,7.321,8.789,9.039,7.321,8.967,8.818,12.344,16.881,8.478,7.321,14.054,8.954,7.321,9.118,8.954,10.014,12.878,10.093,9.118,17.623,9.85,12.797,11.489,13.206,10.752,11.112,3.324,11.112,11.832,10.376,10.872,12.476,11.12,16.162,15.103,10.607,10.312,10.079,5.346,5.35,4.778,5.58,6.307,6.014,6.381,6.953,6.196,1.62,0.352,1.829,3.599,0.0,2.542,2.045,3.833,5.665,11.112,19.588,11.112,23.175,11.112,24.819,25.83,17.276,35.653,20.242,24.074,52.422,49.557,60.848,44.52,36.852,33.791,17.665,11.112,108.743
P056,10.777,10.556,10.119,10.48,10.564,11.273,10.503,11.027,10.513,10.02,10.003,10.063,10.518,10.088,10.053,9.59,9.497,9.889,9.715,8.947,9.497,9.162,10.095,9.643,9.496,21.971,9.731,9.685,10.429,10.071,9.233,9.512,9.56,10.426,9.838,9.277,9.901,10.41,12.234,9.946,9.915,10.007,11.944,11.673,10.732,10.03,9.905,10.007,11.013,11.098,10.18,10.07,9.998,10.093,10.112,10.132,10.908,10.519,10.565,10.073,11.902,10.891,11.616,10.265,10.469,10.007,11.381,10.804,10.609,10.362,10.522,10.276,10.76,10.506,10.877,10.67,10.176,11.269,10.988,11.117,11.384,11.629,12.464,11.387,11.809,12.261,12.268,11.482,11.117,11.296,11.239,11.966,11.116,11.099,11.383,11.109,10.909,12.091,11.637,11.39,11.432,12.325,11.606,11.013,10.612,11.783,11.141,10.312,9.706,9.408,9.549,9.993,10.992,10.38,12.11,9.412,8.548,4.86,6.196,7.188,6.755,6.373,7.203,7.115,7.215,7.279,7.308,6.755,6.612,6.248,6.248,6.196,6.175,6.641,6.592,7.313,5.861,7.682,7.547,8.266,8.37,7.607,7.32,7.345,7.823,7.889,2.349,3.181,2.328,10.505,3.177,4.162,0.814,2.288,3.181,4.548,1.812,3.542,7.966,6.985,8.059,8.146,7.126,10.157,10.474,8.871,8.673,10.141,10.39,8.673,10.319,10.169,13.696,18.233,9.83,8.673,15.405,10.305,8.673,10.469,10.305,11.365,14.229,11.445,10.469,18.975,11.201,14.149,12.84,14.558,12.104,12.464,2.244,12.464,13.183,11.728,12.224,13.828,12.472,17.514,16.455,11.959,11.663,11.43,6.697,6.702,6.13,6.931,7.659,7.365,7.732,8.305,7.547,0.922,2.132,3.181,4.95,2.484,0.0,3.397,6.317,7.017,12.464,20.939,12.464,24.527,12.464,27.302,28.314,18.628,37.004,21.593,25.426,53.774,50.908,62.199,45.871,38.203,35.142,16.584,12.464,110.095
P057,7.38,7.16,6.723,7.083,7.167,7.877,7.106,7.631,7.116,6.623,6.606,6.666,7.121,6.691,6.656,6.193,6.1,6.492,6.318,5.55,6.1,5.765,6.698,6.247,6.099,18.574,6.334,6.288,7.032,6.674,5.837,6.115,6.163,7.029,6.441,5.88,6.504,7.013,8.837,6.55,6.518,6.611,8.547,8.276,7.335,6.633,6.508,6.61,7.616,7.701,6.783,6.674,6.601,6.697,6.715,6.735,7.511,7.122,7.168,6.676,8.506,7.494,8.219,6.868,7.072,6.61,7.984,7.407,7.213,6.965,7.125,6.88,7.364,7.109,7.48,7.273,6.779,7.872,7.591,7.72,7.987,8.232,9.067,7.99,8.413,8.864,8.871,8.085,7.72,7.899,7.842,8.57,7.719,7.703,7.986,7.712,7.512,8.694,8.241,7.993,8.035,8.928,8.209,7.616,7.215,8.386,7.744,6.915,6.309,6.011,6.152,6.597,7.596,6.984,8.713,6.016,5.151,1.464,2.799,3.791,3.358,2.977,3.806,3.719,3.819,3.882,3.911,3.358,3.215,2.851,2.851,2.799,2.778,3.244,3.195,3.916,2.465,4.285,4.151,4.869,4.973,4.211,3.924,3.948,4.426,4.492,1.048,0.688,1.933,7.108,0.22,0.765,2.532,1.894,0.688,1.151,1.534,0.177,4.57,5.031,4.663,4.749,5.043,6.76,7.077,5.474,5.276,6.744,6.994,5.276,6.922,6.773,10.299,14.836,6.433,5.276,12.008,6.909,5.276,7.072,6.909,7.969,10.832,8.048,7.072,15.578,7.805,10.752,9.443,11.161,8.707,9.067,4.129,9.067,9.786,8.331,8.827,10.431,9.075,14.117,13.058,8.562,8.267,8.034,3.301,3.305,2.733,3.534,4.262,3.969,4.335,4.908,4.151,2.424,1.738,0.688,1.553,2.09,3.346,0.0,4.876,3.62,9.067,17.543,9.067,21.13,9.067,26.909,27.92,15.231,33.607,18.197,22.029,50.377,47.512,58.803,42.474,34.806,31.745,18.469,9.067,106.698
P058,7.281,7.313,6.876,7.237,7.32,7.685,7.232,8.594,7.27,6.777,6.76,6.819,8.084,7.654,7.619,7.156,7.063,7.455,7.281,6.513,7.063,6.728,7.661,7.209,7.062,19.537,7.297,7.251,7.995,7.637,6.8,7.078,7.126,7.382,6.794,6.233,6.857,7.366,8.38,6.902,6.87,6.963,7.512,8.085,7.235,6.985,6.861,6.962,7.77,7.855,7.135,7.026,6.953,7.049,7.068,7.087,7.161,7.023,7.17,7.029,8.314,8.457,9.182,6.932,8.035,7.573,8.947,8.37,8.176,7.928,8.088,7.843,8.326,8.072,8.443,8.236,6.933,8.835,8.554,8.683,8.95,9.195,8.876,7.799,8.221,8.673,8.68,7.894,8.683,7.708,8.805,8.379,8.072,8.055,7.795,8.065,7.865,8.503,8.05,7.802,8.388,9.281,8.562,7.969,7.568,8.739,8.097,7.268,6.661,6.364,6.505,6.949,7.948,7.336,9.066,6.368,5.503,4.691,3.356,4.144,3.71,3.329,4.158,4.071,4.171,4.234,4.264,3.71,3.084,3.304,3.304,3.356,3.512,2.911,3.548,3.14,3.691,5.248,5.114,5.158,5.218,5.174,4.886,4.911,5.389,5.455,4.83,5.564,4.809,7.009,5.096,4.111,5.56,4.769,5.564,4.233,4.563,5.053,0.456,0.385,0.471,0.477,0.397,6.913,6.978,5.827,5.629,7.097,6.894,5.629,7.885,7.736,11.262,15.799,7.396,5.629,12.972,7.871,5.629,8.035,7.871,8.931,11.795,9.011,8.035,16.541,8.768,11.715,10.406,12.124,8.516,8.495,7.157,8.495,10.749,9.294,8.636,10.784,9.427,14.469,14.021,8.914,8.619,8.386,1.575,1.571,2.552,3.887,4.614,4.321,5.298,5.871,5.114,5.453,4.185,5.564,3.322,3.833,6.375,4.876,0.0,3.973,8.495,18.506,8.495,22.093,8.495,22.997,24.008,15.583,33.96,18.549,22.992,51.34,48.475,59.765,43.438,35.769,32.708,21.497,8.495,107.661
P059,3.561,3.341,2.904,3.264,3.348,3.713,3.287,3.697,3.297,2.804,2.787,2.847,3.958,3.527,3.493,3.03,2.937,3.021,3.154,2.387,2.937,2.499,3.227,2.775,2.935,17.002,3.17,3.125,3.869,3.202,2.673,2.951,2.692,4.575,4.259,3.698,4.322,4.831,4.674,3.973,3.977,3.834,4.383,4.112,3.516,3.812,3.936,4.133,3.797,3.882,4.656,4.197,4.06,3.748,3.729,3.709,3.692,3.303,3.349,3.768,4.342,3.582,4.747,2.96,3.325,3.138,4.512,3.936,3.466,3.218,3.653,3.132,3.643,3.638,3.547,3.37,2.96,4.401,4.12,3.808,4.516,4.76,4.904,3.826,4.249,4.701,4.708,3.921,3.808,3.735,4.371,4.406,5.537,5.52,3.823,5.53,5.061,4.53,4.077,3.83,5.853,6.746,6.027,5.434,5.033,6.204,5.562,4.732,4.126,3.829,3.97,4.414,5.413,4.801,6.531,3.833,2.968,2.156,0.821,1.609,1.175,0.794,1.623,1.536,1.636,1.699,1.729,1.175,1.032,0.769,0.769,0.821,0.977,1.061,1.012,1.734,1.155,1.757,2.579,1.185,1.246,2.639,2.351,2.376,2.854,1.352,4.668,4.308,5.553,3.289,3.84,2.855,6.152,5.514,4.308,2.524,5.154,3.797,3.666,4.127,3.759,3.845,4.139,2.941,3.258,3.292,3.094,4.267,3.175,3.094,3.759,3.609,7.135,13.264,2.961,3.094,8.845,3.437,3.094,3.601,3.437,4.497,7.361,4.576,3.601,12.414,4.333,7.28,5.972,7.689,4.543,4.903,7.749,4.903,6.315,4.859,4.664,8.248,6.892,11.934,9.587,6.379,6.084,5.851,3.298,3.303,2.322,0.199,0.642,0.349,2.763,1.968,2.579,6.044,5.358,4.308,3.38,5.71,6.966,3.62,3.973,0.0,4.903,14.071,4.903,17.658,4.903,26.366,27.377,13.048,31.425,16.014,20.457,48.805,45.94,57.23,39.003,31.335,28.274,22.089,4.903,105.126
P060,2.743,1.907,1.985,1.949,1.555,1.641,2.199,1.758,1.605,2.478,2.433,2.056,4.362,4.79,3.897,4.292,4.199,2.393,4.417,3.649,4.199,3.248,2.1,2.893,3.34,19.728,3.575,4.387,5.131,2.276,3.078,4.213,2.809,1.879,2.566,2.466,2.64,1.258,0.132,2.427,2.211,2.304,2.009,2.04,2.622,2.326,2.202,2.005,2.709,2.794,1.856,1.941,2.294,2.39,2.409,2.428,2.502,2.977,2.261,2.369,0.898,1.642,2.807,2.092,2.182,2.511,2.572,1.996,1.807,2.075,2.708,1.99,1.703,2.692,1.607,2.228,2.349,2.815,2.18,1.868,2.576,1.733,1.46,1.399,1.508,1.295,1.302,1.201,1.868,1.308,1.521,0.497,0.997,0.98,1.141,0.99,0.806,1.337,0.746,1.455,1.313,3.273,2.554,1.961,0.927,1.664,2.089,6.239,2.205,2.597,2.81,3.255,1.94,3.642,4.503,2.19,3.206,6.652,5.317,4.702,4.758,5.18,4.309,4.47,4.297,4.234,4.204,4.758,5.528,5.265,5.265,5.317,5.473,5.557,4.92,6.23,5.652,4.729,6.463,3.711,4.157,5.365,4.978,6.261,6.739,4.329,9.164,8.805,10.05,2.963,8.336,7.351,10.648,10.01,8.805,7.02,9.65,8.293,8.162,8.623,8.256,8.342,8.636,2.615,2.932,3.547,2.861,2.197,2.849,2.861,5.021,4.871,8.398,15.99,2.697,2.861,9.989,2.368,2.861,2.656,2.368,2.417,5.421,3.179,2.656,13.677,2.747,5.34,4.032,5.75,1.099,0.0,12.245,0.0,4.375,2.919,0.658,4.776,3.419,8.461,7.647,4.14,4.46,4.694,7.795,7.799,6.818,5.104,4.581,4.624,6.648,4.135,6.463,10.54,9.854,8.805,7.876,10.206,11.462,8.116,8.469,4.904,0.0,12.131,0.0,15.718,0.0,30.862,31.873,9.575,27.952,12.541,23.184,51.532,48.666,59.957,37.063,29.395,26.334,26.585,0.0,107.853
P061,12.741,11.545,11.491,11.586,11.06,11.278,11.837,11.033,11.111,11.983,11.673,12.026,13.185,13.731,12.72,13.233,13.14,11.216,13.357,12.59,13.14,12.414,11.161,11.716,12.163,28.551,12.398,13.328,14.072,11.099,11.901,13.155,11.632,12.14,12.932,13.1,13.006,12.926,11.772,12.793,12.577,12.67,11.949,11.678,12.695,12.692,12.568,12.371,12.347,12.432,12.222,12.307,12.66,12.756,12.775,12.794,12.872,12.483,11.899,12.735,11.144,10.896,10.514,11.331,10.918,11.334,10.078,10.482,11.059,11.004,11.194,11.089,10.765,11.178,10.882,10.851,11.589,11.301,10.666,10.299,10.082,10.527,11.706,10.636,10.848,11.503,11.51,10.541,10.299,10.727,10.137,11.208,12.186,12.17,11.388,12.18,12.159,11.629,11.643,11.014,12.502,15.198,14.479,13.886,13.005,12.854,14.014,16.629,14.131,13.017,13.653,14.097,13.865,14.484,16.425,13.443,14.156,16.19,15.261,14.963,15.819,15.438,14.57,14.731,14.558,14.495,14.465,15.819,15.676,15.312,15.312,15.261,15.239,15.705,15.656,16.377,15.189,13.552,15.286,13.002,13.449,14.188,13.801,15.083,15.562,13.152,18.702,18.342,19.587,12.469,17.873,16.888,20.185,19.547,18.342,16.558,19.188,17.83,18.31,18.771,18.403,18.489,18.783,12.12,12.438,13.053,13.704,12.563,12.354,13.704,13.962,13.812,17.339,24.813,11.52,13.704,15.935,10.854,13.704,11.141,10.854,10.264,6.71,11.665,11.141,22.618,11.233,7.28,8.543,6.381,11.346,11.705,21.782,11.705,10.292,9.232,11.466,15.107,15.345,10.896,6.91,16.062,16.383,16.616,17.942,17.946,16.965,14.395,13.873,13.916,15.471,12.958,15.286,20.078,19.391,18.342,17.413,19.743,20.999,17.653,18.616,14.196,11.705,0.0,11.705,3.587,11.705,41.01,42.021,19.64,30.899,15.489,32.007,35.897,57.489,44.185,24.932,17.264,14.203,36.122,11.705,104.51
P062,2.743,1.907,1.985,1.949,1.555,1.641,2.199,1.758,1.605,2.478,2.433,2.056,4.362,4.79,3.897,4.292,4.199,2.393,4.417,3.649,4.199,3.248,2.1,2.893,3.34,19.728,3.575,4.387,5.131,2.276,3.078,4.213,2.809,1.879,2.566,2.466,2.64,1.258,0.132,2.427,2.211,2.304,2.009,2.04,2.622,2.326,2.202,2.005,2.709,2.794,1.856,1.941,2.294,2.39,2.409,2.428,2.502,2.977,2.261,2.369,0.898,1.642,2.807,2.092,2.182,2.511,2.572,1.996,1.807,2.075,2.708,1.99,1.703,2.692,1.607,2.228,2.349,2.815,2.18,1.868,2.576,1.733,1.46,1.399,1.508,1.295,1.302,1.201,1.868,1.308,1.521,0.497,0.997,0.98,1.141,0.99,0.806,1.337,0.746,1.455,1.313,3.273,2.554,1.961,0.927,1.664,2.089,6.239,2.205,2.597,2.81,3.255,1.94,3.642,4.503,2.19,3.206,6.652,5.317,4.702,4.758,5.18,4.309,4.47,4.297,4.234,4.204,4.758,5.528,5.265,5.265,5.317,5.473,5.557,4.92,6.23,5.652,4.729,6.463,3.711,4.157,5.365,4.978,6.261,6.739,4.329,9.164,8.805,10.05,2.963,8.336,7.351,10.648,10.01,8.805,7.02,9.65,8.293,8.162,8.623,8.256,8.342,8.636,2.615,2.932,3.547,2.861,2.197,2.849,2.861,5.021,4.871,8.398,15.99,2.697,2.861,9.989,2.368,2.861,2.656,2.368,2.417,5.421,3.179,2.656,13.677,2.747,5.34,4.032,5.75,1.099,0.0,12.245,0.0,4.375,2.919,0.658,4.776,3.419,8.461,7.647,4.14,4.46,4.694,7.795,7.799,6.818,5.104,4.581,4.624,6.648,4.135,6.463,10.54,9.854,8.805,7.876,10.206,11.462,8.116,8.469,4.904,0.0,12.131,0.0,15.718,0.0,30.862,31.873,9.575,27.952,12.541,23.184,51.532,48.666,59.957,37.063,29.395,26.334,26.585,0.0,107.853
P063,16.328,15.133,15.078,15.174,14.648,14.866,15.424,14.62,14.698,15.571,15.26,15.614,16.773,17.318,16.308,16.82,16.727,14.804,16.945,16.177,16.727,16.001,14.748,15.303,15.751,32.139,15.986,16.915,17.66,14.687,15.488,16.742,15.219,15.728,16.519,16.687,16.593,16.513,15.36,16.38,16.164,16.257,15.536,15.265,16.282,16.279,16.155,15.958,15.934,16.019,15.809,15.894,16.247,16.343,16.362,16.381,16.459,16.07,15.486,16.323,14.732,14.484,14.101,14.918,14.506,14.921,13.666,14.069,14.646,14.591,14.781,14.676,14.353,14.765,14.469,14.438,15.176,14.888,14.253,13.886,13.669,14.114,15.293,14.223,14.435,15.09,15.097,14.128,13.886,14.314,13.725,14.796,15.774,15.757,14.976,15.767,15.747,15.216,15.23,14.602,16.09,18.785,18.066,17.473,16.592,16.441,17.601,20.216,17.718,16.605,17.24,17.685,17.453,18.071,20.012,17.031,17.744,19.777,18.848,18.55,19.406,19.025,18.158,18.318,18.145,18.082,18.052,19.406,19.263,18.899,18.899,18.848,18.826,19.292,19.244,19.965,18.776,17.139,18.873,16.59,17.036,17.776,17.388,18.671,19.149,16.739,22.289,21.929,23.174,16.056,21.461,20.476,23.772,23.134,21.929,20.145,22.775,21.418,21.898,22.358,21.991,22.077,22.371,15.708,16.025,16.64,17.291,16.151,15.941,17.291,17.549,17.4,20.926,28.401,15.108,17.291,19.522,14.441,17.291,14.729,14.441,13.851,10.297,15.252,14.729,26.205,14.82,10.867,12.13,9.969,14.933,15.293,25.369,15.293,13.88,12.819,15.053,18.694,18.932,14.484,10.497,19.65,19.97,20.203,21.529,21.534,20.553,17.982,17.46,17.503,19.058,16.546,18.873,23.665,22.979,21.929,21.0,23.331,24.587,21.241,22.204,17.783,15.293,3.587,15.293,0.0,15.293,44.597,45.608,23.227,34.487,19.076,35.594,32.717,44.657,41.004,21.751,14.083,11.022,39.709,15.293,101.329
P064,2.743,1.907,1.985,1.949,1.555,1.641,2.199,1.758,1.605,2.478,2.433,2.056,4.362,4.79,3.897,4.292,4.199,2.393,4.417,3.649,4.199,3.248,2.1,2.893,3.34,19.728,3.575,4.387,5.131,2.276,3.078,4.213,2.809,1.879,2.566,2.466,2.64,1.258,0.132,2.427,2.211,2.304,2.009,2.04,2.622,2.326,2.202,2.005,2.709,2.794,1.856,1.941,2.294,2.39,2.409,2.428,2.502,2.977,2.261,2.369,0.898,1.642,2.807,2.092,2.182,2.511,2.572,1.996,1.807,2.075,2.708,1.99,1.703,2.692,1.607,2.228,2.349,2.815,2.18,1.868,2.576,1.733,1.46,1.399,1.508,1.295,1.302,1.201,1.868,1.308,1.521,0.497,0.997,0.98,1.141,0.99,0.806,1.337,0.746,1.455,1.313,3.273,2.554,1.961,0.927,1.664,2.089,6.239,2.205,2.597,2.81,3.255,1.94,3.642,4.503,2.19,3.206,6.652,5.317,4.702,4.758,5.18,4.309,4.47,4.297,4.234,4.204,4.758,5.528,5.265,5.265,5.317,5.473,5.557,4.92,6.23,5.652,4.729,6.463,3.711,4.157,5.365,4.978,6.261,6.739,4.329,9.164,8.805,10.05,2.963,8.336,7.351,10.648,10.01,8.805,7.02,9.65,8.293,8.162,8.623,8.256,8.342,8.636,2.615,2.932,3.547,2.861,2.197,2.849,2.861,5.021,4.871,8.398,15.99,2.697,2.861,9.989,2.368,2.861,2.656,2.368,2.417,5.421,3.179,2.656,13.677,2.747,5.34,4.032,5.75,1.099,0.0,12.245,0.0,4.375,2.919,0.658,4.776,3.419,8.461,7.647,4.14,4.46,4.694,7.795,7.799,6.818,5.104,4.581,4.624,6.648,4.135,6.463,10.54,9.854,8.805,7.876,10.206,11.462,8.116,8.469,4.904,0.0,12.131,0.0,15.718,0.0,30.862,31.873,9.575,27.952,12.541,23.184,51.532,48.666,59.957,37.063,29.395,26.334,26.585,0.0,107.853
P065,29.6,29.632,29.195,29.555,29.639,30.004,29.55,30.913,29.589,29.095,29.079,29.138,30.403,29.973,29.938,29.475,29.382,29.774,29.6,28.832,29.382,29.047,29.98,29.528,29.381,41.855,29.616,29.57,30.314,29.956,29.118,29.397,29.445,29.701,29.113,28.552,29.176,29.685,30.699,29.221,29.189,29.282,29.831,30.404,29.554,29.304,29.18,29.281,30.089,30.174,29.454,29.345,29.272,29.368,29.387,29.406,29.48,29.342,29.489,29.348,30.633,30.776,31.501,29.251,30.354,29.892,31.266,30.689,30.494,30.247,30.407,30.161,30.645,30.391,30.762,30.555,29.252,31.154,30.873,31.002,31.269,31.514,31.195,30.117,30.54,30.992,30.999,30.213,31.002,30.026,31.124,30.697,30.39,30.374,30.114,30.384,30.184,30.822,30.368,30.121,30.707,31.6,30.881,30.288,29.887,31.058,30.416,29.587,28.98,28.683,28.824,29.268,30.267,29.655,31.384,28.687,27.822,28.386,25.674,26.462,26.029,25.648,26.477,26.39,26.49,26.553,26.583,26.029,25.402,25.623,25.623,25.674,25.831,25.23,25.866,25.459,26.009,27.567,27.432,27.477,27.537,27.492,27.205,27.23,27.708,27.774,25.874,26.706,25.853,29.328,26.702,27.687,26.605,25.813,26.706,28.073,25.607,27.067,22.775,22.817,22.532,22.446,22.657,29.232,29.297,28.146,27.948,29.416,29.213,27.948,30.204,30.054,33.581,38.118,29.715,27.948,35.29,30.19,27.948,30.354,30.19,31.25,34.114,31.33,30.354,38.86,31.086,34.033,32.725,34.443,30.835,30.813,28.201,30.813,33.068,31.613,30.955,33.102,31.746,36.788,36.34,31.233,30.938,30.705,23.894,23.89,24.871,26.206,26.933,26.64,27.617,28.19,27.432,26.497,25.229,26.706,25.641,24.877,27.419,26.922,22.923,26.291,30.813,40.824,30.813,44.412,30.813,0.0,1.034,23.149,56.279,40.868,45.311,73.659,70.793,82.084,65.756,58.088,55.027,42.542,30.813,129.98
P066,30.611,30.643,30.206,30.567,30.65,31.015,30.562,31.924,30.6,30.107,30.09,30.149,31.414,30.984,30.949,30.486,30.393,30.785,30.611,29.843,30.393,30.058,30.991,30.54,30.392,42.867,30.627,30.581,31.326,30.967,30.13,30.408,30.456,30.712,30.124,29.563,30.187,30.696,31.71,30.232,30.2,30.293,30.842,31.415,30.565,30.315,30.191,30.292,31.1,31.185,30.465,30.356,30.283,30.379,30.398,30.418,30.491,30.353,30.5,30.359,31.645,31.787,32.512,30.262,31.365,30.903,32.277,31.701,31.506,31.258,31.418,31.173,31.657,31.402,31.773,31.566,30.263,32.165,31.884,32.013,32.28,32.525,32.206,31.129,31.551,32.003,32.01,31.224,32.013,31.038,32.135,31.709,31.402,31.385,31.125,31.395,31.195,31.833,31.38,31.132,31.718,32.611,31.892,31.299,30.898,32.069,31.427,30.598,29.991,29.694,29.835,30.279,31.278,30.666,32.396,29.698,28.833,29.397,26.686,27.474,27.04,26.659,27.488,27.401,27.501,27.564,27.594,27.04,26.414,26.634,26.634,26.686,26.842,26.241,26.878,26.47,27.021,28.578,28.444,28.488,28.548,28.504,28.216,28.241,28.719,28.785,26.885,27.718,26.864,30.339,27.713,28.698,27.616,26.824,27.718,29.084,26.619,28.078,23.786,23.828,23.543,23.457,23.668,30.243,30.308,29.157,28.959,30.427,30.224,28.959,31.215,31.066,34.592,39.129,30.726,28.959,36.301,31.201,28.959,31.365,31.201,32.261,35.125,32.341,31.365,39.871,32.098,35.045,33.736,35.454,31.846,31.825,29.213,31.825,34.079,32.624,31.966,34.114,32.757,37.799,37.351,32.244,31.949,31.716,24.905,24.901,25.882,27.217,27.944,27.651,28.628,29.201,28.444,27.508,26.24,27.718,26.652,25.888,28.43,27.933,23.934,27.302,31.825,41.836,31.825,45.423,31.825,1.137,0.0,24.16,57.29,41.879,46.322,74.67,71.805,83.096,66.767,59.099,56.038,43.553,31.825,130.991
P067,10.375,11.106,11.055,10.358,10.625,10.287,10.97,10.828,10.675,11.548,11.503,11.591,13.433,13.86,12.968,13.362,13.269,11.463,13.487,12.719,13.269,12.318,11.171,11.963,12.41,28.629,12.645,13.457,14.201,11.347,12.148,13.284,11.879,9.512,10.158,9.597,10.22,8.618,9.466,10.059,9.844,9.937,9.642,9.861,10.255,9.959,9.835,9.638,11.801,11.886,9.489,9.574,9.927,10.023,10.042,10.061,10.135,10.761,10.908,10.002,9.963,10.712,11.877,11.162,11.252,11.581,11.642,11.066,10.877,11.145,11.778,11.06,10.773,11.762,10.677,11.298,11.42,11.885,11.25,10.938,11.646,11.535,10.524,10.824,11.247,10.36,10.367,10.92,10.938,10.733,11.501,9.562,9.158,8.524,10.206,8.534,8.951,9.448,10.224,10.272,7.857,6.325,7.09,7.638,8.654,7.506,7.509,10.231,9.336,9.728,9.941,10.256,7.849,9.259,8.741,9.321,10.337,13.783,12.448,11.832,11.889,12.311,11.44,11.601,11.428,11.364,11.335,11.889,12.659,12.396,12.396,12.448,12.604,12.688,12.051,13.361,12.783,13.799,14.206,12.359,12.805,14.265,13.978,14.003,14.481,13.399,16.295,15.935,17.181,10.481,15.467,14.482,17.779,17.141,15.935,14.151,16.781,15.424,15.293,15.754,15.386,15.473,15.767,11.685,10.716,11.221,9.992,9.83,10.632,9.992,14.091,13.941,17.468,24.891,11.768,9.992,19.06,11.438,9.992,11.726,11.438,11.487,14.491,12.249,11.726,22.747,11.817,14.41,13.102,14.82,10.164,9.58,19.376,9.58,13.445,11.989,9.723,5.723,6.226,9.142,12.757,8.378,8.698,8.931,14.925,14.93,13.949,12.979,13.229,13.272,14.39,13.206,14.206,17.671,16.985,15.935,15.007,17.337,18.593,15.247,15.6,13.064,9.58,19.667,9.58,23.255,9.58,23.149,24.16,0.0,28.633,13.222,32.084,60.432,57.566,68.857,44.599,36.931,33.87,33.716,9.58,116.753
P068,28.724,29.455,29.404,28.707,28.974,28.637,29.319,29.177,29.024,29.897,29.853,29.94,32.69,33.236,32.225,32.738,32.645,30.721,32.862,32.095,32.645,30.668,29.52,31.221,31.668,46.978,31.903,32.833,33.577,30.604,31.406,32.66,31.137,27.861,28.507,27.946,28.57,26.967,27.815,28.409,28.193,28.286,27.991,28.21,28.604,28.308,28.184,27.987,30.15,30.235,27.838,27.923,28.276,28.372,28.391,28.41,28.484,29.11,29.257,28.351,28.312,29.061,30.019,29.511,29.601,30.839,29.583,29.987,29.227,29.494,30.699,29.409,29.123,30.683,29.026,30.356,29.769,30.806,30.171,29.804,29.587,30.032,28.874,29.173,29.596,28.709,28.716,29.269,29.804,29.082,29.642,27.911,27.507,26.873,28.555,26.883,27.3,27.797,28.573,28.621,26.206,24.674,25.439,25.987,27.003,25.855,25.858,28.58,27.685,28.077,28.29,28.605,26.198,27.608,27.09,27.67,28.686,32.133,30.797,30.182,30.238,30.66,29.789,29.95,29.777,29.713,29.684,30.238,31.008,30.745,30.745,30.797,30.953,31.037,30.4,31.71,31.132,33.056,32.555,30.708,31.154,32.615,32.328,32.352,32.83,32.657,34.644,34.285,35.53,28.83,33.816,32.831,36.128,35.49,34.285,32.5,35.13,33.773,33.642,34.103,33.736,33.822,34.116,30.034,29.065,29.57,28.341,28.179,28.981,28.341,33.467,33.317,36.844,43.24,31.025,28.341,35.44,30.359,28.341,30.646,30.359,29.769,26.215,31.17,30.646,42.123,30.738,26.785,28.048,25.887,28.513,27.93,37.725,27.93,29.797,28.737,28.072,24.072,24.576,20.374,23.989,26.727,27.047,27.28,33.274,33.279,32.298,31.328,31.578,31.622,32.739,32.463,32.555,36.02,35.334,34.285,33.356,35.686,36.942,33.596,33.949,31.413,27.93,30.9,27.93,34.487,27.93,56.342,57.353,28.605,0.0,19.827,50.433,66.797,75.916,75.085,55.831,48.163,45.102,52.065,27.93,135.102
P069,13.314,14.044,13.994,13.296,13.563,13.226,13.908,13.766,13.614,14.486,14.442,14.53,17.28,17.825,16.815,17.327,17.234,15.31,17.452,16.684,17.234,15.257,14.109,15.81,16.257,31.567,16.492,17.422,18.166,15.194,15.995,17.249,15.726,12.45,13.096,12.535,13.159,11.556,12.405,12.998,12.782,12.875,12.581,12.799,13.193,12.897,12.773,12.576,14.739,14.824,12.427,12.512,12.865,12.961,12.98,12.999,13.073,13.699,13.846,12.941,12.901,13.65,14.608,14.1,14.19,15.428,14.173,14.576,13.816,14.083,15.288,13.998,13.712,15.272,13.616,14.945,14.358,15.395,14.76,14.393,14.176,14.621,13.463,13.763,14.185,13.299,13.306,13.858,14.393,13.672,14.232,12.501,12.096,11.463,13.145,11.473,11.889,12.386,13.162,13.21,10.796,9.264,10.028,10.576,11.592,10.444,10.448,13.169,12.275,12.666,12.88,13.194,10.787,12.198,11.679,12.259,13.276,16.722,15.386,14.771,14.827,15.249,14.379,14.539,14.366,14.303,14.273,14.827,15.598,15.334,15.334,15.386,15.542,15.627,14.989,16.299,15.721,17.646,17.144,15.297,15.744,17.204,16.917,16.941,17.419,17.246,19.234,18.874,20.119,13.419,18.405,17.42,20.717,20.079,18.874,17.09,19.72,18.362,18.232,18.693,18.325,18.411,18.705,14.623,13.654,14.159,12.93,12.769,13.571,12.93,18.056,17.907,21.433,27.829,15.614,12.93,20.029,14.948,12.93,15.236,14.948,14.358,10.804,15.759,15.236,26.712,15.327,11.374,12.637,10.476,13.103,12.519,22.314,12.519,14.387,13.326,12.661,8.662,9.165,4.964,8.579,11.317,11.637,11.87,17.864,17.868,16.887,15.917,16.167,16.211,17.329,17.052,17.144,20.61,19.923,18.874,17.945,20.275,21.531,18.185,18.538,16.003,12.519,15.489,12.519,19.076,12.519,40.931,41.942,13.194,19.827,0.0,35.022,51.386,60.505,59.674,40.421,32.753,29.692,36.654,12.519,119.692
P070,36.7,36.479,36.042,36.402,36.486,37.196,36.425,36.95,36.436,35.942,35.926,35.985,30.9,30.509,35.975,30.578,30.485,35.812,30.499,34.87,30.485,35.085,36.017,35.566,35.418,25.552,35.653,35.608,30.085,35.993,35.156,30.5,35.482,38.058,37.534,37.59,37.608,38.843,38.157,37.111,37.115,36.972,37.866,37.595,36.654,36.95,37.074,37.271,36.935,37.02,38.139,38.224,37.198,36.886,36.867,36.848,36.831,36.442,36.487,36.907,37.825,36.814,37.538,36.188,36.391,35.929,37.303,36.727,36.532,36.284,36.444,36.199,36.683,36.428,36.799,36.593,36.099,37.192,36.911,37.04,37.307,37.551,38.387,37.309,37.732,38.184,38.191,37.404,37.04,37.218,37.161,37.889,39.426,38.851,37.306,38.86,38.544,38.013,37.56,37.313,39.183,40.638,39.919,39.326,38.922,39.534,39.454,38.625,38.018,37.721,37.862,38.306,39.305,38.693,40.423,37.725,36.861,35.438,34.509,35.501,35.067,34.686,35.516,35.428,35.528,35.591,35.621,35.067,34.924,34.56,34.56,34.509,34.487,34.953,34.905,35.626,34.437,33.605,34.534,34.188,34.292,32.748,33.243,34.332,34.81,33.811,37.95,37.59,38.835,36.428,37.122,36.137,39.433,38.795,37.59,35.806,38.436,37.079,37.559,38.02,37.652,37.738,38.032,36.079,36.396,37.011,36.986,37.406,36.313,36.986,30.209,30.059,28.315,22.537,35.752,36.986,32.719,36.228,36.986,36.392,36.228,37.288,40.152,37.367,36.392,31.95,37.124,40.071,38.763,40.48,38.026,38.386,41.03,38.386,39.106,37.65,38.147,42.141,40.784,46.364,42.377,40.271,39.976,39.743,37.191,37.195,36.214,35.244,34.716,34.759,34.719,34.228,34.534,39.326,38.64,37.59,36.661,38.992,40.248,36.902,37.865,35.33,38.386,46.862,38.386,38.322,38.386,60.258,61.269,46.94,65.317,49.906,0.0,28.348,24.528,36.773,31.078,26.988,27.692,53.025,38.386,84.669
P071,50.104,49.883,49.446,49.806,49.89,50.6,49.83,50.354,49.84,49.346,49.33,49.389,44.304,43.913,49.38,43.983,43.89,49.216,43.903,48.274,43.89,48.489,49.422,48.97,48.822,38.956,49.057,49.012,43.489,49.397,48.56,43.904,48.886,51.462,50.938,50.994,51.012,52.247,51.561,50.515,50.52,50.376,51.27,50.999,50.058,50.354,50.478,50.675,50.34,50.425,51.543,51.628,50.602,50.29,50.271,50.252,50.235,49.846,49.891,50.311,51.229,50.218,50.942,49.592,49.795,49.333,50.707,50.131,49.936,49.688,49.848,49.603,50.087,49.833,50.203,49.997,49.503,50.596,50.315,50.444,50.711,50.955,51.791,50.713,51.136,51.588,51.595,50.809,50.444,50.622,50.566,51.293,52.83,52.255,50.71,52.264,51.948,51.418,50.964,50.717,52.587,54.042,53.323,52.73,52.326,52.938,52.858,52.029,51.422,51.125,51.266,51.71,52.709,52.097,53.827,51.129,50.265,48.842,47.913,48.905,48.471,48.09,48.92,48.832,48.932,48.995,49.025,48.471,48.328,47.965,47.965,47.913,47.891,48.358,48.309,49.03,47.841,47.009,47.938,47.593,47.697,46.153,46.647,47.736,48.214,47.215,51.354,50.994,52.239,49.832,50.526,49.541,52.838,52.2,50.994,49.21,51.84,50.483,50.963,51.424,51.056,51.142,51.436,49.483,49.8,50.416,50.39,50.81,49.717,50.39,43.613,43.463,41.72,35.941,49.156,50.39,46.123,49.632,50.39,49.796,49.632,50.692,53.556,50.771,49.796,45.354,50.528,53.475,52.167,53.885,51.431,51.79,54.434,51.79,52.51,51.054,51.551,55.545,54.189,59.768,55.782,53.676,53.38,53.147,50.595,50.599,49.618,48.648,48.12,48.163,48.123,47.632,47.938,52.73,52.044,50.994,50.065,52.396,53.652,50.306,51.269,48.734,51.79,35.897,51.79,32.717,51.79,73.662,74.673,60.344,78.721,63.31,37.934,0.0,32.493,12.237,25.473,21.382,22.087,66.484,51.79,72.319
P072,47.022,46.801,46.364,46.725,46.809,47.518,46.748,47.272,46.758,46.265,46.248,46.308,41.222,40.832,46.298,40.901,40.808,46.134,40.822,45.192,40.808,45.407,46.34,45.888,45.74,35.875,45.975,45.93,40.407,46.316,45.478,40.822,45.805,48.38,47.857,47.912,47.93,49.166,48.479,47.434,47.438,47.294,48.188,47.918,46.976,47.272,47.397,47.593,47.258,47.343,48.461,48.546,47.521,47.209,47.19,47.17,47.153,46.764,46.81,47.229,48.147,47.136,47.86,46.51,46.713,46.251,47.625,47.049,46.854,46.607,46.767,46.521,47.005,46.751,47.122,46.915,46.421,47.514,47.233,47.362,47.629,47.874,48.709,47.632,48.054,48.506,48.513,47.727,47.362,47.541,47.484,48.211,49.748,49.173,47.628,49.183,48.866,48.336,47.882,47.635,49.506,50.96,50.241,49.648,49.245,49.857,49.776,48.947,48.341,48.043,48.184,48.629,49.628,49.016,50.745,48.047,47.183,45.76,44.831,45.823,45.39,45.008,45.838,45.751,45.85,45.914,45.943,45.39,45.247,44.883,44.883,44.831,44.81,45.276,45.227,45.948,44.76,43.927,44.857,44.511,44.615,43.071,43.565,44.654,45.132,44.133,48.272,47.912,49.158,46.75,47.444,46.459,49.756,49.118,47.912,46.128,48.758,47.401,47.881,48.342,47.974,48.06,48.354,46.401,46.719,47.334,47.308,47.728,46.635,47.308,40.531,40.382,38.638,32.859,46.075,47.308,43.042,46.55,47.308,46.714,46.55,47.61,50.474,47.69,46.714,42.272,47.446,50.393,49.085,50.803,48.349,48.709,51.353,48.709,49.428,47.972,48.469,52.463,51.107,56.686,52.7,50.594,50.298,50.065,47.513,47.517,46.536,45.566,45.038,45.082,45.041,44.55,44.857,49.648,48.962,47.912,46.984,49.314,50.57,47.224,48.187,45.652,48.709,57.184,48.709,44.541,48.709,70.58,71.591,57.263,75.639,60.228,34.703,32.574,0.0,42.993,37.297,33.207,33.912,46.672,48.709,88.895
P073,58.642,58.421,57.984,58.344,58.428,59.138,58.367,58.892,58.378,57.884,57.868,57.927,52.842,52.451,57.917,52.52,52.428,57.754,52.441,56.812,52.428,57.027,57.959,57.508,57.36,47.494,57.595,57.55,52.027,57.935,57.098,52.442,57.424,60.0,59.476,59.532,59.55,60.785,60.099,59.053,59.057,58.914,59.808,59.537,58.596,58.892,59.016,59.213,58.877,58.962,60.081,60.166,59.14,58.828,58.809,58.79,58.773,58.384,58.429,58.849,59.767,58.756,59.48,58.13,58.333,57.871,59.245,58.669,58.474,58.226,58.386,58.141,58.625,58.37,58.741,58.535,58.041,59.134,58.853,58.982,59.249,59.493,60.329,59.251,59.674,60.126,60.133,59.346,58.982,59.16,59.103,59.831,61.368,60.793,59.248,60.802,60.486,59.955,59.502,59.255,61.125,62.58,61.861,61.268,60.864,61.476,61.396,60.567,59.96,59.663,59.804,60.248,61.247,60.635,62.365,59.667,58.803,57.38,56.451,57.443,57.009,56.628,57.458,57.37,57.47,57.533,57.563,57.009,56.866,56.503,56.503,56.451,56.429,56.895,56.847,57.568,56.379,55.547,56.476,56.13,56.234,54.691,55.185,56.274,56.752,55.753,59.892,59.532,60.777,58.37,59.064,58.079,61.375,60.737,59.532,57.748,60.378,59.021,59.501,59.962,59.594,59.68,59.974,58.021,58.338,58.953,58.928,59.348,58.255,58.928,52.151,52.001,50.257,44.479,57.694,58.928,54.661,58.17,58.928,58.334,58.17,59.23,50.87,59.309,58.334,53.892,59.066,51.44,52.703,50.542,59.968,60.328,62.972,60.328,54.453,53.392,60.089,64.083,62.727,55.057,51.07,62.214,61.918,61.685,59.133,59.137,58.156,57.186,56.658,56.701,56.661,56.17,56.476,61.268,60.582,59.532,58.603,60.934,62.19,58.844,59.807,57.272,60.328,44.16,60.328,40.979,60.328,82.2,83.211,68.882,75.06,59.649,46.472,12.237,43.083,0.0,21.393,29.645,30.35,74.967,60.328,82.937
P074,37.673,36.477,36.422,36.518,35.992,36.21,36.769,35.965,36.042,36.915,36.605,36.958,38.117,38.663,37.652,38.165,38.072,36.148,38.289,37.522,38.072,37.346,36.093,36.647,37.095,41.824,37.33,38.26,39.004,36.031,36.833,38.087,36.564,37.072,37.864,38.032,37.938,37.858,36.704,37.724,37.509,37.602,36.881,36.61,37.627,37.624,37.499,37.303,37.279,37.364,37.153,37.239,37.592,37.688,37.706,37.726,37.804,37.415,36.831,37.667,36.076,35.828,35.446,36.263,35.85,36.266,35.01,35.414,35.991,35.936,36.126,36.021,35.697,36.11,35.814,35.783,36.521,36.233,35.598,35.231,35.014,35.459,36.638,35.568,35.78,36.435,36.442,35.473,35.231,35.659,35.069,36.14,37.118,37.102,36.32,37.112,37.091,36.561,36.575,35.946,37.434,40.13,39.411,38.818,37.937,37.785,38.946,41.561,39.063,37.949,38.585,39.029,38.797,39.416,41.357,38.375,39.088,41.122,40.193,39.895,40.751,40.37,39.502,39.663,39.49,39.426,39.397,40.751,40.608,40.244,40.244,40.193,40.171,40.637,40.588,41.309,40.121,38.483,40.218,37.934,38.381,39.12,38.733,40.015,40.493,38.084,43.633,43.274,44.519,37.401,42.805,41.82,45.117,44.479,43.274,41.489,44.12,42.762,43.242,43.703,43.335,43.421,43.715,37.052,37.369,37.984,38.636,37.495,37.286,38.636,38.894,38.744,44.587,38.809,36.452,38.636,40.867,35.785,38.636,36.073,35.785,35.196,31.642,36.596,36.073,48.221,36.165,32.212,33.475,31.313,36.278,36.637,46.714,36.637,35.224,34.164,36.398,40.039,40.276,35.828,31.842,40.994,41.314,41.547,42.874,42.878,41.897,39.327,38.805,38.848,40.403,37.89,40.218,45.01,44.323,43.274,42.345,44.675,45.931,42.585,43.548,39.128,36.637,24.932,36.637,21.751,36.637,65.941,66.953,44.572,55.831,40.421,40.802,25.473,37.413,21.418,0.0,5.238,11.121,61.054,36.637,94.085
P075,30.005,28.809,28.755,28.85,28.324,28.542,29.101,28.297,28.375,29.247,28.936,29.29,30.449,30.994,29.984,30.497,30.404,28.48,30.621,29.854,30.404,29.678,28.425,28.979,29.427,37.733,29.662,30.592,31.336,28.363,29.165,30.419,28.896,29.404,30.196,30.364,30.27,30.19,29.036,30.056,29.841,29.933,29.213,28.942,29.959,29.956,29.831,29.635,29.611,29.696,29.485,29.57,29.924,30.02,30.038,30.058,30.136,29.747,29.163,29.999,28.408,28.16,27.778,28.595,28.182,28.598,27.342,27.746,28.323,28.268,28.458,28.353,28.029,28.442,28.146,28.115,28.853,28.564,27.93,27.563,27.346,27.791,28.97,27.9,28.112,28.767,28.774,27.805,27.563,27.991,27.401,28.472,29.45,29.434,28.652,29.444,29.423,28.893,28.907,28.278,29.766,32.462,31.743,31.15,30.269,30.117,31.278,33.893,31.395,30.281,30.917,31.361,31.129,31.748,33.689,30.707,31.42,33.454,32.525,32.227,33.083,32.702,31.834,31.995,31.822,31.758,31.729,33.083,32.94,32.576,32.576,32.525,32.503,32.969,32.92,33.641,32.453,30.815,32.55,30.266,30.713,31.452,31.065,32.347,32.825,30.416,35.965,35.606,36.851,29.733,35.137,34.152,37.449,36.811,35.606,33.821,36.452,35.094,35.574,36.035,35.667,35.753,36.047,29.384,29.701,30.316,30.967,29.827,29.618,30.967,31.226,31.076,34.603,34.718,28.784,30.967,33.199,28.117,30.967,28.405,28.117,27.528,23.974,28.928,28.405,39.882,28.497,24.544,25.807,23.645,28.61,28.969,39.046,28.969,27.556,26.496,28.73,32.371,32.608,28.16,24.174,33.326,33.646,33.88,35.206,35.21,34.229,31.659,31.137,31.18,32.735,30.222,32.55,37.342,36.655,35.606,34.677,37.007,38.263,34.917,35.88,31.46,28.969,17.264,28.969,14.083,28.969,58.273,59.285,36.904,48.163,32.753,36.711,21.382,33.322,29.67,5.238,0.0,3.453,53.386,28.969,89.994
P076,26.944,25.748,25.693,25.789,25.263,25.481,26.04,25.236,25.313,26.186,25.875,26.229,27.388,27.933,26.923,27.436,27.343,25.419,27.56,26.793,27.343,26.617,25.364,25.918,26.366,38.438,26.601,27.531,28.275,25.302,26.104,27.357,25.835,26.343,27.135,27.303,27.209,27.129,25.975,26.995,26.78,26.872,26.152,25.881,26.898,26.895,26.77,26.573,26.55,26.635,26.424,26.509,26.863,26.959,26.977,26.997,27.075,26.686,26.102,26.938,25.347,25.099,24.717,25.534,25.121,25.537,24.281,24.685,25.262,25.207,25.397,25.292,24.968,25.381,25.085,25.054,25.792,25.503,24.869,24.502,24.285,24.73,25.909,24.839,25.051,25.706,25.713,24.744,24.502,24.93,24.34,25.411,26.389,26.373,25.591,26.383,26.362,25.832,25.846,25.217,26.705,29.401,28.682,28.089,27.208,27.056,28.217,30.832,28.334,27.22,27.856,28.3,28.068,28.687,30.628,27.646,28.359,30.393,29.463,29.166,30.022,29.641,28.773,28.934,28.761,28.697,28.668,30.022,29.879,29.515,29.515,29.463,29.442,29.908,29.859,30.58,29.392,27.754,29.489,27.205,27.652,28.391,28.004,29.286,29.764,27.355,32.904,32.545,33.79,26.672,32.076,31.091,34.388,33.75,32.545,30.76,33.391,32.033,32.513,32.974,32.606,32.692,32.986,26.323,26.64,27.255,27.906,26.766,26.557,27.906,28.165,28.015,31.542,35.423,25.723,27.906,30.138,25.056,27.906,25.344,25.056,24.467,20.913,25.867,25.344,36.821,25.436,21.483,22.746,20.584,25.549,25.908,35.985,25.908,24.495,23.434,25.669,29.31,29.547,25.099,21.113,30.265,30.585,30.819,32.145,32.149,31.168,28.598,28.076,28.119,29.674,27.161,29.489,34.281,33.594,32.545,31.616,33.946,35.202,31.856,32.819,28.399,25.908,14.203,25.908,11.022,25.908,55.212,56.224,33.843,45.102,29.692,37.416,22.087,34.027,30.374,11.121,3.453,0.0,50.325,25.908,90.699
P077,25.9,25.679,25.242,25.603,25.686,26.396,25.626,26.15,25.636,25.142,25.126,25.186,25.641,25.21,25.176,24.712,24.62,25.012,24.837,24.07,24.62,24.285,25.218,24.766,24.618,37.093,24.853,24.808,25.552,25.194,24.356,24.634,24.683,25.549,24.961,24.4,25.024,25.533,27.357,25.069,25.037,25.13,27.066,26.796,25.854,25.152,25.028,25.129,26.136,26.221,25.302,25.193,25.12,25.216,25.235,25.255,26.031,25.642,25.688,25.196,27.025,26.014,26.738,25.388,25.591,25.129,26.503,25.927,25.732,25.485,25.644,25.399,25.883,25.629,26.0,25.793,25.299,26.392,26.111,26.24,26.507,26.752,27.587,26.509,26.932,27.384,27.391,26.605,26.24,26.418,26.362,27.089,26.239,26.222,26.506,26.232,26.032,27.214,26.76,26.513,26.555,27.448,26.729,26.136,25.735,26.906,26.264,25.435,24.828,24.531,24.672,25.116,26.115,25.503,27.233,24.535,23.67,19.983,21.319,22.311,21.877,21.496,22.326,22.238,22.338,22.401,22.431,21.877,21.734,21.37,21.37,21.319,21.297,21.763,21.715,22.436,20.984,22.805,22.67,23.389,23.492,22.73,22.443,22.468,22.946,23.011,17.471,18.304,17.45,25.628,18.299,19.285,15.937,17.41,18.304,19.67,16.934,18.664,23.089,22.108,23.182,23.268,22.248,25.279,25.597,23.994,23.796,25.264,25.513,23.796,25.442,25.292,28.819,33.355,24.952,23.796,30.528,25.428,23.796,25.592,25.428,26.488,29.352,26.567,25.592,34.097,26.324,29.271,27.963,29.681,27.227,27.586,14.508,27.586,28.306,26.85,27.347,28.951,27.594,32.636,31.578,27.081,26.786,26.553,21.82,21.824,21.253,22.054,22.781,22.488,22.855,23.428,22.67,16.044,17.255,18.304,20.073,17.607,16.584,18.52,21.439,22.14,27.586,36.062,27.586,39.649,27.586,42.425,43.436,33.75,52.127,36.716,40.549,66.569,46.672,74.991,60.994,53.326,50.265,0.0,27.586,122.89
P078,2.743,1.907,1.985,1.949,1.555,1.641,2.199,1.758,1.605,2.478,2.433,2.056,4.362,4.79,3.897,4.292,4.199,2.393,4.417,3.649,4.199,3.248,2.1,2.893,3.34,19.728,3.575,4.387,5.131,2.276,3.078,4.213,2.809,1.879,2.566,2.466,2.64,1.258,0.132,2.427,2.211,2.304,2.009,2.04,2.622,2.326,2.202,2.005,2.709,2.794,1.856,1.941,2.294,2.39,2.409,2.428,2.502,2.977,2.261,2.369,0.898,1.642,2.807,2.092,2.182,2.511,2.572,1.996,1.807,2.075,2.708,1.99,1.703,2.692,1.607,2.228,2.349,2.815,2.18,1.868,2.576,1.733,1.46,1.399,1.508,1.295,1.302,1.201,1.868,1.308,1.521,0.497,0.997,0.98,1.141,0.99,0.806,1.337,0.746,1.455,1.313,3.273,2.554,1.961,0.927,1.664,2.089,6.239,2.205,2.597,2.81,3.255,1.94,3.642,4.503,2.19,3.206,6.652,5.317,4.702,4.758,5.18,4.309,4.47,4.297,4.234,4.204,4.758,5.528,5.265,5.265,5.317,5.473,5.557,4.92,6.23,5.652,4.729,6.463,3.711,4.157,5.365,4.978,6.261,6.739,4.329,9.164,8.805,10.05,2.963,8.336,7.351,10.648,10.01,8.805,7.02,9.65,8.293,8.162,8.623,8.256,8.342,8.636,2.615,2.932,3.547,2.861,2.197,2.849,2.861,5.021,4.871,8.398,15.99,2.697,2.861,9.989,2.368,2.861,2.656,2.368,2.417,5.421,3.179,2.656,13.677,2.747,5.34,4.032,5.75,1.099,0.0,12.245,0.0,4.375,2.919,0.658,4.776,3.419,8.461,7.647,4.14,4.46,4.694,7.795,7.799,6.818,5.104,4.581,4.624,6.648,4.135,6.463,10.54,9.854,8.805,7.876,10.206,11.462,8.116,8.469,4.904,0.0,12.131,0.0,15.718,0.0,30.862,31.873,9.575,27.952,12.541,23.184,51.532,48.666,59.957,37.063,29.395,26.334,26.585,0.0,107.853
P079,106.425,106.204,105.767,106.128,106.211,106.921,106.151,106.675,106.161,105.668,105.651,105.71,100.625,100.235,105.701,100.304,100.211,105.537,100.225,104.595,100.211,104.81,105.743,105.291,105.144,95.278,105.378,105.333,99.81,105.719,104.881,100.225,105.208,107.783,107.26,107.315,107.333,108.569,107.882,106.836,106.841,106.697,107.591,107.321,106.379,106.675,106.799,106.996,106.661,106.746,107.864,107.949,106.924,106.611,106.592,106.573,106.556,106.167,106.213,106.632,107.55,106.539,107.263,105.913,106.116,105.654,107.028,106.452,106.257,106.01,106.169,105.924,106.408,106.154,106.525,106.318,105.824,106.917,106.636,106.765,107.032,107.276,108.112,107.034,107.457,107.909,107.916,107.13,106.765,106.944,106.887,107.614,109.151,108.576,107.031,108.586,108.269,107.739,107.285,107.038,108.909,110.363,109.644,109.051,108.647,109.26,109.179,108.35,107.744,107.446,107.587,108.032,109.031,108.418,110.148,107.45,106.586,105.163,104.234,105.226,104.793,104.411,105.241,105.153,105.254,105.317,105.346,104.793,104.65,104.286,104.286,104.234,104.213,104.679,104.63,105.351,104.162,103.33,104.26,103.914,104.018,102.474,102.968,104.057,104.535,103.536,107.675,107.315,108.561,106.153,106.847,105.862,109.159,108.521,107.315,105.531,108.161,106.804,107.284,107.745,107.377,107.463,107.757,105.804,106.122,106.737,106.711,107.131,106.038,106.711,99.934,99.784,98.041,92.262,105.477,106.711,102.445,105.953,106.711,106.117,105.953,107.013,109.877,107.092,106.117,101.675,106.849,109.796,108.488,110.206,107.752,108.112,110.756,108.112,108.831,107.375,107.872,111.866,110.51,116.089,112.103,109.997,109.701,109.468,106.916,106.92,105.939,104.969,104.441,104.485,104.445,103.953,104.26,109.051,108.365,107.315,106.386,108.717,109.973,106.627,107.59,105.055,108.112,108.033,108.112,104.852,108.112,129.983,130.994,116.666,135.042,119.631,94.255,72.319,88.814,82.937,97.608,93.517,94.222,122.805,108.112,0.0
